episode,reward,total_env_steps,ep_steps,avg_time_ms,goal_x,goal_y
1,-1595.97,727,727,0.975,-3.5955,-4.2809
2,-72.0,728,1,0.5803,-4.1168,-4.0518
3,-72.0,729,1,0.5299,-2.1879,-4.2522
4,-72.0,730,1,0.5828,-2.9073,-4.1952
5,-72.0,731,1,0.9069,-3.0689,-3.0856
6,-72.0,732,1,0.5509,-4.0562,-3.6529
7,-396.6,875,143,0.7191,-2.9136,-3.6418
8,-72.0,876,1,1.5363,-3.3639,-2.9914
9,-72.0,877,1,0.4342,-3.4772,-2.9956
10,-72.0,878,1,0.5666,-3.1703,-4.0319
11,-72.0,879,1,1.4132,-3.1386,-3.2754
12,-72.0,880,1,0.5693,-3.2396,-2.6243
13,-355.37,1011,131,0.8516,-3.5062,-3.0381
14,-72.0,1012,1,1.0934,-4.258,-2.1317
15,-72.0,1013,1,1.4797,-2.6952,-4.0778
16,-72.0,1014,1,0.8936,-4.2971,-4.4605
17,-72.0,1015,1,1.0349,-2.2065,-2.3725
18,-72.0,1016,1,1.2122,-3.9706,-4.275
19,-549.69,1309,293,0.9587,-3.0439,-2.0162
20,-72.0,1310,1,1.4454,-2.3755,-2.9654
21,-72.0,1311,1,1.143,-2.0549,-3.3128
22,-72.0,1312,1,1.0028,-2.994,-2.3578
23,-72.0,1313,1,0.8421,-3.5528,-3.0312
24,-72.0,1314,1,1.2172,-4.3593,-2.3659
25,-153.66,1385,71,0.8558,-3.0426,-3.037
26,-72.0,1386,1,1.1428,-2.0752,-4.0677
27,-72.0,1387,1,1.2374,-3.7724,-2.296
28,-72.0,1388,1,0.7758,-4.0626,-2.588
29,-72.0,1389,1,0.832,-2.5326,-3.4175
30,-72.0,1390,1,0.5516,-3.8884,-4.472
31,-159.17,1455,65,0.9655,-2.9555,-4.4875
32,-72.0,1456,1,1.567,-2.6966,-2.5974
33,-72.0,1457,1,1.0696,-3.2042,-4.2502
34,-72.0,1458,1,0.5938,-2.1396,-3.8126
35,-72.0,1459,1,1.0081,-2.1893,-2.446
36,-72.0,1460,1,0.9329,-4.2285,-4.1162
37,-125.76,1516,56,0.7918,-2.8289,-3.0984
38,-72.0,1517,1,0.4927,-2.3724,-3.4216
39,-72.0,1518,1,1.0937,-2.5787,-2.9306
40,-72.0,1519,1,1.4605,-2.8488,-3.4237
41,-72.0,1520,1,0.7275,-3.8735,-3.3681
42,-72.0,1521,1,1.0912,-2.5804,-3.8303
43,-316.08,1775,254,1.0712,-3.3766,-4.2163
44,-72.0,1776,1,1.2496,-3.1991,-2.5049
45,-72.0,1777,1,1.1425,-2.3124,-4.0914
46,-72.0,1778,1,1.0796,-3.4709,-4.0307
47,-72.0,1779,1,1.1262,-2.7502,-3.6954
48,-72.0,1780,1,3.1535,-3.6442,-3.566
49,-115.08,1857,77,0.8468,-3.4079,-3.9782
50,-72.0,1858,1,1.2709,-2.278,-2.519
51,-192.34,1963,105,0.8402,-4.079,-3.3221
52,-72.0,1964,1,7.0414,-2.0129,-3.111
53,-72.0,1965,1,1.0531,-4.194,-2.8127
54,-72.0,1966,1,0.9903,-3.6697,-3.3791
55,-72.0,1967,1,0.993,-3.3612,-2.1745
56,-72.0,1968,1,1.1238,-2.2987,-4.1421
1,-175.34,148,148,1.0844,-2.2285,-2.7507
2,-72.0,149,1,0.5217,-3.2481,-4.1403
3,-72.0,150,1,0.9126,-2.3561,-3.343
4,-72.0,151,1,0.5087,-3.7902,-2.4078
5,-72.0,152,1,1.0702,-3.2646,-4.2104
6,-72.0,153,1,0.5239,-3.1172,-2.8647
7,-278.94,359,206,0.8659,-2.4634,-2.2436
8,-72.0,360,1,0.5315,-4.1827,-2.2567
9,-72.0,361,1,0.7405,-4.3204,-4.1555
10,-72.0,362,1,0.6233,-4.3994,-3.3759
11,-72.0,363,1,1.1209,-2.8414,-4.2204
12,-72.0,364,1,0.5755,-2.2637,-2.8843
1,-379.55,337,337,1.1673,-2.5651,-3.4028
2,-72.0,338,1,0.9993,-2.3535,-2.7566
3,-72.0,339,1,1.0945,-4.2646,-2.0609
4,-72.0,340,1,0.5683,-2.5972,-2.5348
5,-72.0,341,1,1.1285,-4.1797,-3.374
6,-72.0,342,1,1.1376,-3.573,-2.1831
7,-506.21,716,374,1.1196,-2.8903,-2.4431
8,-72.0,717,1,0.5246,-3.3915,-3.9319
9,-72.0,718,1,0.5411,-3.1135,-4.3405
10,-72.0,719,1,0.5707,-2.4309,-2.9208
11,-72.0,720,1,0.599,-2.6048,-3.6137
12,-72.0,721,1,0.5055,-2.0733,-2.2672
13,-279.99,1017,296,0.8939,-2.554,-4.0134
14,-72.0,1018,1,0.4956,-3.3332,-4.3905
15,-72.0,1019,1,1.1388,-4.1143,-2.7924
16,-72.0,1020,1,0.5972,-2.6381,-2.0812
17,-72.0,1021,1,0.4853,-3.6854,-3.5739
18,-72.0,1022,1,0.6347,-3.3261,-4.0263
19,-2251.58,5022,4000,0.994,-4.1752,-3.3107
20,-397.6,5542,520,0.9316,-3.9327,-2.8255
21,-72.0,5543,1,1.0841,-3.4071,-2.4183
22,-72.0,5544,1,0.6392,-2.7493,-3.7191
23,-72.0,5545,1,1.1385,-2.4194,-2.4881
24,-72.0,5546,1,1.0248,-3.5313,-3.7792
25,-72.0,5547,1,1.002,-2.7938,-4.1506
26,-1325.32,9547,4000,0.5464,-4.0002,-4.4816
27,-408.87,10214,667,0.4474,-2.5327,-2.8379
28,-72.0,10215,1,1.0761,-2.7371,-2.5482
29,-72.0,10216,1,1.0139,-3.3527,-3.0781
30,-72.0,10217,1,0.4913,-4.1505,-4.2137
31,-72.0,10218,1,0.6622,-2.829,-3.3223
32,-72.0,10219,1,0.8357,-3.0869,-2.5875
33,-379.63,10929,710,0.4281,-2.9132,-3.1161
34,-72.0,10930,1,0.9452,-3.102,-3.7401
35,-72.0,10931,1,0.8963,-4.423,-3.4082
36,-72.0,10932,1,0.7057,-3.9635,-3.4787
37,-72.0,10933,1,0.9129,-2.3665,-3.9152
38,-72.0,10934,1,0.8835,-4.3542,-3.7965
1,-5183.65,4000,4000,1.0498,-2.5651,-3.4028
1,-5031.41,4000,4000,0.9441,-2.5651,-3.4028
1,-1823.9,1457,1457,1.1492,-2.5651,-3.4028
2,-4882.82,5457,4000,0.9986,-2.3535,-2.7566
3,-4115.54,9457,4000,1.0933,-4.2646,-2.0609
1,-5094.5,4000,4000,1.1045,-2.5651,-3.4028
2,-1573.67,8000,4000,1.1001,-2.3535,-2.7566
1,-1782.73,4000,4000,0.9069,-2.5651,-3.4028
2,-1312.92,8000,4000,0.7014,-2.3535,-2.7566
3,-1413.93,12000,4000,0.7238,-4.2646,-2.0609
4,-1374.51,16000,4000,0.7644,-2.5972,-2.5348
5,-1358.84,20000,4000,0.7341,-4.1797,-3.374
6,-1485.6,24000,4000,0.7512,-3.573,-2.1831
7,-1443.43,28000,4000,0.7382,-2.8903,-2.4431
8,-1279.95,32000,4000,0.7471,-3.3915,-3.9319
9,-1303.58,36000,4000,0.7367,-3.1135,-4.3405
10,-1341.22,40000,4000,0.7839,-2.4309,-2.9208
11,-1301.54,44000,4000,0.7731,-2.6048,-3.6137
12,-1444.89,48000,4000,1.2142,-2.0733,-2.2672
13,-1141.24,52000,4000,0.8554,-2.554,-4.0134
14,-1277.31,56000,4000,0.8463,-3.3332,-4.3905
15,-1514.26,60000,4000,0.7544,-4.1143,-2.7924
16,-1491.9,64000,4000,0.7503,-2.6381,-2.0812
17,-1398.15,68000,4000,0.7466,-3.6854,-3.5739
18,-1406.25,72000,4000,0.7672,-3.3261,-4.0263
19,-1459.89,76000,4000,0.7653,-4.1752,-3.3107
20,-1425.65,80000,4000,0.7445,-3.9327,-2.8255
21,-1429.1,84000,4000,0.7724,-3.4071,-2.4183
22,-1351.61,88000,4000,0.7728,-2.7493,-3.7191
23,-1387.15,92000,4000,0.7784,-2.4194,-2.4881
24,-1382.01,96000,4000,0.7821,-3.5313,-3.7792
25,-1306.54,100000,4000,0.7492,-2.7938,-4.1506
26,-1504.74,104000,4000,0.7715,-4.0002,-4.4816
27,-1367.08,108000,4000,0.7722,-2.5327,-2.8379
28,-1399.17,112000,4000,0.7148,-2.7371,-2.5482
29,-1411.55,116000,4000,0.7556,-3.3527,-3.0781
30,-1450.83,120000,4000,0.7177,-4.1505,-4.2137
31,-1413.65,124000,4000,0.9185,-2.829,-3.3223
32,-1480.17,128000,4000,0.7355,-3.0869,-2.5875
33,-1393.45,132000,4000,0.9083,-2.9132,-3.1161
34,-1365.74,136000,4000,0.7654,-3.102,-3.7401
35,-1470.14,140000,4000,0.7537,-4.423,-3.4082
36,-1396.61,144000,4000,0.7667,-3.9635,-3.4787
37,-1353.81,148000,4000,1.0236,-2.3665,-3.9152
38,-1472.22,152000,4000,0.7459,-4.3542,-3.7965
1,-1723.75,4000,4000,0.9336,-2.5651,-3.4028
2,-1484.71,8000,4000,0.7878,-2.3535,-2.7566
3,-1405.76,12000,4000,0.8043,-4.2646,-2.0609
4,-2864.21,16000,4000,0.8012,-2.5972,-2.5348
1,-1650.23,4000,4000,0.917,-2.5651,-3.4028
2,-1287.01,8000,4000,0.7891,-2.3535,-2.7566
1,-980.33,2210,2210,1.0033,-2.5651,-3.4028
2,117.03,2320,110,0.7844,-2.3535,-2.7566
3,-2227.04,6320,4000,0.7933,-4.2646,-2.0609
4,-5163.55,10320,4000,0.788,-2.5972,-2.5348
5,-5373.1,14320,4000,0.788,-4.1797,-3.374
6,-5081.19,18320,4000,0.7878,-3.573,-2.1831
7,-4816.6,22320,4000,0.7866,-2.8903,-2.4431
8,-5038.81,26320,4000,0.7865,-3.3915,-3.9319
9,-3035.3,30320,4000,0.7823,-3.1135,-4.3405
10,-5772.44,34320,4000,0.7821,-2.4309,-2.9208
11,64.52,34658,338,0.7635,-2.6048,-3.6137
12,150.0,34659,1,1.0495,-2.0733,-2.2672
13,-625.57,36650,1991,0.7784,-2.554,-4.0134
14,-5615.55,40650,4000,0.776,-3.3332,-4.3905
15,-5461.75,44650,4000,0.7783,-4.1143,-2.7924
16,-176.17,45714,1064,0.775,-2.6381,-2.0812
17,-3435.84,49714,4000,0.7705,-3.6854,-3.5739
18,2.33,50274,560,0.797,-3.3261,-4.0263
19,-71.6,50915,641,0.7889,-4.1752,-3.3107
20,-4647.7,54915,4000,0.7769,-3.9327,-2.8255
21,-269.24,56102,1187,0.7903,-3.4071,-2.4183
22,-1691.29,60102,4000,0.7878,-2.7493,-3.7191
23,70.06,60503,401,0.7912,-2.4194,-2.4881
24,-18.45,61012,509,0.7816,-3.5313,-3.7792
25,-230.48,62184,1172,0.7799,-2.7938,-4.1506
26,-1911.71,66184,4000,0.7835,-4.0002,-4.4816
27,87.57,66498,314,0.782,-2.5327,-2.8379
28,120.26,66659,161,0.8047,-2.7371,-2.5482
29,35.56,67054,395,0.7983,-3.3527,-3.0781
30,-2155.05,71054,4000,0.7699,-4.1505,-4.2137
31,132.51,71161,107,0.7782,-2.829,-3.3223
32,131.72,71274,113,0.7906,-3.0869,-2.5875
33,116.46,71432,158,0.7822,-2.9132,-3.1161
34,104.86,71653,221,0.755,-3.102,-3.7401
35,-54.89,72126,473,0.7965,-4.423,-3.4082
36,-2029.88,76010,3884,0.783,-3.9635,-3.4787
37,8.48,76549,539,0.7771,-2.3665,-3.9152
38,-4935.79,80549,4000,0.7856,-4.3542,-3.7965
39,-3755.0,84549,4000,0.7868,-3.766,-2.8452
40,-0.14,85142,593,0.7873,-3.1074,-2.5403
41,97.28,85489,347,0.7834,-2.8392,-3.484
42,108.64,85692,203,0.8,-2.4649,-4.0826
43,-5630.56,89692,4000,0.7918,-4.4432,-4.2749
44,131.32,89814,122,0.7962,-2.6941,-3.3453
45,-4046.08,93814,4000,0.7786,-4.0968,-3.2474
46,-2340.82,97814,4000,0.7881,-4.1192,-2.7592
47,-2605.19,101814,4000,0.778,-3.3846,-3.5474
48,-751.22,104720,2906,0.7872,-3.7462,-2.9243
49,-5151.78,108720,4000,0.7893,-3.5955,-4.2809
50,-186.02,109640,920,0.7718,-4.205,-2.0953
51,134.68,109753,113,0.7731,-2.2285,-2.7507
52,-238.12,110355,602,0.7649,-3.8353,-2.0771
53,-41.59,111134,779,0.7735,-2.5531,-2.7078
54,5.93,111559,425,0.7702,-3.3766,-3.8194
55,-424.15,112647,1088,0.7725,-4.259,-2.2435
56,-3530.52,116647,4000,0.7859,-3.3606,-3.9941
57,-254.39,117390,743,0.7892,-3.7351,-3.052
58,-250.64,118172,782,0.7865,-4.0581,-2.3585
59,0.79,118534,362,0.7859,-2.6037,-2.7013
60,-4683.66,122534,4000,0.7728,-3.4198,-2.9317
61,-127.19,123118,584,0.7908,-3.0398,-2.8754
62,34.57,123330,212,0.803,-4.2889,-3.4605
63,8.85,123635,305,0.7802,-4.396,-3.265
64,132.44,123781,146,0.793,-3.6753,-4.1387
65,-3583.67,127781,4000,0.7867,-4.2415,-3.0309
66,-2318.29,131485,3704,0.7844,-4.0735,-2.1872
67,118.11,131637,152,0.7755,-3.0473,-3.6328
68,-569.09,133187,1550,0.7763,-3.0227,-4.443
69,100.8,133405,218,0.7923,-2.1036,-3.2942
70,-2311.3,137405,4000,0.7628,-2.5432,-4.2932
71,2.52,137806,401,0.7782,-3.2834,-3.2732
72,114.53,137982,176,0.7672,-2.1554,-3.0707
73,-4680.59,141982,4000,0.7699,-3.3163,-3.8326
74,-212.44,142680,698,0.7666,-3.6711,-3.1983
75,-2079.46,146680,4000,0.7667,-3.4027,-4.446
76,-1125.95,148890,2210,0.7712,-2.4343,-2.2596
77,-3297.86,152890,4000,0.7706,-4.1494,-3.1149
78,-627.34,154050,1160,0.7642,-4.2286,-2.8194
79,49.1,154289,239,0.7614,-3.7969,-2.8514
80,94.55,154429,140,0.7462,-2.6825,-2.5784
81,-2391.57,158429,4000,0.7674,-4.2306,-2.21
82,-4164.83,162429,4000,0.7671,-3.9245,-4.4065
83,-188.33,163052,623,0.7746,-3.1129,-3.5727
84,109.32,163165,113,0.7707,-2.4255,-2.4794
85,-1420.18,165690,2525,0.769,-3.7072,-2.1178
86,-59.82,166109,419,0.7772,-3.7727,-3.2124
87,-416.98,166861,752,0.7699,-3.8601,-2.1599
88,-3639.4,170861,4000,0.7706,-4.0885,-4.3877
89,-404.7,171514,653,0.7635,-3.4123,-2.0191
90,61.09,171678,164,0.7481,-2.2708,-2.6285
91,150.0,171679,1,1.056,-2.273,-2.2664
92,-2691.35,175679,4000,0.7657,-3.2029,-3.7102
93,29.65,176080,401,0.7674,-2.57,-2.8458
94,-152.56,176625,545,0.7725,-3.5659,-4.2638
95,-268.03,177410,785,0.7721,-2.633,-3.8438
96,75.47,177691,281,0.7893,-2.158,-3.8976
97,-2.19,178077,386,0.7755,-4.1931,-2.4222
98,-2990.74,182077,4000,0.7731,-4.1168,-4.0518
99,103.5,182190,113,0.7695,-3.0015,-2.3136
100,100.45,182372,182,0.7763,-4.0089,-3.7242
101,71.28,182746,374,0.7657,-2.5565,-2.0704
102,-4295.81,186746,4000,0.774,-3.2481,-4.1403
103,-3279.3,190746,4000,0.7763,-4.4652,-3.9259
104,-352.96,191771,1025,0.7691,-4.1704,-2.8059
105,-4260.62,195771,4000,0.7761,-4.1954,-3.2342
106,116.72,195863,92,0.7788,-2.7643,-3.0472
107,-3349.93,199863,4000,0.7758,-4.0006,-2.4897
108,131.33,199937,74,0.7672,-2.7115,-2.6525
109,-3183.89,203937,4000,0.7762,-4.1724,-4.1906
110,86.93,204188,251,0.7821,-2.1811,-3.5061
111,-508.42,205378,1190,0.7663,-3.7476,-3.2785
112,89.65,205581,203,0.7789,-2.8428,-2.1109
113,-1079.24,208055,2474,0.7718,-3.7839,-2.188
114,-2811.24,212055,4000,0.7769,-4.4379,-3.112
115,-5072.27,216055,4000,0.7704,-2.9151,-4.2353
116,-3238.07,220055,4000,0.7628,-4.1492,-3.4522
117,18.13,220336,281,0.7745,-2.0844,-3.0099
118,-743.95,221004,668,0.7629,-2.1674,-2.4891
119,16.92,221327,323,0.7693,-3.3315,-2.5381
120,-3259.98,225327,4000,0.7705,-4.4554,-4.2271
121,42.51,225473,146,0.7753,-2.4264,-2.508
122,89.33,225664,191,0.7632,-3.9184,-3.1731
123,-590.78,226659,995,0.7587,-2.985,-2.3307
124,-2521.78,230659,4000,0.7633,-2.9922,-3.4686
125,-5590.46,234659,4000,0.7571,-3.5645,-3.4353
126,-198.09,235111,452,0.7648,-2.8702,-2.3313
127,-1987.25,238197,3086,0.7702,-3.3653,-3.8804
128,-5232.19,242197,4000,0.7601,-3.9083,-2.635
129,-2941.62,246197,4000,0.7559,-2.4586,-4.2368
130,-3098.33,250197,4000,0.7667,-4.3336,-3.0139
131,-790.23,251516,1319,0.7757,-4.1346,-2.4383
132,-3064.9,255516,4000,0.7829,-3.7242,-4.1403
133,-3472.89,259516,4000,0.7831,-2.1976,-4.0862
134,-2568.72,263516,4000,0.7818,-3.7882,-4.116
135,-6717.45,267516,4000,0.7825,-4.2113,-4.4471
136,-2361.5,271516,4000,0.7804,-4.3615,-4.0634
137,-409.66,272394,878,0.7875,-4.3665,-3.0221
138,-120.91,272963,569,0.7849,-2.7982,-3.5159
139,-1128.55,274588,1625,0.7892,-3.705,-3.2387
140,150.0,274589,1,0.9317,-2.3125,-2.3722
141,-444.29,275689,1100,0.786,-4.3913,-4.0463
142,-4932.72,279689,4000,0.7913,-3.9081,-3.8765
143,89.56,279919,230,0.771,-3.0719,-3.4593
144,-337.25,280929,1010,0.7804,-4.3769,-3.566
145,-2826.61,284929,4000,0.7804,-3.1906,-4.2458
146,-6958.61,288929,4000,0.7855,-2.4164,-4.3701
147,-3058.48,292929,4000,0.7795,-2.1879,-4.2522
148,150.0,292930,1,1.1155,-2.3911,-2.2434
149,150.0,292931,1,1.1199,-2.0511,-2.4949
150,117.59,293023,92,0.7805,-2.5513,-2.8938
151,-5673.16,297023,4000,0.779,-2.5525,-4.1636
152,28.91,297319,296,0.7842,-3.1598,-3.2144
153,138.55,297426,107,0.7627,-2.3561,-3.343
154,-1046.12,299909,2483,0.7767,-3.5373,-2.9011
155,-2211.24,303909,4000,0.7918,-3.8338,-4.1506
156,1.02,304310,401,0.7622,-3.3053,-3.4578
157,-1913.94,308310,4000,0.7772,-3.9186,-3.5812
158,-242.77,309224,914,0.78,-3.584,-3.6813
159,-1539.92,311521,2297,0.7813,-3.5513,-2.7856
160,-4527.5,315521,4000,0.7809,-3.7578,-2.1279
161,124.29,315616,95,0.7756,-2.2091,-3.2977
162,36.0,315918,302,0.7818,-3.6791,-3.1614
163,-755.62,317894,1976,0.7797,-2.3786,-2.8685
164,-165.17,318769,875,0.7866,-2.489,-3.1682
165,-1690.13,322769,4000,0.7776,-2.9177,-3.7796
166,-141.98,323152,383,0.7872,-2.6628,-3.994
167,-2159.81,327152,4000,0.751,-2.763,-2.3482
168,-598.45,328519,1367,0.7632,-4.1697,-2.9641
169,-1817.26,332519,4000,0.7806,-4.2623,-2.6857
170,-4648.38,336519,4000,0.7728,-4.2888,-2.1602
171,-4510.36,340519,4000,0.7729,-4.1565,-2.1028
172,-463.74,341829,1310,0.7804,-2.4978,-3.0158
173,-1719.82,345829,4000,0.7531,-2.5434,-2.5122
174,-292.58,346668,839,0.7345,-2.1349,-3.8665
175,-1804.32,350668,4000,0.7583,-3.0248,-4.2624
176,-5392.06,354668,4000,0.7729,-2.9596,-4.0718
177,-84.29,355090,422,0.7745,-3.0876,-3.0689
178,100.74,355266,176,0.7821,-3.335,-3.1934
179,-1752.61,359266,4000,0.7939,-2.5902,-2.5019
180,6.98,359475,209,0.7832,-3.2696,-3.001
181,-377.27,360377,902,0.7907,-2.1719,-4.2007
182,-1744.99,364377,4000,0.7947,-4.2072,-4.2807
183,135.8,364472,95,0.7778,-2.8553,-3.4535
184,-3431.01,366769,2297,0.7918,-2.5642,-2.8219
185,-2122.3,370769,4000,0.7933,-3.6659,-2.2541
186,-27.69,371224,455,0.7987,-2.5937,-3.8237
187,-2526.19,375224,4000,0.7924,-3.5895,-3.7139
188,-5910.35,379224,4000,0.7931,-4.106,-4.1305
189,83.85,379424,200,0.7837,-2.1597,-3.4052
190,49.82,379678,254,0.7924,-3.5417,-2.6758
191,63.66,379920,242,0.8092,-3.1175,-2.1597
192,-12.06,380393,473,0.7887,-2.5492,-3.3016
193,-6503.43,384393,4000,0.7946,-3.5591,-2.0334
194,-1695.02,388393,4000,0.7964,-2.7056,-2.122
195,-234.08,389343,950,0.7867,-4.2038,-2.3737
196,-258.68,390221,878,0.7951,-2.9073,-4.1952
197,69.71,390481,260,0.8104,-3.0294,-2.7848
198,-38.53,391125,644,0.7897,-4.4692,-3.3642
199,-1506.7,395125,4000,0.7903,-2.4365,-3.7616
200,48.22,395490,365,0.8051,-3.3536,-3.3942
201,-237.4,396242,752,0.7962,-3.7452,-2.2039
202,-1720.37,400242,4000,0.7946,-2.5468,-4.2235
203,150.0,400243,1,1.0999,-2.0074,-2.302
204,-1110.57,402537,2294,0.7925,-3.7902,-2.4078
205,-1710.24,406537,4000,0.7975,-4.234,-2.0022
206,-47.48,407046,509,0.7918,-2.8358,-2.8747
207,-1787.07,411046,4000,0.7939,-4.2739,-2.2574
208,-310.42,411759,713,0.7922,-4.4275,-3.8979
209,-1815.19,415759,4000,0.7967,-4.1424,-2.5581
210,-1749.86,419759,4000,0.7928,-4.0045,-2.2234
211,-2589.95,423759,4000,0.7928,-2.8593,-4.4096
212,-5664.2,427759,4000,0.7718,-4.4864,-4.3709
213,-1047.84,430107,2348,0.7717,-2.9852,-2.4963
214,-1882.23,434107,4000,0.7711,-3.9036,-2.3765
215,-2209.99,438107,4000,0.7873,-4.3569,-2.4976
216,43.28,438358,251,0.8012,-2.1805,-2.5697
217,-108.04,438891,533,0.7857,-2.7547,-2.405
218,-6472.22,442891,4000,0.7844,-4.3996,-3.9955
219,-2397.67,446891,4000,0.7691,-4.1877,-3.2387
220,32.14,447217,326,0.7875,-2.637,-2.925
221,-80.37,447822,605,0.7837,-2.3722,-4.112
222,-369.77,448514,692,0.7923,-2.6634,-4.0174
223,-1649.11,452514,4000,0.7882,-3.8231,-2.7252
224,-2259.58,456514,4000,0.7791,-2.0495,-2.9711
225,-1448.36,460514,4000,0.7817,-4.3637,-2.9592
226,-1662.64,464514,4000,0.7904,-4.3941,-2.2896
227,-495.21,465785,1271,0.7887,-2.7261,-4.0672
228,-4567.95,469785,4000,0.7866,-4.2707,-4.0412
229,-371.96,470999,1214,0.7905,-2.0499,-3.3536
230,98.99,471139,140,0.7794,-2.5398,-2.909
231,-2009.65,475139,4000,0.7867,-3.069,-4.1372
232,-1888.48,478237,3098,0.7883,-2.1349,-3.7466
233,-443.81,478968,731,0.7934,-3.055,-2.7506
234,69.66,479135,167,0.7778,-2.8769,-2.1485
235,-1491.98,483135,4000,0.7698,-4.1289,-3.2291
236,97.69,483401,266,0.7927,-3.4899,-3.3146
237,-1948.79,487401,4000,0.7886,-4.202,-4.1648
238,29.4,487697,296,0.8008,-3.8048,-3.7382
239,-5163.92,491697,4000,0.7745,-3.4302,-2.9725
240,70.44,491927,230,0.7913,-2.9134,-3.4705
241,-2030.86,495927,4000,0.7893,-3.478,-3.9559
242,-381.79,496955,1028,0.7844,-3.0292,-3.7074
243,-1623.23,500955,4000,0.7893,-4.4099,-3.454
244,-1847.05,504955,4000,0.7939,-3.3147,-3.936
245,38.58,505209,254,0.7762,-3.0689,-3.0856
246,-277.58,505862,653,0.791,-2.745,-2.8801
247,-77.81,506203,341,0.7934,-2.8689,-3.7095
248,66.54,506385,182,0.787,-2.5314,-3.1271
249,-54.74,506828,443,0.7933,-3.4215,-2.935
250,-100.61,507559,731,0.7943,-3.5984,-3.2182
251,-98.09,507852,293,0.7876,-2.6582,-2.284
252,-3938.65,511852,4000,0.7776,-2.1974,-3.2409
253,-14.26,512181,329,0.7894,-3.1993,-2.5003
254,52.77,512399,218,0.7892,-3.7139,-2.4065
255,-842.82,513829,1430,0.7872,-3.2646,-4.2104
256,-1756.04,517829,4000,0.7919,-4.3199,-2.395
257,-2636.22,521829,4000,0.7851,-4.3611,-3.7985
258,-2860.36,525829,4000,0.7902,-3.6647,-4.0675
259,-1805.61,529829,4000,0.792,-3.7153,-2.6433
260,-1515.29,533829,4000,0.7911,-4.4633,-2.4321
261,115.19,533945,116,0.7908,-2.3586,-3.5693
262,-432.74,535240,1295,0.7976,-4.116,-2.9979
263,-243.68,536439,1199,0.7848,-4.2008,-3.5877
264,150.0,536440,1,1.1009,-2.1039,-2.0113
265,-2850.47,540440,4000,0.7875,-2.5697,-3.7226
266,88.38,540553,113,0.7811,-2.7808,-2.7365
267,-478.81,541677,1124,0.7891,-3.5304,-2.8978
268,-1644.07,545677,4000,0.7859,-4.4732,-3.9774
269,-943.62,547416,1739,0.7908,-3.1873,-4.0906
270,-3836.83,551416,4000,0.7761,-4.0852,-2.4092
271,82.17,551577,161,0.8276,-2.0272,-3.1101
272,150.0,551578,1,1.0682,-2.4023,-2.0242
273,-4348.42,555578,4000,0.7893,-4.146,-3.3794
274,-4620.54,559578,4000,0.7938,-3.5186,-4.2999
275,7.21,559898,320,0.7951,-2.6117,-3.4156
276,-1526.77,563898,4000,0.7906,-3.3267,-4.1233
277,-3855.98,567898,4000,0.7821,-4.0477,-2.2322
278,-1593.52,571898,4000,0.7916,-4.3884,-3.9179
279,-1867.34,574954,3056,0.7909,-3.7699,-3.2745
280,110.67,575112,158,0.7771,-3.0339,-3.2668
281,-4695.91,579112,4000,0.7964,-4.2897,-3.8908
282,-982.69,580248,1136,0.7843,-2.391,-2.906
283,-1891.43,581642,1394,0.7886,-2.8771,-2.8245
284,-1682.05,585642,4000,0.7967,-2.5927,-4.3547
285,-3532.52,589004,3362,0.7932,-3.5835,-3.1512
286,-3626.61,593004,4000,0.7849,-3.6539,-2.3888
287,-5902.27,597004,4000,0.7929,-3.2936,-2.5784
288,-4754.72,601004,4000,0.7917,-2.37,-3.238
289,-5623.53,605004,4000,0.7933,-2.2261,-3.0322
290,-587.1,606497,1493,0.7947,-2.3743,-3.6485
291,-4743.55,610497,4000,0.7865,-3.253,-3.1715
292,-4202.54,614497,4000,0.7935,-4.2376,-3.5036
293,-5172.19,618497,4000,0.7918,-2.2067,-2.9229
294,-6275.29,622497,4000,0.7914,-4.0562,-3.6529
295,-2434.53,626497,4000,0.7919,-4.021,-4.4379
296,-272.02,627903,1406,0.7932,-2.1813,-3.3795
297,-2376.7,631903,4000,0.7918,-3.7312,-3.0038
298,-2708.31,635903,4000,0.7947,-4.4817,-3.8049
299,-1609.25,639903,4000,0.7947,-2.7424,-2.9156
300,112.28,640028,125,0.7769,-2.0455,-2.9491
301,-1777.57,644028,4000,0.7945,-3.3062,-2.5964
302,-1595.72,648028,4000,0.7932,-2.2417,-2.6983
303,-7665.83,652028,4000,0.789,-2.092,-2.545
304,49.72,652189,161,0.7723,-2.333,-4.2147
305,63.86,652371,182,0.7863,-2.669,-3.3998
306,-185.51,652952,581,0.7951,-3.1172,-2.8647
307,150.0,652953,1,1.1733,-2.0755,-2.0386
308,-125.92,653612,659,0.787,-3.7794,-2.6656
309,-5600.83,657612,4000,0.7851,-2.625,-3.6338
310,-3838.58,661612,4000,0.7912,-4.1903,-4.3976
311,-364.26,662640,1028,0.7909,-2.5566,-3.2758
312,-73.77,662978,338,0.7855,-2.0361,-3.3376
313,-4.08,663286,308,0.7863,-2.0552,-3.4711
314,-1600.71,665640,2354,0.7896,-2.5158,-4.288
315,132.03,665726,86,0.7868,-3.1113,-2.4949
316,150.0,665727,1,1.1401,-2.1882,-2.4435
317,-3464.31,669727,4000,0.7846,-4.4076,-3.5682
318,-3170.71,673727,4000,0.7851,-4.3783,-4.2268
319,84.28,673879,152,0.7806,-2.8117,-2.7169
320,105.08,673977,98,0.7829,-2.5657,-2.3364
321,132.96,674051,74,0.7789,-2.6514,-2.4978
322,-4348.5,678051,4000,0.7821,-4.3776,-3.9137
323,129.6,678128,77,0.7838,-2.9453,-2.3547
324,-296.95,678763,635,0.7886,-4.4887,-3.2134
325,-3345.14,682763,4000,0.7883,-2.8068,-4.426
326,-3753.34,686763,4000,0.7809,-3.4966,-2.2609
327,-2661.67,690763,4000,0.7929,-2.821,-3.9059
328,-1942.63,694763,4000,0.7901,-2.368,-3.6299
329,-5301.49,698763,4000,0.791,-2.3666,-3.7526
330,-6978.01,702763,4000,0.7879,-3.0242,-3.5076
331,14.27,702951,188,0.8032,-3.8129,-2.2836
332,-2375.25,706951,4000,0.7857,-4.031,-4.288
333,-2123.5,708849,1898,0.7889,-3.6452,-2.7059
334,150.0,708850,1,1.2861,-2.4814,-2.0031
335,-1989.63,712850,4000,0.7911,-3.7591,-3.4801
336,-1189.94,716850,4000,0.7903,-4.1579,-3.0628
337,148.48,716903,53,0.8079,-2.006,-2.7478
338,-3530.77,720903,4000,0.7813,-3.012,-3.5191
339,-3899.87,724903,4000,0.7953,-2.2118,-3.2577
340,-1554.79,728903,4000,0.7891,-4.1641,-3.5866
341,-1246.76,732903,4000,0.7919,-4.3321,-3.9951
342,-1206.47,736903,4000,0.7898,-4.4558,-3.3668
343,-1503.21,740903,4000,0.7913,-2.9136,-3.6418
344,31.3,741103,200,0.7749,-3.449,-2.102
345,-36.6,741492,389,0.7907,-2.6201,-3.1479
346,-70.04,741767,275,0.7853,-3.7886,-2.2575
347,-1337.68,745767,4000,0.791,-3.9123,-3.6866
348,-241.04,746357,590,0.7953,-2.2273,-3.1761
349,58.1,746521,164,0.793,-2.6442,-3.0231
350,-3237.73,750521,4000,0.7946,-2.8664,-3.7515
351,-1731.31,754521,4000,0.7935,-3.8966,-3.6938
352,-1444.99,758521,4000,0.7925,-4.1114,-2.3142
353,-1123.36,762521,4000,0.7912,-3.7919,-3.0963
354,105.1,762634,113,0.7849,-2.5201,-2.5404
355,-1511.53,766634,4000,0.792,-3.404,-3.3094
356,86.73,766813,179,0.7837,-2.0132,-2.8135
357,147.91,766827,14,0.8277,-2.4634,-2.2436
358,-2888.28,770827,4000,0.7879,-2.531,-4.0371
359,-1238.07,774827,4000,0.7896,-3.0946,-4.2453
360,29.2,775015,188,0.7877,-2.8677,-2.1116
361,-1582.36,779015,4000,0.7922,-3.2182,-3.4176
362,-4544.68,783015,4000,0.7891,-4.4104,-2.1006
363,-1234.89,787015,4000,0.7933,-4.2425,-4.3973
364,-1278.92,791015,4000,0.7897,-3.8848,-4.3362
365,-1341.81,795015,4000,0.7905,-3.3622,-3.2098
366,-1408.55,799015,4000,0.7878,-3.7186,-4.3726
367,-2075.23,803015,4000,0.7877,-4.221,-3.5387
368,-2691.33,807015,4000,0.789,-4.3487,-2.7545
369,-1562.38,811015,4000,0.7904,-3.9824,-3.7448
370,-826.42,813318,2303,0.7839,-3.5147,-3.4585
371,-1481.22,817318,4000,0.7879,-4.4958,-4.2198
372,-325.75,817998,680,0.7841,-2.3431,-4.4969
373,-2712.09,821998,4000,0.7856,-3.2296,-3.2762
374,-385.85,823173,1175,0.7875,-3.6673,-3.4217
375,-384.56,823796,623,0.7928,-2.5485,-2.397
376,-1553.12,827796,4000,0.7891,-3.8491,-3.6938
377,-1671.85,831796,4000,0.7877,-3.8938,-3.3003
378,-2783.99,835796,4000,0.7866,-2.7919,-3.9294
379,-1571.81,839796,4000,0.7863,-3.6732,-2.174
380,-1896.77,843796,4000,0.7918,-4.3786,-3.3481
381,-1331.88,847796,4000,0.7763,-2.7211,-4.1239
382,-1479.97,851796,4000,0.7793,-4.3816,-4.1545
383,-923.86,852875,1079,0.7919,-2.2029,-4.4769
384,-1434.33,856875,4000,0.7854,-4.0292,-4.4218
385,-3710.0,860875,4000,0.781,-4.2234,-2.9496
386,-1437.0,864875,4000,0.7782,-3.8959,-3.077
387,-482.42,866032,1157,0.7669,-3.0245,-2.3764
388,-1378.56,870032,4000,0.78,-4.4881,-2.3666
389,-1593.66,874032,4000,0.7653,-2.9522,-4.0931
390,81.45,874184,152,0.7758,-2.5677,-2.3613
391,-3724.03,877690,3506,0.7586,-3.8643,-2.203
392,-11.41,878190,500,0.7652,-3.3639,-2.9914
393,-1488.16,882190,4000,0.7658,-2.0384,-3.5962
394,-2903.21,886190,4000,0.768,-2.4671,-3.704
395,-2682.08,890190,4000,0.7661,-2.502,-2.9982
396,-1445.9,894190,4000,0.7655,-3.9591,-3.4649
397,-1529.12,898190,4000,0.7645,-3.7059,-4.3047
398,-1374.58,902190,4000,0.7688,-4.4254,-3.6338
399,-1660.01,906190,4000,0.768,-4.4524,-4.0863
400,-3484.77,910190,4000,0.7687,-2.687,-2.7298
401,-4189.97,914190,4000,0.7415,-2.6535,-3.7071
402,-207.2,914615,425,0.7743,-2.275,-3.0154
403,-1452.73,918615,4000,0.7676,-4.1849,-4.1407
1,63.32,1108,1108,0.8011,-2.5651,-3.4028
2,-22.81,1277,169,0.5717,-2.3535,-2.7566
3,-234.98,5039,3762,0.5019,-4.2646,-2.0609
4,-21.32,5114,75,0.4389,-2.5972,-2.5348
5,-26.54,5165,51,0.4138,-4.1797,-3.374
6,-72.19,5549,384,0.5874,-3.573,-2.1831
7,-86.63,6063,514,0.6225,-2.8903,-2.4431
8,-46.56,6241,178,0.5331,-3.3915,-3.9319
9,-269.86,10241,4000,0.5001,-3.1135,-4.3405
10,98.76,10465,224,0.5487,-2.4309,-2.9208
11,-18.1,10736,271,0.587,-2.6048,-3.6137
12,99.95,10737,1,0.6283,-2.0733,-2.2672
13,-33.14,11140,403,0.5675,-2.554,-4.0134
14,-104.59,12904,1764,0.5197,-3.3332,-4.3905
15,71.37,14115,1211,0.4767,-4.1143,-2.7924
16,-29.16,14178,63,0.4363,-2.6381,-2.0812
17,96.84,14897,719,0.4428,-3.6854,-3.5739
18,-170.78,18011,3114,0.4861,-3.3261,-4.0263
19,107.27,18601,590,0.4736,-4.1752,-3.3107
20,-24.41,19021,420,0.4596,-3.9327,-2.8255
21,-8.75,19195,174,0.5041,-3.4071,-2.4183
22,94.46,19804,609,0.5186,-2.7493,-3.7191
23,87.33,20119,315,0.4408,-2.4194,-2.4881
24,109.39,20603,484,0.5267,-3.5313,-3.7792
25,-90.94,21737,1134,0.5432,-2.7938,-4.1506
26,-28.06,21978,241,0.8789,-4.0002,-4.4816
27,-44.45,22309,331,0.6318,-2.5327,-2.8379
28,102.5,22419,110,0.5756,-2.7371,-2.5482
29,-23.62,22804,385,0.5198,-3.3527,-3.0781
30,-101.52,24257,1453,0.542,-4.1505,-4.2137
31,102.84,24594,337,0.5261,-2.829,-3.3223
32,-159.64,26998,2404,0.469,-3.0869,-2.5875
33,100.31,27338,340,0.4218,-2.9132,-3.1161
34,-42.27,27985,647,0.4918,-3.102,-3.7401
35,-145.81,29110,1125,0.4482,-4.423,-3.4082
36,106.28,29703,593,0.437,-3.9635,-3.4787
37,-55.38,30419,716,0.4345,-2.3665,-3.9152
38,114.24,31030,611,0.6035,-4.3542,-3.7965
39,-85.77,31865,835,0.5034,-3.766,-2.8452
40,-72.59,32289,424,0.4471,-3.1074,-2.5403
41,-78.08,32883,594,0.4451,-2.8392,-3.484
42,109.36,33292,409,0.4438,-2.4649,-4.0826
43,-56.67,33946,654,0.4661,-4.4432,-4.2749
44,-55.66,34540,594,0.6188,-2.6941,-3.3453
45,110.12,35073,533,1.0257,-4.0968,-3.2474
46,-93.46,35611,538,1.1262,-4.1192,-2.7592
47,-60.66,36170,559,0.5512,-3.3846,-3.5474
48,-50.98,36612,442,0.6396,-3.7462,-2.9243
49,-3.28,37075,463,0.5603,-3.5955,-4.2809
50,-141.31,38990,1915,0.6031,-4.205,-2.0953
51,-53.39,39435,445,0.5701,-2.2285,-2.7507
52,-62.66,40180,745,0.5464,-3.8353,-2.0771
53,-24.61,40307,127,0.4665,-2.5531,-2.7078
54,-108.27,41250,943,0.5529,-3.3766,-3.8194
55,-33.15,41380,130,0.6807,-4.259,-2.2435
56,-38.77,41618,238,0.5824,-3.3606,-3.9941
57,-76.55,42681,1063,0.8179,-3.7351,-3.052
58,-92.63,43213,532,0.9984,-4.0581,-2.3585
59,-53.68,43676,463,0.8116,-2.6037,-2.7013
60,92.43,44272,596,0.847,-3.4198,-2.9317
61,-23.44,44357,85,1.0062,-3.0398,-2.8754
62,-15.93,45063,706,0.8923,-4.2889,-3.4605
63,114.22,45575,512,0.9936,-4.396,-3.265
64,-140.2,46170,595,1.0784,-3.6753,-4.1387
65,-34.41,46288,118,0.8807,-4.2415,-3.0309
66,-55.28,46463,175,0.9631,-4.0735,-2.1872
67,-39.74,46926,463,0.9427,-3.0473,-3.6328
68,-13.51,47269,343,1.0944,-3.0227,-4.443
69,-21.42,47364,95,1.0583,-2.1036,-3.2942
70,113.21,47774,410,0.8674,-2.5432,-4.2932
71,101.65,48232,458,0.6354,-3.2834,-3.2732
72,-75.96,48752,520,0.9185,-2.1554,-3.0707
73,-113.67,49650,898,0.7078,-3.3163,-3.8326
74,-192.04,51283,1633,0.691,-3.6711,-3.1983
75,-57.22,51896,613,0.7638,-3.4027,-4.446
76,-219.37,53772,1876,0.7981,-2.4343,-2.2596
77,-31.29,53917,145,0.8169,-4.1494,-3.1149
78,-32.45,54095,178,0.6968,-4.2286,-2.8194
79,-49.57,54342,247,0.7252,-3.7969,-2.8514
80,-60.54,54886,544,0.7089,-2.6825,-2.5784
81,-22.79,54959,73,0.7852,-4.2306,-2.21
82,-29.38,55053,94,0.8343,-3.9245,-4.4065
83,-31.66,55414,361,0.7904,-3.1129,-3.5727
84,-181.64,56522,1108,0.7661,-2.4255,-2.4794
85,-20.5,56625,103,0.7459,-3.7072,-2.1178
86,-47.99,56947,322,0.76,-3.7727,-3.2124
87,-23.21,57062,115,0.7952,-3.8601,-2.1599
88,-26.09,57123,61,0.7544,-4.0885,-4.3877
89,-39.98,57340,217,0.7721,-3.4123,-2.0191
90,-59.95,57845,505,0.7805,-2.2708,-2.6285
91,99.95,57846,1,0.7954,-2.273,-2.2664
92,-23.15,58177,331,0.7759,-3.2029,-3.7102
93,-44.41,58439,262,0.8071,-2.57,-2.8458
94,-55.44,58992,553,0.7957,-3.5659,-4.2638
95,-80.93,59455,463,0.8219,-2.633,-3.8438
96,-49.87,60152,697,0.7177,-2.158,-3.8976
97,-119.58,60828,676,0.8019,-4.1931,-2.4222
98,-66.96,61111,283,0.8143,-4.1168,-4.0518
99,-95.45,61556,445,0.7997,-3.0015,-2.3136
100,-19.11,62346,790,0.7862,-4.0089,-3.7242
101,-89.08,63193,847,0.793,-2.5565,-2.0704
102,-87.3,63593,400,0.6936,-3.2481,-4.1403
103,-46.02,63822,229,0.5009,-4.4652,-3.9259
104,-60.26,64484,662,0.596,-4.1704,-2.8059
105,-26.35,64575,91,0.7786,-4.1954,-3.2342
106,-62.81,65290,715,0.7689,-2.7643,-3.0472
107,-59.81,65630,340,0.7351,-4.0006,-2.4897
108,-47.75,65937,307,0.7937,-2.7115,-2.6525
109,-46.41,66322,385,0.7992,-4.1724,-4.1906
110,104.72,66594,272,0.704,-2.1811,-3.5061
111,-22.34,66667,73,0.7515,-3.7476,-3.2785
112,-39.05,66842,175,0.7168,-2.8428,-2.1109
113,-24.33,66918,76,0.675,-3.7839,-2.188
114,-64.59,67309,391,0.6798,-4.4379,-3.112
115,-32.65,67475,166,0.6781,-2.9151,-4.2353
116,-67.93,68201,726,0.4502,-4.1492,-3.4522
117,-20.19,68262,61,0.7077,-2.0844,-3.0099
118,39.82,69473,1211,0.7725,-2.1674,-2.4891
119,-57.54,69999,526,0.7787,-3.3315,-2.5381
120,-37.09,70120,121,0.7626,-4.4554,-4.2271
121,-54.98,70373,253,0.7651,-2.4264,-2.508
122,-24.42,70452,79,0.7801,-3.9184,-3.1731
123,-22.38,70555,103,0.8044,-2.985,-2.3307
124,-78.63,71114,559,0.821,-2.9922,-3.4686
125,-28.52,71226,112,0.7915,-3.5645,-3.4353
126,-73.07,71716,490,0.7943,-2.8702,-2.3313
127,-78.62,72236,520,0.7597,-3.3653,-3.8804
128,-49.93,72402,166,0.694,-3.9083,-2.635
129,-13.93,72862,460,0.7129,-2.4586,-4.2368
130,-171.7,73763,901,0.7223,-4.3336,-3.0139
131,-34.9,74652,889,0.5091,-4.1346,-2.4383
132,-121.28,75549,897,0.5386,-3.7242,-4.1403
133,-80.89,76333,784,0.5842,-2.1976,-4.0862
134,-29.42,76662,329,0.4409,-3.7882,-4.116
135,-28.32,76780,118,0.7864,-4.2113,-4.4471
136,-42.76,76949,169,0.7497,-4.3615,-4.0634
137,-28.98,77226,277,0.7521,-4.3665,-3.0221
138,-69.74,77752,526,0.7427,-2.7982,-3.5159
139,-161.37,78551,799,0.5647,-3.705,-3.2387
140,99.95,78552,1,0.4488,-2.3125,-2.3722
141,-48.22,78972,420,0.508,-4.3913,-4.0463
142,-28.44,79123,151,0.5872,-3.9081,-3.8765
143,-25.33,79232,109,0.5164,-3.0719,-3.4593
144,-33.66,79602,370,0.487,-4.3769,-3.566
145,-59.97,80152,550,0.506,-3.1906,-4.2458
146,-39.59,80629,477,0.4826,-2.4164,-4.3701
147,27.82,82713,2084,0.499,-2.1879,-4.2522
148,99.95,82714,1,0.5546,-2.3911,-2.2434
149,99.95,82715,1,0.5125,-2.0511,-2.4949
150,-43.23,83061,346,0.4843,-2.5513,-2.8938
151,-76.56,83722,661,0.541,-2.5525,-4.1636
152,-107.88,84221,499,0.4795,-3.1598,-3.2144
153,-52.6,84576,355,0.5441,-2.3561,-3.343
154,-25.88,84679,103,0.5598,-3.5373,-2.9011
155,-35.35,84872,193,0.5538,-3.8338,-4.1506
156,-46.02,85032,160,0.5335,-3.3053,-3.4578
157,-95.64,86140,1108,0.5516,-3.9186,-3.5812
158,-24.85,86225,85,0.5595,-3.584,-3.6813
159,-109.21,86673,448,0.5514,-3.5513,-2.7856
160,-184.02,87622,949,0.5488,-3.7578,-2.1279
161,-24.69,87752,130,0.5393,-2.2091,-3.2977
162,-46.09,88137,385,0.5493,-3.6791,-3.1614
163,-47.62,88498,361,0.5331,-2.3786,-2.8685
164,99.68,88782,284,0.5567,-2.489,-3.1682
165,-28.13,88876,94,0.5616,-2.9177,-3.7796
166,-35.91,89327,451,0.5055,-2.6628,-3.994
167,-34.37,89541,214,0.495,-2.763,-2.3482
168,-36.02,89938,397,0.5071,-4.1697,-2.9641
169,-24.62,90063,125,0.4093,-4.2623,-2.6857
170,-24.33,90150,87,0.4395,-4.2888,-2.1602
171,-25.88,90246,96,0.5561,-4.1565,-2.1028
172,-31.68,90418,172,0.5122,-2.4978,-3.0158
173,-103.5,91244,826,0.5568,-2.5434,-2.5122
174,-24.68,91383,139,0.5478,-2.1349,-3.8665
175,-52.92,91678,295,0.5753,-3.0248,-4.2624
176,-19.52,91745,67,0.5835,-2.9596,-4.0718
177,-72.25,92160,415,0.5538,-3.0876,-3.0689
178,-26.52,92275,115,0.5631,-3.335,-3.1934
179,-36.96,92504,229,0.5423,-2.5902,-2.5019
180,-135.08,93294,790,0.5526,-3.2696,-3.001
181,-23.88,93400,106,0.5572,-2.1719,-4.2007
182,-21.18,93473,73,0.5439,-4.2072,-4.2807
183,65.79,94585,1112,0.5341,-2.8553,-3.4535
184,-20.34,94676,91,0.4993,-2.5642,-2.8219
185,-107.89,96366,1690,0.5161,-3.6659,-2.2541
186,-34.26,96595,229,0.5337,-2.5937,-3.8237
187,-159.27,97466,871,0.5665,-3.5895,-3.7139
188,-37.35,98445,979,0.5304,-4.106,-4.1305
189,-33.29,98623,178,0.5077,-2.1597,-3.4052
190,-69.05,98939,316,0.4974,-3.5417,-2.6758
191,-153.92,99792,853,0.5152,-3.1175,-2.1597
192,-27.12,99937,145,0.5308,-2.5492,-3.3016
193,-108.28,100601,664,0.5204,-3.5591,-2.0334
194,-22.35,100784,183,0.4388,-2.7056,-2.122
195,-23.73,100887,103,0.4755,-4.2038,-2.3737
196,-30.02,101008,121,0.6983,-2.9073,-4.1952
197,-87.23,101555,547,0.6151,-3.0294,-2.7848
198,-25.15,101637,82,0.5181,-4.4692,-3.3642
199,-29.65,101803,166,0.5208,-2.4365,-3.7616
200,-20.21,101866,63,0.4092,-3.3536,-3.3942
201,-19.74,101951,85,0.488,-3.7452,-2.2039
202,-42.55,102455,504,0.5141,-2.5468,-4.2235
203,99.95,102456,1,0.5395,-2.0074,-2.302
204,-53.72,102997,541,0.5707,-3.7902,-2.4078
205,-30.38,103139,142,0.5757,-4.234,-2.0022
206,-32.33,103269,130,0.6119,-2.8358,-2.8747
207,-32.68,103417,148,0.6075,-4.2739,-2.2574
208,-23.61,103499,82,0.5318,-4.4275,-3.8979
209,-60.16,103887,388,0.4851,-4.1424,-2.5581
210,-87.29,104418,531,0.5186,-4.0045,-2.2234
211,103.38,105107,689,0.548,-2.8593,-4.4096
212,-49.21,105351,244,0.5278,-4.4864,-4.3709
213,-121.64,106135,784,0.5131,-2.9852,-2.4963
214,-52.66,106358,223,0.4991,-3.9036,-2.3765
215,-54.44,106800,442,0.5448,-4.3569,-2.4976
216,98.66,106883,83,0.551,-2.1805,-2.5697
217,-24.81,106986,103,0.561,-2.7547,-2.405
218,-80.88,107536,550,0.5388,-4.3996,-3.9955
219,-62.77,107780,244,0.5444,-4.1877,-3.2387
220,-66.84,108228,448,0.5496,-2.637,-2.925
221,-17.45,108283,55,0.5288,-2.3722,-4.112
222,102.78,108822,539,0.5288,-2.6634,-4.0174
223,-96.39,110053,1231,0.4987,-3.8231,-2.7252
224,-70.73,110660,607,0.5837,-2.0495,-2.9711
225,-45.28,110859,199,0.6856,-4.3637,-2.9592
226,-76.02,111388,529,0.5458,-4.3941,-2.2896
227,-61.12,111884,496,0.4768,-2.7261,-4.0672
228,-30.66,112025,141,0.4539,-4.2707,-4.0412
229,-75.75,112581,556,0.5255,-2.0499,-3.3536
230,-52.19,112810,229,0.509,-2.5398,-2.909
231,-77.49,113372,562,0.5477,-3.069,-4.1372
232,-31.91,113574,202,0.5715,-2.1349,-3.7466
233,-35.75,113716,142,0.4932,-3.055,-2.7506
234,-36.55,113870,154,0.5858,-2.8769,-2.1485
235,-41.87,114414,544,0.5277,-4.1289,-3.2291
236,-20.29,114469,55,0.536,-3.4899,-3.3146
237,-32.3,115211,742,0.7042,-4.202,-4.1648
238,-157.96,115932,721,0.7853,-3.8048,-3.7382
239,-23.07,116014,82,0.6149,-3.4302,-2.9725
240,-21.37,116099,85,0.8051,-2.9134,-3.4705
241,-26.71,116181,82,0.8099,-3.478,-3.9559
242,-11.44,116602,421,0.7746,-3.0292,-3.7074
243,-82.49,117167,565,0.7928,-4.4099,-3.454
244,-91.38,117666,499,0.6225,-3.3147,-3.936
245,-24.04,117733,67,0.5671,-3.0689,-3.0856
246,-51.1,118256,523,0.5813,-2.745,-2.8801
247,-21.65,118332,76,0.5574,-2.8689,-3.7095
248,-37.2,118555,223,0.5614,-2.5314,-3.1271
249,-30.51,119168,613,0.571,-3.4215,-2.935
250,-106.28,119823,655,0.5676,-3.5984,-3.2182
251,-135.67,120559,736,0.5769,-2.6582,-2.284
252,-25.79,120689,130,0.5764,-2.1974,-3.2409
253,-46.26,120861,172,0.5785,-3.1993,-2.5003
254,-30.25,120997,136,0.5604,-3.7139,-2.4065
255,-93.65,121889,892,0.5709,-3.2646,-4.2104
256,-123.17,122523,634,0.7172,-4.3199,-2.395
257,-66.75,122827,304,0.7915,-4.3611,-3.7985
258,-62.58,123071,244,0.7956,-3.6647,-4.0675
259,-42.26,123438,367,0.7951,-3.7153,-2.6433
260,-91.31,123976,538,0.7994,-4.4633,-2.4321
261,-32.7,124097,121,0.7791,-2.3586,-3.5693
262,-26.84,124425,328,0.8026,-4.116,-2.9979
263,-105.02,125281,856,0.7824,-4.2008,-3.5877
264,99.95,125282,1,1.0108,-2.1039,-2.0113
265,-41.47,125514,232,0.7579,-2.5697,-3.7226
266,-27.88,125605,91,0.7415,-2.7808,-2.7365
267,-48.54,126209,604,0.7974,-3.5304,-2.8978
268,-33.07,126411,202,0.7733,-4.4732,-3.9774
269,-22.96,126487,76,0.777,-3.1873,-4.0906
270,-29.57,126566,79,0.8024,-4.0852,-2.4092
271,-19.19,126639,73,0.7788,-2.0272,-3.1101
272,99.95,126640,1,1.1063,-2.4023,-2.0242
273,-175.7,127703,1063,0.7879,-4.146,-3.3794
274,-42.93,127902,199,0.8114,-3.5186,-4.2999
275,-60.32,128221,319,0.7973,-2.6117,-3.4156
276,-44.31,128435,214,0.7905,-3.3267,-4.1233
277,-26.0,128520,85,0.7758,-4.0477,-2.2322
278,-155.65,129280,760,0.7923,-4.3884,-3.9179
279,-98.58,129824,544,0.7963,-3.7699,-3.2745
280,-25.94,129894,70,0.7899,-3.0339,-3.2668
281,-29.2,129994,100,0.7742,-4.2897,-3.8908
282,-24.59,130076,82,0.797,-2.391,-2.906
283,-86.74,130470,394,0.7906,-2.8771,-2.8245
284,-141.26,131422,952,0.7976,-2.5927,-4.3547
285,-48.75,131594,172,0.7868,-3.5835,-3.1512
286,-67.46,131871,277,0.8044,-3.6539,-2.3888
287,-74.58,132286,415,0.8087,-3.2936,-2.5784
288,-20.85,132359,73,0.8029,-2.37,-3.238
289,-23.52,132426,67,0.7937,-2.2261,-3.0322
290,-34.13,132598,172,0.5462,-2.3743,-3.6485
291,37.63,134286,1688,0.5714,-3.253,-3.1715
292,-28.6,134380,94,0.5563,-4.2376,-3.5036
293,100.96,134541,161,0.5644,-2.2067,-2.9229
294,-21.37,134614,73,0.5669,-4.0562,-3.6529
295,-127.49,135482,868,0.5638,-4.021,-4.4379
296,-71.5,135951,469,0.5514,-2.1813,-3.3795
297,-75.37,136405,454,0.5829,-3.7312,-3.0038
298,-171.29,137426,1021,0.6797,-4.4817,-3.8049
299,-54.54,137790,364,0.7951,-2.7424,-2.9156
300,-85.81,138280,490,0.8083,-2.0455,-2.9491
301,-28.43,138356,76,0.7945,-3.3062,-2.5964
302,102.13,138433,77,0.8152,-2.2417,-2.6983
303,94.69,138567,134,0.8249,-2.092,-2.545
304,-28.05,139105,538,0.8053,-2.333,-4.2147
305,-34.16,139394,289,0.823,-2.669,-3.3998
306,-39.65,139533,139,0.8098,-3.1172,-2.8647
307,99.95,139534,1,1.0327,-2.0755,-2.0386
308,-25.67,139586,52,0.7656,-3.7794,-2.6656
309,113.68,139768,182,0.8323,-2.625,-3.6338
310,-45.69,139979,211,0.8128,-4.1903,-4.3976
311,-26.43,140088,109,0.7946,-2.5566,-3.2758
312,110.89,140183,95,0.8012,-2.0361,-3.3376
313,-110.11,140658,475,0.8153,-2.0552,-3.4711
314,-20.09,140716,58,0.8122,-2.5158,-4.288
315,-42.63,140885,169,0.7918,-3.1113,-2.4949
316,99.95,140886,1,0.9116,-2.1882,-2.4435
317,-54.7,141253,367,0.7968,-4.4076,-3.5682
318,-28.43,141350,97,0.7729,-4.3783,-4.2268
319,-23.07,141429,79,0.8063,-2.8117,-2.7169
320,-59.02,141715,286,0.7874,-2.5657,-2.3364
321,-127.93,142220,505,0.7846,-2.6514,-2.4978
322,-19.77,142272,52,0.7718,-4.3776,-3.9137
323,-28.56,142351,79,0.7741,-2.9453,-2.3547
324,-128.25,143012,661,0.794,-4.4887,-3.2134
325,-41.94,143205,193,0.7889,-2.8068,-4.426
326,-33.08,143293,88,0.799,-3.4966,-2.2609
327,-26.67,143375,82,0.7996,-2.821,-3.9059
328,-23.11,143478,103,0.7818,-2.368,-3.6299
329,-27.48,143575,97,0.7934,-2.3666,-3.7526
330,-32.02,143690,115,0.8195,-3.0242,-3.5076
331,-64.78,144075,385,0.7936,-3.8129,-2.2836
332,-40.19,144238,163,0.7877,-4.031,-4.288
333,-48.03,144368,130,0.7904,-3.6452,-2.7059
334,99.95,144369,1,1.1252,-2.4814,-2.0031
335,-55.51,144580,211,0.772,-3.7591,-3.4801
336,-29.71,144647,67,0.7601,-4.1579,-3.0628
337,-38.0,144831,184,0.7828,-2.006,-2.7478
338,-81.49,145306,475,0.7864,-3.012,-3.5191
339,-30.01,145433,127,0.7885,-2.2118,-3.2577
340,-40.28,145545,112,0.8074,-4.1641,-3.5866
341,-52.88,145732,187,0.8103,-4.3321,-3.9951
342,-23.1,145781,49,0.774,-4.4558,-3.3668
343,-26.55,145884,103,0.7675,-2.9136,-3.6418
344,-47.99,146053,169,0.7972,-3.449,-2.102
345,-32.73,146177,124,0.8142,-2.6201,-3.1479
346,-28.42,146259,82,0.806,-3.7886,-2.2575
347,-28.41,146356,97,0.8047,-3.9123,-3.6866
348,-19.86,146435,79,0.77,-2.2273,-3.1761
349,-53.49,146976,541,0.7941,-2.6442,-3.0231
350,-21.44,147064,88,0.7878,-2.8664,-3.7515
351,-35.13,147170,106,0.7926,-3.8966,-3.6938
352,-50.72,147429,259,0.7908,-4.1114,-2.3142
353,-32.54,147508,79,0.8067,-3.7919,-3.0963
354,-21.77,147590,82,0.8234,-2.5201,-2.5404
355,-24.06,147639,49,0.8051,-3.404,-3.3094
356,101.96,147716,77,0.7928,-2.0132,-2.8135
357,-30.22,147828,112,0.778,-2.4634,-2.2436
358,-20.38,147892,64,0.7684,-2.531,-4.0371
359,-32.36,148034,142,0.8127,-3.0946,-4.2453
360,-79.4,148431,397,0.8022,-2.8677,-2.1116
361,-66.85,148681,250,0.7863,-3.2182,-3.4176
362,-29.81,148769,88,0.8026,-4.4104,-2.1006
363,-53.36,148941,172,0.7755,-4.2425,-4.3973
364,-123.15,149524,583,0.6843,-3.8848,-4.3362
365,-41.13,149696,172,0.5585,-3.3622,-3.2098
366,-31.62,149841,145,0.5513,-3.7186,-4.3726
367,-126.57,150469,628,0.5908,-4.221,-3.5387
368,-76.54,150797,328,0.5728,-4.3487,-2.7545
369,-21.41,150873,76,0.5461,-3.9824,-3.7448
370,-29.58,150979,106,0.5792,-3.5147,-3.4585
371,-34.04,151121,142,0.5627,-4.4958,-4.2198
372,-99.65,151845,724,0.5696,-2.3431,-4.4969
373,-25.41,151939,94,0.574,-3.2296,-3.2762
374,104.1,152472,533,0.5725,-3.6673,-3.4217
375,-94.07,152950,478,0.5748,-2.5485,-2.397
376,-41.85,153128,178,0.5718,-3.8491,-3.6938
377,-140.59,153828,700,0.6046,-3.8938,-3.3003
378,-21.0,153910,82,0.8244,-2.7919,-3.9294
379,-22.89,153992,82,0.7619,-3.6732,-2.174
380,-26.33,154059,67,0.7863,-4.3786,-3.3481
381,-54.1,154363,304,0.7922,-2.7211,-4.1239
382,-48.12,154529,166,0.8043,-4.3816,-4.1545
383,-24.15,154680,151,0.8046,-2.2029,-4.4769
384,-31.73,154789,109,0.773,-4.0292,-4.4218
385,-36.21,154889,100,0.7422,-4.2234,-2.9496
386,-23.86,154968,79,0.8209,-3.8959,-3.077
387,-24.68,155035,67,0.7718,-3.0245,-2.3764
388,-25.79,155144,109,0.7893,-4.4881,-2.3666
389,-23.47,155220,76,0.7802,-2.9522,-4.0931
390,-30.31,155314,94,0.7572,-2.5677,-2.3613
391,-32.77,155405,91,0.7871,-3.8643,-2.203
392,107.17,155689,284,0.8058,-3.3639,-2.9914
393,-35.58,155861,172,0.801,-2.0384,-3.5962
394,-48.48,156183,322,0.7879,-2.4671,-3.704
395,-151.57,156829,646,0.7677,-2.502,-2.9982
396,-33.85,156944,115,0.7891,-3.9591,-3.4649
397,-27.23,157041,97,0.7904,-3.7059,-4.3047
398,-56.24,157225,184,0.7934,-4.4254,-3.6338
399,-30.61,157313,88,0.795,-4.4524,-4.0863
400,95.74,157594,281,0.7839,-2.687,-2.7298
401,-21.73,157652,58,0.798,-2.6535,-3.7071
402,-32.83,157770,118,0.8033,-2.275,-3.0154
403,-78.45,158227,457,0.7908,-4.1849,-4.1407
404,-77.08,158606,379,0.7894,-2.7673,-4.0676
405,-30.61,158700,94,0.8259,-3.2318,-2.0206
406,-25.72,158776,76,0.7867,-4.49,-4.4586
407,-19.75,158837,61,0.8087,-2.0173,-3.0384
408,-25.82,158916,79,0.7929,-4.1827,-2.2567
409,-20.88,158992,76,0.7601,-2.299,-3.1595
410,-71.49,159752,760,0.7977,-2.9455,-3.817
411,-94.9,160422,670,0.7958,-4.3737,-3.0136
412,-40.4,160546,124,0.7683,-3.7631,-2.8409
413,-19.19,160589,43,0.8129,-2.4094,-4.4546
414,-106.53,161196,607,0.7948,-3.0107,-3.9218
415,-20.85,161251,55,0.7906,-2.3153,-3.8658
416,-22.45,161306,55,0.7854,-2.9731,-3.1161
417,-38.54,161601,295,0.7971,-3.5096,-2.8059
418,-20.18,161665,64,0.7733,-2.6856,-3.0827
419,-53.27,161819,154,0.8041,-2.6039,-2.0415
420,-53.53,162006,187,0.7862,-3.4518,-3.2135
421,-25.65,162106,100,0.7769,-4.4688,-2.5099
422,-25.15,162191,85,0.8068,-3.1994,-3.4801
423,-56.61,162432,241,0.7997,-4.2648,-2.2759
424,-19.9,162898,466,0.7942,-3.5125,-2.7935
425,-31.16,163007,109,0.8105,-4.1266,-2.0961
426,-56.4,163176,169,0.8026,-4.0539,-4.0011
427,99.95,163177,1,0.8861,-2.3525,-2.2185
428,-11.46,163535,358,0.8112,-3.9696,-3.3255
429,-57.22,163890,355,0.8014,-2.6663,-2.3041
430,-26.67,163966,76,0.7736,-3.5524,-3.2075
431,-49.77,164489,523,0.8017,-2.6457,-2.6722
432,96.24,164836,347,0.8005,-2.5426,-3.0752
433,-96.48,165257,421,0.7917,-4.2385,-2.2401
434,-20.87,165357,100,0.7695,-2.3361,-2.5048
435,-63.55,165544,187,0.8004,-4.2503,-3.989
436,-51.15,165926,382,0.6472,-2.641,-4.4421
437,-18.35,165999,73,0.5486,-2.0519,-3.5571
438,78.36,166526,527,0.5837,-2.7017,-2.2811
439,-27.12,166653,127,0.5691,-3.5134,-3.7022
440,-37.07,166795,142,0.5606,-2.9781,-3.0475
441,-28.7,166901,106,0.5777,-3.4772,-2.9956
442,-28.55,167010,109,0.5589,-2.1615,-3.3309
443,-32.19,167116,106,0.6198,-4.0081,-3.557
444,-58.14,167417,301,0.5497,-3.5147,-4.1722
445,-51.8,167691,274,0.5549,-4.0928,-2.7886
446,-25.46,167800,109,0.5663,-3.6513,-2.1128
447,-36.69,167960,160,0.5619,-3.891,-4.2527
448,-28.31,168138,178,0.5447,-2.6162,-2.2974
449,-33.03,168271,133,0.5607,-3.8047,-3.9948
450,-54.78,168635,364,0.5829,-4.0356,-3.195
451,-48.98,168927,292,0.5792,-3.329,-3.8514
452,-57.27,169708,781,0.5708,-4.3871,-3.2963
453,100.73,169842,134,0.5889,-2.1017,-2.8687
454,-40.61,170392,550,0.8142,-3.2612,-4.2233
455,-41.98,170528,136,0.8057,-3.8689,-3.7631
456,-64.95,170703,175,0.8019,-2.588,-2.3082
457,99.95,170704,1,1.1425,-2.2459,-2.0386
458,99.95,170705,1,1.1483,-2.0441,-2.1175
459,-19.02,171366,661,0.7848,-4.3204,-4.1555
460,-72.34,171745,379,0.7989,-3.7388,-3.1178
461,-24.76,171797,52,0.761,-4.2576,-2.3855
462,-62.68,172380,583,0.8003,-2.9581,-3.1441
463,-22.2,172435,55,0.7959,-4.0867,-3.8669
464,-35.56,172523,88,0.7941,-4.0992,-2.3702
465,-39.72,172653,130,0.818,-3.0394,-2.6622
466,-80.62,173134,481,0.7913,-3.7599,-3.5719
467,-38.9,173255,121,0.8152,-3.4879,-2.6
468,-20.96,173322,67,0.7514,-2.5691,-3.983
469,-50.48,173626,304,0.787,-2.1462,-4.1984
470,-20.05,173675,49,0.776,-2.2597,-4.249
471,-61.79,173892,217,0.8143,-3.8387,-2.3838
472,-29.33,173962,70,0.7945,-4.0513,-3.4661
473,-14.2,174176,214,0.777,-3.3754,-3.8869
474,-103.77,175032,856,0.7854,-2.7244,-2.3717
475,-61.76,175303,271,0.7876,-2.3136,-3.6517
476,-32.18,175976,673,0.7881,-3.1729,-3.879
477,-39.32,176388,412,0.8073,-3.888,-4.0969
478,99.95,176389,1,1.0114,-2.15,-2.28
479,-44.84,176561,172,0.7993,-2.5566,-3.2058
480,-106.97,176985,424,0.8025,-3.2735,-3.1756
481,-24.92,177046,61,0.818,-3.1586,-3.4136
482,-27.58,177137,91,0.7898,-4.1706,-4.1858
483,-34.73,177576,439,0.7847,-2.1194,-3.2949
484,-32.32,178222,646,0.7768,-2.117,-4.0911
485,-17.85,178556,334,0.7943,-3.114,-3.9807
486,-25.23,178635,79,0.7928,-3.867,-4.4249
487,-50.67,178873,238,0.7828,-4.2026,-2.2079
488,-22.48,178946,73,0.7923,-3.6962,-2.9797
489,-67.38,179190,244,0.8074,-3.3375,-3.4989
490,-53.09,179614,424,0.8039,-3.1703,-4.0319
491,99.95,179615,1,0.9895,-2.0285,-2.4542
492,102.71,179914,299,0.7944,-2.646,-3.3281
493,-32.16,179996,82,0.7978,-4.1178,-2.1983
494,-41.52,180174,178,0.7795,-3.6465,-4.3747
495,-90.09,180529,355,0.7926,-3.644,-2.5139
496,-35.62,180611,82,0.7891,-2.9432,-2.6229
497,-25.85,180708,97,0.7995,-2.5159,-3.9701
498,-23.53,180778,70,0.7746,-2.1905,-3.405
499,127.16,181017,239,0.8102,-2.9025,-4.4942
500,117.95,181160,143,0.7905,-2.0166,-3.7978
501,-2.65,181674,514,0.797,-4.3448,-3.3543
502,-22.94,181756,82,0.7836,-4.1774,-4.1192
503,-28.79,181850,94,0.7988,-2.9193,-3.5177
504,-23.13,181944,94,0.7977,-2.1954,-3.7021
505,-42.84,182125,181,0.787,-2.6845,-3.3473
506,-30.52,182219,94,0.7732,-2.8501,-3.0008
507,-59.31,182544,325,0.8075,-3.318,-2.1248
508,-27.17,182632,88,0.8057,-3.6432,-4.0569
509,102.32,182739,107,0.7738,-2.8048,-2.385
510,-156.21,183391,652,0.7961,-4.3994,-3.3759
511,-36.07,183572,181,0.801,-2.2688,-2.626
512,-58.4,184401,829,0.797,-2.0205,-3.1715
513,-22.34,184474,73,0.7872,-2.85,-3.7438
514,113.99,184599,125,0.7854,-2.1312,-3.5842
515,-95.54,185068,469,0.7891,-2.6537,-3.4921
516,-72.87,185735,667,0.7893,-3.0955,-2.7005
517,-80.46,186288,553,0.7952,-3.2277,-2.2323
518,-143.57,186904,616,0.7865,-3.4517,-2.8823
519,-51.94,187169,265,0.785,-3.6441,-3.4796
520,-165.68,188235,1066,0.7991,-3.3999,-4.1855
521,-77.99,188716,481,0.7984,-4.2707,-2.8313
522,-23.02,188762,46,0.8198,-2.8612,-2.8427
523,-21.21,189546,784,0.7926,-4.4506,-3.6836
524,-23.25,189613,67,0.7814,-4.0055,-2.5546
525,-32.07,189965,352,0.7953,-2.3484,-3.8833
526,-22.07,190407,442,0.7746,-2.8304,-4.1766
527,-89.94,190774,367,0.8002,-3.8121,-4.1534
528,-72.97,191015,241,0.8033,-3.7912,-2.8132
529,-24.21,191100,85,0.7865,-2.2242,-3.9937
530,-36.93,191206,106,0.7716,-3.1448,-2.7465
531,-89.86,191597,391,0.7899,-2.1177,-2.9748
532,-90.34,192231,634,0.7957,-3.8622,-2.9363
533,-21.85,192292,61,0.7926,-3.6988,-2.0597
534,-54.18,192581,289,0.7956,-3.5008,-2.7864
535,-21.21,193200,619,0.7902,-4.4419,-3.4998
536,-29.94,193315,115,0.7924,-2.3122,-2.9744
537,-94.31,194039,724,0.8018,-3.3901,-2.1602
538,-20.88,194094,55,0.7433,-2.365,-3.6945
539,-29.53,194188,94,0.7941,-3.1386,-3.2754
540,-67.95,195218,1030,0.7925,-2.9195,-3.6647
541,-67.0,195423,205,0.7932,-3.8895,-2.2183
542,99.95,195424,1,0.7377,-2.1903,-2.3917
543,101.21,195474,50,0.803,-2.0545,-2.6375
544,-34.96,195568,94,0.7921,-2.5883,-2.5935
545,96.61,196152,584,0.7752,-3.2985,-3.3589
546,-12.15,196360,208,0.8048,-3.8994,-2.888
547,-26.15,196430,70,0.7533,-3.7767,-3.8555
548,-39.0,196605,175,0.7877,-3.0351,-3.475
549,-97.16,197041,436,0.8014,-3.9529,-2.4599
550,-20.99,197129,88,0.783,-2.3486,-4.0808
551,-21.7,197511,382,0.7874,-4.4812,-3.6597
552,-33.16,197593,82,0.7913,-2.5062,-2.4021
553,-55.25,197840,247,0.7999,-4.1542,-2.5642
554,-47.95,198027,187,0.8077,-4.2107,-3.5248
555,-23.55,198574,547,0.782,-2.0035,-4.0185
556,-24.61,198653,79,0.8141,-4.1151,-3.443
557,-97.59,199047,394,0.7907,-2.9508,-2.1677
558,-19.8,199117,70,0.8075,-2.0479,-4.3259
559,-148.18,199769,652,0.7834,-4.155,-2.5232
560,-28.99,199818,49,0.8228,-3.8234,-2.2879
561,-62.48,200212,394,0.8044,-2.8414,-4.2204
562,-89.08,200846,634,0.7892,-2.4187,-4.0591
563,-121.36,201486,640,0.7954,-3.4413,-3.1195
564,-133.9,202063,577,0.7901,-3.2481,-2.7846
565,-18.42,202133,70,0.7888,-2.8683,-2.0199
566,-18.87,202197,64,0.8189,-2.0014,-3.2089
567,-25.92,202270,73,0.7726,-4.262,-2.6804
568,-27.27,202397,127,0.8074,-2.0583,-3.7042
569,-153.81,203100,703,0.8178,-3.347,-3.4381
570,-42.07,203248,148,0.8209,-4.3715,-2.8193
571,-46.71,203399,151,0.8256,-3.6167,-2.5313
572,-23.7,203457,58,0.8262,-2.4197,-2.4469
573,-55.57,204157,700,0.7957,-3.4583,-3.6961
574,-23.25,204239,82,0.7992,-2.6279,-2.4965
575,-83.76,204600,361,0.7932,-3.2719,-2.2674
576,-28.51,204685,85,0.8071,-4.1402,-2.3023
577,-89.97,205085,400,0.7974,-4.2598,-4.1162
578,-30.23,205644,559,0.7926,-3.1654,-4.3312
579,-80.69,206056,412,0.793,-4.368,-4.4987
580,-96.47,206414,358,0.7905,-3.4092,-2.5634
581,-100.1,206961,547,0.8025,-4.4129,-2.8694
582,-19.38,207034,73,0.7837,-2.4422,-4.08
583,-15.88,207386,352,0.779,-4.1328,-2.348
584,-37.71,207570,184,0.796,-2.4422,-3.1526
585,-20.0,207634,64,0.7999,-2.452,-4.2681
586,-30.46,207704,70,0.7547,-3.5138,-2.6555
587,-31.92,207777,73,0.7759,-3.8564,-2.6192
588,-170.14,208594,817,0.793,-3.2396,-2.6243
589,-26.38,208673,79,0.7698,-3.3383,-3.5802
590,-55.04,209097,424,0.7944,-3.952,-3.9791
591,-26.71,209209,112,0.8019,-2.6213,-4.2027
592,-28.77,209279,70,0.7562,-4.285,-4.0593
593,-29.35,209358,79,0.7829,-4.0616,-2.4422
594,-160.51,209977,619,0.7903,-3.5037,-2.024
595,-23.37,210035,58,0.7951,-4.157,-2.8662
596,-89.45,210405,370,0.7804,-3.3782,-3.5177
597,99.95,210406,1,1.2865,-2.3123,-2.061
598,-66.7,210761,355,0.8057,-2.3179,-4.0192
599,-74.36,211029,268,0.7964,-3.948,-2.8598
600,-41.69,211135,106,0.7818,-3.7773,-2.6632
601,-8.96,211337,202,0.7996,-3.0839,-3.1227
602,-158.85,212061,724,0.7883,-2.4286,-2.7237
603,-65.19,212329,268,0.7788,-4.4336,-4.3764
604,-25.36,212411,82,0.7695,-2.9961,-3.2845
605,-24.44,212478,67,0.805,-3.8495,-3.4534
606,101.07,212576,98,0.7927,-2.6052,-2.4335
607,111.88,212860,284,0.7809,-3.0969,-3.5366
608,-60.59,213068,208,0.7979,-3.8233,-3.1952
609,-67.97,213276,208,0.7867,-3.7131,-3.0898
610,-19.71,213346,70,0.7626,-2.8084,-4.3348
611,-151.55,214058,712,0.7915,-4.4973,-3.9693
612,-70.87,214506,448,0.803,-2.2637,-2.8843
613,-40.13,214630,124,0.7997,-4.0701,-2.2743
614,-38.37,214952,322,0.7861,-3.3251,-3.3098
615,-3.36,215370,418,0.8008,-2.1611,-4.3513
616,-24.12,215434,64,0.8072,-3.9621,-3.0356
617,-39.87,215624,190,0.8065,-4.0113,-2.8012
618,-54.56,216024,400,0.8008,-3.9648,-4.2521
619,-142.05,216649,625,0.7911,-3.9825,-3.4432
620,-98.77,217445,796,0.7961,-4.0597,-4.1633
621,-43.12,217644,199,0.7982,-2.3493,-3.699
622,-27.24,217750,106,0.7898,-3.5981,-4.3618
623,-27.59,218330,580,0.7775,-3.6066,-3.838
624,-56.01,218613,283,0.7703,-2.9738,-3.9865
625,99.95,218614,1,1.4305,-2.2791,-2.1758
626,-149.05,219263,649,0.7857,-4.2504,-4.2315
627,-46.98,219417,154,0.7965,-4.2117,-2.9511
628,-84.82,219682,265,0.7962,-4.1951,-2.369
629,-21.77,219743,61,0.7881,-2.6143,-2.4505
630,-23.15,219816,73,0.8077,-3.1848,-2.0083
631,-111.41,220306,490,0.7927,-4.3896,-3.4968
632,-38.98,220406,100,0.7856,-3.6902,-2.1284
633,-84.78,220812,406,0.779,-3.0578,-2.4845
634,-121.1,221407,595,0.8074,-4.0741,-2.0534
635,-33.52,221555,148,0.7905,-3.2534,-3.2658
636,-35.56,221706,151,0.7934,-2.0728,-3.5482
637,-31.1,221824,118,0.7782,-3.5062,-3.0381
638,-20.8,221903,79,0.7697,-4.1799,-3.6973
639,-36.34,222036,133,0.8023,-4.017,-4.2418
640,-20.54,222097,61,0.7965,-2.3346,-3.0267
641,-139.71,222797,700,0.7903,-3.6033,-3.4783
642,-56.92,223167,370,0.7939,-3.4212,-2.9171
643,99.95,223168,1,1.1645,-2.1831,-2.1681
644,-65.0,223439,271,0.772,-3.5213,-3.6768
645,-42.0,223575,136,0.7942,-3.3724,-3.0802
646,107.22,223838,263,0.7863,-3.3455,-2.8531
647,-21.43,223896,58,0.7732,-3.114,-3.6982
648,-28.47,223972,76,0.797,-3.6357,-3.5535
649,-84.5,224387,415,0.801,-4.2634,-4.0848
650,-21.85,224460,73,0.7408,-2.6922,-3.5273
651,-26.55,224542,82,0.7788,-3.9637,-3.0933
652,-25.09,224639,97,0.7902,-2.6112,-3.8564
653,99.95,224640,1,1.0438,-2.433,-2.1812
654,-22.87,224698,58,0.8122,-3.0065,-2.8276
655,-24.65,224771,73,0.782,-4.3686,-2.1362
656,-94.43,225120,349,0.7841,-3.5188,-2.1902
657,3.41,225454,334,0.7901,-3.0526,-4.4885
658,-33.3,225539,85,0.7998,-4.4036,-2.799
659,128.92,225766,227,0.77,-3.0933,-4.4337
660,-159.42,226421,655,0.8083,-2.6414,-2.3696
661,-90.83,226797,376,0.7976,-3.259,-3.3356
662,-37.56,226909,112,0.7912,-4.4863,-2.5334
663,-7.95,227261,352,0.7873,-3.6732,-2.3031
664,-35.78,227394,133,0.8206,-3.5673,-3.0873
665,-25.69,227476,82,0.7872,-3.8241,-4.0985
666,-25.99,227696,220,0.7858,-2.5627,-3.2585
667,-24.62,227769,73,0.8074,-3.1588,-2.0865
668,99.95,227770,1,0.9517,-2.0911,-2.3609
669,-159.94,228530,760,0.7922,-4.031,-3.0143
670,-48.08,228783,253,0.805,-2.3046,-3.5638
671,-161.45,229462,679,0.7879,-4.2472,-2.4726
672,-31.11,229565,103,0.8086,-3.2956,-3.089
673,-18.18,229617,52,0.7466,-2.0446,-2.982
674,-33.42,229777,160,0.8058,-3.4376,-3.575
675,-23.61,229898,121,0.7889,-3.456,-4.204
676,-131.16,230595,697,0.7877,-2.5131,-2.4057
677,-71.39,230896,301,0.8032,-3.789,-3.7405
678,-38.14,231119,223,0.7879,-2.3142,-4.4401
679,-24.54,231204,85,0.7668,-3.1989,-3.3408
680,-90.02,231703,499,0.7994,-2.7747,-4.0915
681,-26.03,231776,73,0.8043,-2.8292,-3.5582
682,-15.45,232101,325,0.8062,-2.9532,-4.3998
683,-23.51,232468,367,0.7886,-3.3457,-3.1944
684,-47.91,232658,190,0.8023,-3.9642,-4.1509
685,-102.58,233151,493,0.7952,-4.0288,-3.6396
686,-80.63,233461,310,0.7883,-4.258,-2.1317
687,-145.94,234632,1171,0.8012,-3.4875,-2.4776
688,-20.63,234723,91,0.706,-2.064,-4.2982
689,-29.53,234874,151,0.7718,-2.8708,-2.3215
690,-44.9,235016,142,0.7987,-2.9144,-3.4274
691,-27.99,235497,481,0.797,-3.4223,-4.4103
692,-71.1,235792,295,0.7862,-3.1635,-2.0161
693,-30.84,235925,133,0.7924,-2.1032,-4.399
694,112.05,236194,269,0.7894,-2.7355,-3.7456
695,-22.59,236300,106,0.8163,-2.2425,-4.3872
696,99.95,236301,1,0.9423,-2.1603,-2.4063
697,-58.28,236737,436,0.793,-4.2062,-4.3504
698,-18.61,236783,46,0.7377,-2.4132,-4.1106
699,-55.08,237006,223,0.7887,-3.1628,-2.2106
700,-27.1,237112,106,0.8066,-3.0814,-3.5069
701,-39.46,237326,214,0.7935,-3.3875,-4.3422
702,-45.18,237543,217,0.7768,-2.0781,-3.7234
703,-44.8,237715,172,0.763,-4.0266,-3.7849
704,-125.42,238439,724,0.7826,-2.0891,-4.2643
705,-21.28,238491,52,0.7695,-2.3317,-2.7304
706,99.95,238492,1,0.9529,-2.425,-2.0603
707,99.95,238493,1,1.0024,-2.3946,-2.1415
708,-24.67,238584,91,0.7921,-4.1827,-2.5105
709,113.67,238730,146,0.7565,-3.1358,-3.1413
710,99.95,238731,1,0.9322,-2.2527,-2.0705
711,-34.57,238939,208,0.7988,-2.7379,-3.2927
712,-28.87,239033,94,0.8043,-3.359,-3.5341
713,-42.01,239343,310,0.7976,-3.596,-3.5212
714,-32.94,239479,136,0.7908,-4.2756,-4.3064
715,-34.32,239777,298,0.7896,-2.5503,-3.3848
716,-101.67,240363,586,0.8063,-2.1733,-2.9694
717,-79.08,240652,289,0.7954,-4.4121,-4.1062
718,-168.97,241430,778,0.7941,-3.9855,-2.0607
719,-161.56,242166,736,0.8018,-3.9532,-3.2106
720,99.95,242167,1,0.6399,-2.1596,-2.057
721,-65.67,242495,328,0.792,-3.9091,-4.3772
722,-29.86,242601,106,0.7587,-4.116,-4.3417
723,-31.29,242686,85,0.79,-4.0122,-3.0786
724,-45.51,242945,259,0.7885,-2.2189,-3.157
725,-65.6,243315,370,0.8045,-2.935,-3.9953
726,-27.54,243442,127,0.7755,-2.4985,-2.9555
727,99.95,243443,1,0.9058,-2.3397,-2.1279
728,-23.28,243531,88,0.7812,-3.6302,-4.2736
729,-56.16,243721,190,0.8218,-3.9352,-3.4054
730,-47.62,244067,346,0.7877,-2.1358,-3.5542
731,-61.91,244338,271,0.8039,-2.5731,-3.1488
732,-65.59,244597,259,0.7788,-4.043,-3.6982
733,-47.63,244787,190,0.7936,-2.867,-2.8179
734,-25.77,244884,97,0.8064,-3.4131,-3.9284
735,-23.63,244975,91,0.7894,-2.6952,-4.0778
736,-19.53,245054,79,0.7583,-2.1583,-4.0302
737,-38.63,245151,97,0.7532,-4.2317,-3.2559
738,-43.97,245305,154,0.7875,-3.2011,-3.2295
739,-52.37,245570,265,0.8033,-3.4083,-2.013
740,-24.33,245643,73,0.7549,-3.2843,-3.3051
741,-29.46,245773,130,0.7877,-3.4456,-4.3329
742,-62.04,246035,262,0.7853,-3.0176,-3.9301
743,-72.04,246591,556,0.7867,-2.906,-4.3729
744,99.26,246920,329,0.79,-2.0465,-3.3275
745,-79.62,247311,391,0.7897,-2.2581,-3.3111
746,-23.91,247384,73,0.7975,-4.3492,-2.4445
747,-39.82,247541,157,0.7824,-2.8795,-2.5456
748,-30.49,247623,82,0.7848,-3.4296,-2.9052
749,-69.33,248197,574,0.7963,-2.3594,-2.9223
750,-27.29,248285,88,0.8003,-3.6308,-2.8437
751,51.64,249382,1097,0.7969,-2.8204,-2.0985
752,-46.14,249554,172,0.7752,-3.5727,-3.4373
753,-93.07,250212,658,0.797,-2.4697,-3.2356
754,-47.03,250645,433,0.7937,-2.6586,-3.3507
755,-51.19,250841,196,0.8087,-3.9613,-2.637
756,-24.87,250914,73,0.7908,-4.1721,-4.0035
757,-30.1,251005,91,0.793,-2.9329,-2.6318
758,-20.77,251084,79,0.7289,-2.2633,-3.8185
759,-165.51,253500,2416,0.7992,-4.2232,-2.1099
760,-26.85,253591,91,0.7924,-4.1139,-4.0058
761,-128.63,254900,1309,0.796,-3.7717,-3.1765
762,-53.62,255129,229,0.7905,-2.2929,-2.5986
763,-34.0,255268,139,0.7939,-2.7296,-4.062
764,-25.51,255380,112,0.8007,-3.6058,-3.304
765,-21.33,255435,55,0.7856,-4.1314,-3.8164
766,-21.57,255547,112,0.802,-3.7292,-4.1818
767,-70.67,256421,874,0.7825,-3.1244,-2.7374
768,-48.98,256563,142,0.8101,-4.3252,-3.2972
769,-67.59,257038,475,0.788,-2.5445,-2.63
770,-22.05,257105,67,0.796,-2.4623,-3.3794
771,-41.17,257391,286,0.796,-2.4486,-3.8981
772,-29.58,257641,250,0.7818,-3.598,-4.0591
773,-39.46,257813,172,0.7968,-3.3313,-3.5198
774,-100.09,259026,1213,0.7909,-3.8977,-2.6205
775,-64.0,259267,241,0.7876,-3.7154,-3.818
776,-150.99,259853,586,0.7914,-4.1728,-3.4029
777,-11.22,260040,187,0.7969,-3.7426,-3.5768
778,-88.17,260542,502,0.7964,-3.91,-2.5921
779,-19.66,260657,115,0.8025,-2.175,-3.2552
780,-19.98,260724,67,0.7836,-2.8925,-2.3321
781,-21.14,260854,130,0.7862,-2.0029,-2.9662
782,99.95,260855,1,1.1926,-2.2756,-2.2285
783,-72.63,261819,964,0.8011,-2.5214,-3.3477
784,-77.69,262288,469,0.802,-4.2971,-4.4605
785,-68.8,263120,832,0.7998,-3.307,-3.2642
786,-50.98,263325,205,0.7977,-3.4816,-3.0796
787,-159.73,263974,649,0.7991,-3.1196,-2.4085
788,-31.62,264596,622,0.7816,-4.2284,-3.9371
789,-81.26,264906,310,0.815,-2.5175,-2.3804
790,99.95,264907,1,1.1294,-2.0129,-2.3177
791,-36.46,265121,214,0.784,-2.2753,-3.7141
792,-51.9,265467,346,0.8076,-3.4958,-3.8298
793,-26.08,265564,97,0.7925,-2.9843,-2.153
794,-80.52,266096,532,0.8032,-3.6384,-3.1075
795,-28.35,266211,115,0.7888,-3.7593,-4.0755
796,-23.89,266578,367,0.8004,-4.012,-4.3551
797,-22.78,266660,82,0.7863,-2.1268,-3.4928
798,-22.14,266766,106,0.7722,-2.4147,-2.7967
799,-29.26,266899,133,0.8009,-4.0202,-4.0613
800,-46.45,267077,178,0.8277,-2.47,-3.8382
801,-36.44,267450,373,0.794,-2.2168,-4.1499
802,-102.61,268321,871,0.7937,-2.8057,-2.4638
803,-36.67,268493,172,0.7808,-3.9119,-3.8095
804,-31.56,268644,151,0.7993,-2.0887,-3.8385
805,-68.98,268963,319,0.8012,-3.4251,-3.4187
806,-37.56,269093,130,0.7946,-3.8674,-2.5605
807,-158.71,270057,964,0.7976,-2.5704,-3.5542
808,-52.01,270301,244,0.7971,-2.4122,-3.9673
809,-28.65,270377,76,0.7742,-4.4892,-3.0721
810,-124.97,271113,736,0.7922,-2.0148,-4.4034
811,-46.03,271309,196,0.7993,-3.98,-3.2027
812,-98.93,271904,595,0.7955,-2.4751,-4.2774
813,-27.07,271977,73,0.8295,-3.5119,-2.6323
814,-22.79,272041,64,0.7943,-3.5711,-4.0279
815,-65.51,272264,223,0.8022,-4.0113,-3.4749
816,-22.6,272328,64,0.8285,-3.3015,-2.3455
817,-27.03,272434,106,0.8029,-2.8944,-2.774
818,104.01,272706,272,0.8021,-2.0425,-3.4704
819,-27.39,272803,97,0.8223,-3.4916,-2.1916
820,-52.11,273080,277,0.787,-3.8853,-2.6755
821,-41.98,273552,472,0.7887,-2.6136,-4.2555
822,-55.72,273958,406,0.7793,-3.3294,-3.9986
823,-80.59,274367,409,0.8018,-4.0366,-3.3404
824,-28.73,274440,73,0.7808,-3.7764,-2.5098
825,98.86,274487,47,0.7251,-2.231,-2.4932
826,119.88,274843,356,0.7851,-3.8349,-3.8147
827,-48.1,275210,367,0.7948,-3.8632,-4.1624
828,99.19,275596,386,0.8133,-2.1405,-3.4949
829,-41.59,275777,181,0.8014,-3.9383,-2.3833
830,-25.49,275880,103,0.7779,-3.502,-4.4122
831,-34.37,276010,130,0.8244,-4.0951,-2.9019
832,106.61,276453,443,0.8037,-2.5427,-3.9727
833,99.95,276454,1,1.0255,-2.2065,-2.3725
834,-21.94,276542,88,0.8187,-2.379,-3.9308
835,-33.83,276657,115,0.7873,-4.3737,-2.3314
836,-23.68,276733,76,0.7842,-3.7355,-2.9527
837,-35.48,276884,151,0.7766,-2.6001,-4.1793
838,-64.38,277260,376,0.7962,-2.5479,-2.1537
839,-46.54,277432,172,0.8044,-2.6791,-3.3969
840,-152.36,278201,769,0.7909,-2.3083,-3.1814
841,-57.89,278424,223,0.7913,-2.6381,-2.4487
842,-32.67,278551,127,0.783,-2.6266,-3.7804
843,-34.24,278657,106,0.7811,-4.2054,-3.9042
844,-73.77,278958,301,0.8057,-3.2428,-3.2368
845,-23.54,279031,73,0.7737,-3.0434,-3.5122
846,-39.97,279128,97,0.8118,-2.5328,-2.2171
847,-34.26,279222,94,0.7702,-3.8832,-2.6587
848,-29.28,279313,91,0.8245,-2.8051,-3.1923
849,-35.09,279416,103,0.7739,-4.0287,-2.5119
850,101.54,279481,65,0.7709,-2.0984,-2.6954
851,99.95,279482,1,1.0603,-2.2054,-2.0395
852,-50.85,279684,202,0.7833,-3.6199,-2.9044
853,-83.61,279982,298,0.791,-3.3152,-2.0334
854,-81.27,280340,358,0.811,-4.2655,-3.4691
855,-31.17,280479,139,0.8033,-2.3112,-3.7899
856,-23.2,280552,73,0.7889,-2.5305,-3.543
857,99.95,280553,1,0.9984,-2.0501,-2.2912
858,-38.95,280680,127,0.7788,-3.7467,-2.5745
859,-21.27,280744,64,0.7699,-3.6579,-2.9841
860,-41.17,280907,163,0.7894,-2.8538,-2.426
861,-19.95,280974,67,0.7761,-4.4389,-3.9496
862,-58.57,281398,424,0.7977,-2.7202,-3.0912
863,-79.75,282350,952,0.7902,-3.261,-4.362
864,-21.47,282423,73,0.8204,-3.6293,-2.3372
865,-95.48,283123,700,0.7877,-4.4228,-3.5089
866,-21.55,283505,382,0.7973,-2.1371,-4.3728
867,-63.12,283743,238,0.8018,-2.6257,-3.856
868,99.51,283850,107,0.782,-2.3335,-2.6348
869,-24.21,283953,103,0.8166,-2.2857,-3.9602
870,-35.48,284077,124,0.7692,-3.1718,-2.5518
871,-23.78,284168,91,0.8107,-3.8858,-3.9231
872,-25.1,284220,52,0.7332,-4.432,-2.1037
873,-56.12,284914,694,0.798,-2.725,-2.9111
874,-53.74,285086,172,0.7887,-2.64,-3.171
875,-36.7,285222,136,0.7793,-3.3097,-3.3762
876,-155.67,286186,964,0.7932,-2.8989,-3.9962
877,98.13,286260,74,0.7901,-2.2799,-2.4706
878,-112.06,286927,667,0.7957,-3.6261,-3.0535
879,-71.35,287498,571,0.7954,-4.1474,-2.0691
880,99.95,287499,1,2.3375,-2.2428,-2.1953
881,-54.18,287725,226,0.7751,-3.6696,-4.0772
882,-31.18,287852,127,0.7826,-3.9706,-4.275
883,-21.57,287904,52,0.7572,-4.1997,-4.3217
884,-108.16,288478,574,0.797,-2.0254,-4.3149
885,-21.11,288524,46,0.7973,-4.1686,-2.4319
886,-28.48,288618,94,0.819,-3.0494,-2.564
887,-141.84,289216,598,0.7815,-2.9227,-2.2946
888,-60.1,289496,280,0.8017,-2.9038,-3.1947
889,-41.73,289779,283,0.7875,-2.7181,-3.3815
890,-60.75,290020,241,0.8149,-3.6348,-3.3309
891,-54.24,290306,286,0.7874,-4.0757,-2.5086
892,-9.77,290751,445,0.7898,-3.8482,-4.1162
893,-160.59,291388,637,0.8017,-3.8841,-2.3948
894,-166.76,292139,751,0.7958,-3.6745,-2.7849
895,-28.83,292254,115,0.8001,-2.359,-4.3056
896,-74.26,292750,496,0.7992,-2.5874,-3.7308
897,-48.9,292916,166,0.7833,-3.9584,-2.7777
898,-84.82,293268,352,0.8132,-2.2255,-3.7625
899,-23.26,293335,67,0.764,-3.0779,-3.7754
900,-48.66,293525,190,0.8057,-3.1143,-2.9453
901,104.27,293767,242,0.8074,-2.9742,-2.9411
902,-24.58,293840,73,0.7899,-4.1623,-2.7661
903,-63.67,294075,235,0.7866,-2.8131,-2.7935
904,-35.2,294211,136,0.8132,-4.3148,-3.3829
905,-23.47,294290,79,0.7812,-3.4774,-4.2832
906,-24.76,294384,94,0.8265,-3.9441,-3.3976
907,-58.69,294856,472,0.8075,-2.6427,-3.9073
908,106.97,294987,131,0.8045,-2.4256,-3.1355
909,-22.32,295081,94,0.7976,-2.5989,-3.3186
910,-41.3,295259,178,0.7976,-3.252,-2.9507
911,-81.38,295629,370,0.8026,-2.1801,-3.2705
912,-61.92,295876,247,0.8063,-3.1784,-2.995
913,-96.39,296321,445,0.8012,-2.6562,-4.3204
914,-56.19,296514,193,0.8133,-3.2108,-3.296
915,-45.25,296677,163,0.7912,-2.1958,-3.2662
916,-70.12,297035,358,0.7822,-3.3292,-2.0945
917,-30.26,297171,136,0.7764,-3.3736,-4.0478
918,-30.78,297292,121,0.7951,-3.9577,-4.262
919,-22.86,297353,61,0.8115,-4.4986,-3.4201
920,102.88,297454,101,0.7885,-2.5769,-2.6663
921,119.11,297873,419,0.7898,-4.4196,-3.075
922,-44.17,298018,145,0.7953,-4.1143,-2.1473
923,-22.01,298073,55,0.8017,-4.0816,-2.9334
924,-46.23,298209,136,0.7759,-3.6844,-2.8961
925,-157.38,298996,787,0.7973,-3.4694,-2.6009
926,-34.13,299120,124,0.7829,-3.9233,-2.2355
927,-51.07,299343,223,0.8252,-3.2495,-2.6098
928,99.95,299344,1,1.0303,-2.3757,-2.0029
929,-38.88,299486,142,0.7941,-3.9401,-3.7828
930,-32.54,299598,112,0.7971,-3.8739,-3.8428
931,-27.56,299695,97,0.771,-3.0439,-2.0162
932,107.8,299799,104,0.7731,-2.0243,-3.1831
933,-98.68,300238,439,0.806,-2.9024,-2.3501
934,-59.84,300548,310,0.7914,-2.1677,-3.9903
935,-69.71,300945,397,0.7915,-3.1786,-2.4179
936,-122.76,301420,475,0.8083,-3.742,-3.4005
937,99.95,301421,1,0.9292,-2.0359,-2.0374
938,-26.23,301566,145,0.8032,-2.2347,-2.5039
939,-71.98,301876,310,0.7909,-3.8272,-3.6979
940,-154.79,302534,658,0.7952,-3.1318,-3.0981
941,-30.75,302628,94,0.7842,-3.2362,-2.9083
942,-106.38,303103,475,0.7942,-3.4792,-2.6271
943,-48.16,303446,343,0.8061,-3.6661,-3.6733
944,-40.05,303648,202,0.7773,-4.1819,-4.0282
945,-22.47,303706,58,0.7934,-2.3737,-3.3843
946,-61.46,303860,154,0.7766,-3.9303,-2.6016
947,-30.55,303981,121,0.8048,-3.115,-4.4471
948,-22.94,304048,67,0.7798,-3.7091,-4.0575
949,-21.96,304139,91,0.8163,-2.8603,-3.8124
950,-30.74,304740,601,0.7839,-4.3376,-4.3627
951,-75.52,305095,355,0.805,-3.0457,-4.4457
952,-103.93,305675,580,0.8004,-2.378,-4.1115
953,-31.48,305799,124,0.7988,-2.9836,-3.3883
954,-24.23,305887,88,0.8028,-3.3929,-4.3205
955,-27.0,305963,76,0.8202,-2.4931,-2.2674
956,-24.13,306063,100,0.8002,-4.4725,-4.0535
957,-30.31,306535,472,0.7997,-2.2402,-3.1263
958,-57.06,307016,481,0.7948,-4.1249,-3.993
959,-30.56,307125,109,0.7846,-2.85,-2.688
960,-26.04,307216,91,0.7789,-3.0014,-2.1171
961,-44.38,307580,364,0.7936,-3.2648,-3.7493
962,-26.92,307680,100,0.7883,-3.3069,-3.6008
963,-52.27,308077,397,0.7932,-3.939,-4.3851
964,-29.13,308162,85,0.7833,-3.6195,-2.7215
965,-44.36,309045,883,0.7762,-4.4539,-3.4021
966,-93.41,309649,604,0.8032,-2.89,-2.974
967,-20.86,309698,49,0.7563,-2.5584,-2.4737
968,-19.43,309756,58,0.8238,-2.7207,-4.243
969,-54.12,310144,388,0.8042,-3.3124,-2.9915
970,-124.83,310700,556,0.8096,-3.8861,-4.3936
971,-131.84,311286,586,0.8027,-3.941,-3.3628
972,-90.78,311752,466,0.7981,-3.4652,-4.0583
973,99.95,311753,1,1.2136,-2.439,-2.1858
974,-177.0,312954,1201,0.7784,-3.9966,-2.1761
975,-37.84,313081,127,0.7782,-4.4553,-2.1876
976,-25.71,313193,112,0.784,-2.1202,-4.4699
977,-22.67,313269,76,0.7506,-2.5925,-2.0745
978,99.95,313270,1,1.2227,-2.2352,-2.0732
979,-23.59,313652,382,0.7943,-3.1242,-4.3046
980,-30.89,313758,106,0.8042,-2.3755,-2.9654
981,-37.35,313888,130,0.7887,-2.9632,-3.4569
982,-39.93,314063,175,0.797,-3.0704,-4.1161
983,-19.84,314127,64,0.7937,-2.6506,-4.3125
984,-35.13,314266,139,0.8143,-2.6755,-2.3776
985,-45.78,314441,175,0.7934,-3.3188,-3.2254
986,-24.36,314517,76,0.7993,-3.7195,-2.0764
987,-117.21,315148,631,0.785,-2.6672,-3.5775
988,-22.8,315746,598,0.7957,-4.063,-3.9511
989,-26.97,315825,79,0.7955,-3.3402,-2.1436
990,-22.45,315895,70,0.7501,-2.6646,-3.9619
991,-21.18,315984,89,0.6809,-2.3511,-3.5545
992,-21.47,316066,82,0.5459,-2.3707,-3.8958
993,-26.55,316190,124,0.5455,-2.9533,-2.1833
994,-86.4,316644,454,0.5623,-3.8553,-2.7677
995,-38.48,317071,427,0.5536,-2.0317,-4.1235
996,-160.86,317750,679,0.5603,-4.279,-2.8145
997,-155.3,318666,916,0.5537,-3.6507,-4.3219
998,-101.67,319093,427,0.5616,-3.3117,-2.6156
999,-39.29,319280,187,0.5689,-3.7872,-3.6624
1000,-82.05,319812,532,0.571,-2.3858,-3.1998
1001,-30.4,319942,130,0.586,-2.3932,-3.384
1002,-24.1,320012,70,0.5674,-2.1176,-2.873
1003,-19.97,320082,70,0.556,-4.2103,-2.2873
1004,-28.05,320194,112,0.6432,-3.2768,-4.1459
1005,-114.87,320810,616,0.8079,-4.1183,-2.7812
1006,-30.56,320889,79,0.7762,-4.3816,-3.7835
1007,-36.22,321028,139,0.785,-4.1505,-3.3973
1008,-26.75,321116,88,0.7724,-3.4641,-3.1953
1009,-21.55,321183,67,0.7858,-3.8009,-4.4199
1010,-20.98,321238,55,0.8008,-2.964,-3.5657
1011,-23.81,321302,64,0.7688,-2.8717,-4.2283
1012,-115.42,321729,427,0.797,-4.4656,-3.8793
1013,-24.38,321790,61,0.7874,-3.3586,-3.5148
1014,-37.26,321932,142,0.7943,-2.4742,-3.5554
1015,-19.27,321987,55,0.8095,-3.1739,-3.0162
1016,-45.56,322306,319,0.7783,-4.4454,-3.2122
1017,-27.16,322391,85,0.7826,-3.6379,-3.4468
1018,-170.8,323241,850,0.7976,-4.2493,-2.5429
1019,-25.12,323341,100,0.7825,-2.144,-4.4443
1020,-23.73,323444,103,0.7658,-2.9966,-2.5904
1021,-24.94,323517,73,0.7894,-3.788,-2.5311
1022,-24.44,323629,112,0.8166,-2.9191,-2.1771
1023,-40.01,324122,493,0.7976,-2.0475,-4.3941
1024,-53.6,324342,220,0.7821,-3.3877,-3.1325
1025,-156.02,325075,733,0.79,-4.1331,-3.6593
1026,-30.5,325484,409,0.7954,-2.0309,-4.4594
1027,-69.52,325701,217,0.8097,-3.3687,-2.3934
1028,116.08,325982,281,0.7867,-3.6902,-3.3005
1029,-21.63,326037,55,0.7611,-2.0549,-3.3128
1030,-24.16,326098,61,0.7565,-4.1727,-4.3707
1031,-57.37,326408,310,0.8007,-2.1365,-3.8355
1032,-53.71,326649,241,0.791,-3.2398,-4.2732
1033,-25.06,326707,58,0.8273,-3.4409,-2.1747
1034,-76.63,327116,409,0.7897,-3.244,-2.0722
1035,-128.86,327681,565,0.7986,-3.8529,-3.2386
1036,-27.28,327787,106,0.7866,-2.3512,-3.3794
1037,-30.27,327917,130,0.7727,-3.8013,-2.3613
1038,-35.26,328041,124,0.7784,-3.5253,-3.1732
1039,-127.97,328711,670,0.7933,-2.0587,-4.0338
1040,-25.28,328796,85,0.7759,-3.7465,-4.4223
1041,-65.5,329103,307,0.7987,-3.5204,-3.9995
1042,-37.06,329644,541,0.7959,-2.7999,-4.0467
1043,-27.54,329774,130,0.8186,-2.813,-3.8413
1044,-25.08,329892,118,0.7818,-3.612,-3.6278
1045,-81.23,330301,409,0.7924,-2.7081,-3.3337
1046,-63.35,330515,214,0.7929,-3.5968,-2.3684
1047,-21.11,330588,73,0.7892,-3.0701,-3.9654
1048,-64.82,331063,475,0.7979,-2.2498,-3.6434
1049,-25.9,331127,64,0.8133,-4.4026,-3.2635
1050,-48.97,331317,190,0.7909,-4.1902,-3.9038
1051,-46.79,331588,271,0.8075,-2.6322,-4.1731
1052,97.53,331641,53,0.8153,-2.4826,-2.1577
1053,-40.07,331816,175,0.7993,-2.9837,-2.7241
1054,-171.97,332681,865,0.7837,-2.716,-2.018
1055,-20.45,332748,67,0.836,-3.6462,-4.0929
1056,-24.11,332803,55,0.7695,-3.2021,-3.1669
1057,-25.01,332876,73,0.7968,-4.0552,-2.9672
1058,-42.85,333033,157,0.8172,-4.4647,-2.1808
1059,-35.16,333169,136,0.7637,-3.8386,-4.4011
1060,-78.77,334814,1645,0.7953,-4.2294,-3.8994
1061,-21.95,334869,55,0.8009,-3.8152,-4.418
1062,-48.67,335020,151,0.7915,-3.8016,-4.0176
1063,-60.62,335696,676,0.7983,-3.5534,-3.5371
1064,-40.02,335859,163,0.7852,-3.6525,-3.6802
1065,-45.69,336013,154,0.7815,-4.2757,-4.437
1066,-54.5,336311,298,0.8071,-3.9947,-2.6084
1067,99.95,336312,1,0.5838,-2.023,-2.1787
1068,-61.32,337009,697,0.7953,-3.2395,-3.1704
1069,-88.67,337349,340,0.7908,-3.7135,-2.5652
1070,-25.52,337452,103,0.786,-2.5881,-2.3893
1071,-38.71,337579,127,0.7801,-2.2612,-3.4141
1072,-54.34,337796,217,0.7823,-2.5828,-2.484
1073,-65.37,338058,262,0.7901,-3.7289,-2.1769
1074,-27.21,338116,58,0.7883,-4.2641,-2.0143
1075,-117.17,338690,574,0.781,-2.5748,-4.2668
1076,-50.26,339099,409,0.7811,-2.8594,-4.4146
1077,-23.6,339154,55,0.8436,-2.5745,-2.5019
1078,-37.27,339245,91,0.8018,-2.994,-2.3578
1079,-30.28,339333,88,0.7805,-4.2553,-3.8102
1080,1.37,339613,280,0.8001,-3.4646,-4.3939
1081,-22.41,339668,55,0.7744,-3.3795,-3.837
1082,-43.0,339840,172,0.7794,-3.5182,-3.4372
1083,-40.52,340057,217,0.798,-2.3015,-3.8241
1084,-24.35,340133,76,0.7854,-2.2656,-3.4351
1085,-29.86,340227,94,0.7952,-3.6805,-3.2437
1086,-86.61,340741,514,0.802,-3.4556,-3.8566
1087,-114.8,341312,571,0.7885,-3.2433,-4.1205
1088,-74.32,341619,307,0.7889,-3.6202,-3.0855
1089,-53.53,341830,211,0.7999,-3.4665,-2.4402
1090,-28.01,341927,97,0.7899,-3.8582,-2.0756
1091,97.59,341995,68,0.7547,-2.5382,-2.081
1092,-26.03,342128,133,0.7878,-2.4047,-4.1447
1093,-38.04,342306,178,0.8003,-3.1838,-4.0751
1094,-40.87,342481,175,0.7847,-2.4544,-3.0396
1095,-40.59,342587,106,0.7854,-3.8414,-2.176
1096,-35.52,342687,100,0.8359,-4.212,-3.0903
1097,-57.71,342979,292,0.7921,-2.6974,-4.3529
1098,-32.88,343115,136,0.7808,-3.0054,-2.4602
1099,-23.25,343173,58,0.7889,-4.3312,-3.2194
1100,-71.38,343489,316,0.7917,-3.8536,-2.8427
1101,-44.38,343622,133,0.8036,-4.2033,-2.1574
1102,-22.67,343710,88,0.7803,-2.2632,-4.0351
1103,-159.79,344347,637,0.7934,-3.6918,-3.0309
1104,-50.73,344531,184,0.7974,-2.7048,-3.3934
1105,-71.05,344814,283,0.7971,-4.1093,-4.2396
1106,-37.54,345364,550,0.7997,-2.0006,-3.3616
1107,-57.09,345929,565,0.7957,-2.3187,-3.2941
1108,-26.34,346065,136,0.7985,-2.1941,-4.2806
1109,-120.75,346573,508,0.7944,-4.215,-2.1759
1110,-95.19,347363,790,0.7942,-2.1313,-3.7132
1111,-77.01,347619,256,0.7841,-3.6121,-3.3689
1112,-37.91,348112,493,0.7893,-3.4596,-4.0249
1113,-23.03,348182,70,0.751,-2.2541,-3.8667
1114,-19.79,348237,55,0.8309,-2.7368,-4.3321
1115,-41.03,348412,175,0.7821,-4.4031,-2.8657
1116,-107.22,348971,559,0.791,-3.6525,-2.8614
1117,-43.13,349116,145,0.773,-4.2649,-2.1254
1118,-25.67,349207,91,0.7952,-2.6287,-2.3093
1119,-149.99,349835,628,0.8165,-4.1588,-3.6996
1120,-41.81,349971,136,0.8114,-3.5791,-3.1571
1121,-31.07,350074,103,0.789,-3.7578,-4.3484
1122,-24.92,350141,67,0.764,-3.5778,-3.8636
1123,-16.78,350514,373,0.809,-3.5352,-4.0076
1124,-150.69,350995,481,0.7872,-3.8453,-2.9326
1125,-31.67,351113,118,0.7997,-3.5296,-3.6365
1126,89.36,351631,518,0.7867,-3.1652,-2.5703
1127,-16.34,351974,343,0.7741,-3.5528,-3.0312
1128,-27.78,352083,109,0.7878,-2.0845,-3.195
1129,-81.77,352705,622,0.7958,-2.2255,-2.5158
1130,-25.94,352793,88,0.7635,-4.3532,-3.4273
1131,100.86,352888,95,0.7877,-2.7542,-2.0332
1132,-26.91,353285,397,0.8012,-3.3541,-4.268
1133,-20.17,353529,244,0.8022,-3.095,-4.1836
1134,-27.77,353632,103,0.7707,-2.6212,-3.2308
1135,-47.22,353756,124,0.7903,-2.6914,-2.3266
1136,-155.37,354402,646,0.7966,-2.9276,-2.9689
1137,-34.18,354520,118,0.794,-2.6136,-2.3939
1138,-5.54,354920,400,0.7743,-2.3274,-4.4089
1139,-37.8,355212,292,0.7874,-3.1095,-3.9593
1140,-26.48,355318,106,0.7689,-2.3491,-2.879
1141,-25.29,355412,94,0.7811,-3.4494,-4.0297
1142,-25.99,355497,85,0.8918,-3.6524,-2.7406
1143,-28.27,355588,91,0.7755,-3.9891,-4.266
1144,-17.0,355685,97,0.7873,-2.2799,-2.5895
1145,-25.89,355779,94,0.7895,-4.0005,-3.7692
1146,93.59,355994,215,0.7841,-2.0698,-2.7295
1147,-48.03,356226,232,0.8046,-2.9737,-3.7309
1148,-59.34,356929,703,0.7941,-3.7522,-4.4012
1149,-52.34,357572,643,0.8034,-2.6788,-4.3921
1150,-64.31,357789,217,0.7987,-4.4879,-2.6763
1151,100.01,357848,59,0.7585,-2.1278,-2.6087
1152,-26.97,357930,82,0.7716,-3.3209,-3.2849
1153,-27.94,358021,91,0.794,-3.4097,-3.6884
1154,-99.98,358478,457,0.8017,-3.1957,-3.4221
1155,-28.82,358560,82,0.7997,-3.0046,-2.2547
1156,-78.44,358918,358,0.8014,-2.0125,-4.3031
1157,-29.95,359003,85,0.7758,-3.5383,-4.0482
1158,-28.83,359097,94,0.7801,-3.6197,-3.7813
1159,-29.68,359203,106,0.768,-4.0637,-2.5898
1160,-146.86,360032,829,0.7937,-3.2593,-2.2019
1161,-39.54,360162,130,0.8056,-4.4185,-4.3326
1162,-34.54,360256,94,0.7996,-3.4918,-4.2993
1163,-25.12,360338,82,0.7931,-3.8432,-2.0349
1164,-56.37,360633,295,0.8051,-3.9776,-4.0047
1165,-21.77,360691,58,0.8141,-3.0659,-3.255
1166,-66.43,360959,268,0.7917,-3.0489,-3.5582
1167,115.3,361267,308,0.803,-2.4331,-4.1535
1168,-47.85,361457,190,0.8007,-3.429,-2.7756
1169,-19.76,361521,64,0.7995,-2.3294,-3.5761
1170,-25.0,361603,82,0.7482,-3.0806,-4.3272
1171,-71.3,361922,319,0.7917,-4.0742,-4.3272
1172,111.19,362221,299,0.7828,-2.6803,-3.7799
1173,-49.6,362894,673,0.7901,-2.6906,-4.334
1174,93.92,363037,143,0.7822,-2.3436,-2.4112
1175,-24.42,363107,70,0.8092,-4.2777,-4.4406
1176,-31.92,363243,136,0.7872,-4.3593,-2.3659
1177,-28.39,363325,82,0.7882,-3.9132,-3.1293
1178,-123.77,363950,625,0.8011,-3.4344,-2.5112
1179,-26.15,364026,76,0.8521,-3.2778,-3.2483
1180,-26.07,364144,118,0.8033,-2.0273,-4.1247
1181,115.61,364542,398,0.7833,-2.4232,-4.3706
1182,-19.87,364597,55,0.8123,-3.3059,-2.2842
1183,-60.6,365090,493,0.7894,-2.837,-2.787
1184,-112.91,365622,532,0.8016,-3.8417,-3.4536
1185,-61.52,366370,748,0.7851,-3.5835,-3.1964
1186,-68.88,366944,574,0.7931,-3.3444,-3.6828
1187,-31.83,367086,142,0.7889,-3.7363,-3.8729
1188,-70.61,367390,304,0.7876,-3.5874,-4.1251
1189,-30.69,367520,130,0.7734,-2.3197,-2.9947
1190,-38.58,367674,154,0.7777,-4.1655,-2.7654
1191,-83.08,368929,1255,0.7979,-2.3808,-3.9062
1192,-23.06,369353,424,0.786,-4.1235,-4.4785
1193,-24.75,369432,79,0.7798,-4.3819,-2.5944
1194,-22.07,369490,58,0.7812,-2.032,-4.3878
1195,-75.28,369992,502,0.8033,-2.6298,-4.3203
1196,-25.51,370074,82,0.778,-3.0197,-2.6098
1197,-18.33,370330,256,0.8119,-3.602,-4.4727
1198,-169.54,370955,625,0.8001,-3.012,-2.0219
1199,-67.75,371439,484,0.7959,-3.856,-4.0263
1200,-62.19,371653,214,0.7859,-4.1902,-3.1119
1201,-101.95,372017,364,0.7986,-3.0089,-2.5193
1202,-34.19,372177,160,0.7651,-2.6173,-2.2686
1203,-20.25,372727,550,0.7977,-2.4856,-3.8818
1204,-28.34,372809,82,0.8029,-3.1103,-3.7565
1205,-89.99,373194,385,0.8074,-3.6755,-2.1701
1206,101.78,373280,86,0.7733,-2.7953,-2.0635
1207,-33.25,373389,109,0.7727,-3.4577,-3.1564
1208,-28.83,373477,88,0.7496,-3.2822,-4.2318
1209,-25.28,373991,514,0.78,-3.9082,-3.1809
1210,-23.37,374061,70,0.7778,-4.3316,-2.1713
1211,-55.61,374227,166,0.7713,-4.1904,-4.005
1212,-95.44,374810,583,0.7995,-2.5867,-4.2577
1213,-21.76,374946,136,0.7994,-2.2493,-2.6857
1214,-29.89,375031,85,0.7924,-4.3284,-2.7704
1215,-30.47,375143,112,0.7747,-2.9209,-2.6066
1216,-24.81,375219,76,0.7824,-2.4295,-2.7041
1217,-29.66,375328,109,0.7711,-3.0346,-3.6938
1218,101.37,375414,86,0.7774,-2.7568,-2.1076
1219,-23.42,375469,55,0.8283,-3.0312,-2.8391
1220,-81.87,375791,322,0.7954,-3.4072,-2.6097
1221,-44.71,376032,241,0.7789,-2.0058,-4.099
1222,-31.86,376117,85,0.7788,-3.994,-3.1514
1223,-28.95,376190,73,0.7809,-3.2966,-3.0711
1224,-136.46,376743,553,0.7979,-4.3773,-3.4893
1225,-64.61,377041,298,0.801,-3.0426,-3.037
1226,-37.9,377159,118,0.7871,-2.8567,-2.6995
1227,-70.07,377412,253,0.7941,-2.8961,-2.5244
1228,-31.06,377500,88,0.8154,-2.9381,-3.1562
1229,-41.4,377903,403,0.7991,-2.9845,-4.247
1230,-22.21,377976,73,0.7997,-3.8171,-3.1815
1231,-23.07,378025,49,0.7724,-2.3175,-2.8024
1232,-93.16,378848,823,0.8075,-4.274,-3.0193
1233,-37.61,378972,124,0.7952,-3.9457,-2.665
1234,-23.44,379030,58,0.7754,-2.4314,-3.0164
1235,-28.57,379142,112,0.8272,-3.0216,-3.6535
1236,-30.3,379221,79,0.8099,-3.3844,-2.3397
1237,-16.19,379369,148,0.7901,-2.6917,-3.2006
1238,-73.92,379784,415,0.8042,-3.5794,-4.3741
1239,-64.63,380058,274,0.7817,-4.1425,-4.0174
1240,-26.86,380131,73,0.8042,-3.5665,-2.1396
1241,-21.36,380192,61,0.7535,-3.2371,-3.9129
1242,-26.11,380259,67,0.8064,-4.2356,-3.6542
1243,-108.89,380812,553,0.7969,-2.4607,-3.5416
1244,-95.86,381302,490,0.7956,-2.5687,-2.4932
1245,-59.59,381525,223,0.8026,-4.2229,-2.9784
1246,-20.22,381589,64,0.7874,-2.1023,-3.4947
1247,63.16,383004,1415,0.7922,-4.3726,-2.1917
1248,-23.33,383062,58,0.802,-2.2908,-3.1946
1249,-25.37,383126,64,0.8165,-3.1194,-3.9706
1250,-25.38,383217,91,0.8118,-2.4514,-3.2535
1251,-75.22,383950,733,0.791,-4.4153,-2.7925
1252,99.95,383951,1,1.4722,-2.1238,-2.4271
1253,-24.59,384039,88,0.7941,-3.807,-4.3667
1254,99.95,384040,1,1.0142,-2.1491,-2.1573
1255,-44.39,384194,154,0.7848,-3.169,-2.8942
1256,-22.29,384273,79,0.8094,-3.3435,-3.4506
1257,-20.4,384346,73,0.7995,-4.2014,-4.2581
1258,-39.8,384464,118,0.787,-3.9182,-2.4084
1259,-28.68,384543,79,0.8308,-4.1354,-3.9333
1260,-28.67,384664,121,0.7824,-3.1285,-3.9622
1261,-89.28,385094,430,0.7958,-4.092,-3.0917
1262,-43.28,385233,139,0.8061,-3.5798,-2.9346
1263,-19.3,385300,67,0.8088,-2.2195,-4.1225
1264,99.95,385301,1,0.8925,-2.2164,-2.2438
1265,-22.26,385350,49,0.8006,-2.4273,-2.9218
1266,-56.81,385564,214,0.7861,-2.9496,-2.902
1267,-41.79,385919,355,0.7946,-2.7738,-4.4588
1268,-89.26,386661,742,0.7938,-2.1048,-3.036
1269,-99.73,387319,658,0.7914,-2.5463,-3.5568
1270,-25.76,387410,91,0.8097,-4.469,-3.2257
1271,-34.11,387510,100,0.7853,-3.232,-3.4075
1272,-30.93,387724,214,0.7839,-3.6507,-3.8754
1273,-52.28,387893,169,0.804,-3.1811,-3.5618
1274,-17.53,387960,67,0.788,-2.0752,-4.0677
1275,-76.51,388309,349,0.7744,-3.7008,-3.7651
1276,-53.44,388535,226,0.7987,-3.1417,-3.2518
1277,-26.75,388605,70,0.8097,-2.8906,-2.125
1278,-48.86,388774,169,0.7979,-3.7869,-2.7681
1279,-55.52,388991,217,0.7937,-4.4374,-3.844
1280,-23.39,389076,85,0.7673,-3.3407,-4.4225
1281,-23.39,389134,58,0.7682,-2.9558,-2.8042
1282,-40.62,389273,139,0.7934,-2.6332,-3.2086
1283,-43.08,389466,193,0.7987,-2.9901,-3.5098
1284,-25.04,389785,319,0.7512,-4.3969,-4.2501
1285,-20.7,389849,64,0.7571,-2.8625,-2.0111
1286,-37.52,390000,151,0.7757,-4.4605,-3.106
1287,-23.33,390073,73,0.7878,-2.6225,-2.4331
1288,-62.47,390512,439,0.7865,-3.137,-2.9502
1289,-34.49,390591,79,0.7868,-2.7582,-2.3526
1290,-60.75,390847,256,0.754,-4.1943,-2.1845
1291,-31.31,390899,52,0.7882,-4.435,-2.4095
1292,-27.0,390954,55,0.7929,-4.3081,-4.0134
1293,-76.02,391366,412,0.7902,-4.4903,-3.3869
1294,-40.02,392039,673,0.796,-3.6641,-4.085
1295,-24.53,392106,67,0.7858,-3.3723,-3.4941
1296,-15.35,392200,94,0.8254,-2.5808,-2.2672
1297,-38.53,392636,436,0.7791,-2.8686,-4.189
1298,-118.58,393240,604,0.7871,-3.7615,-2.2167
1299,-82.82,393631,391,0.7935,-4.2782,-3.4829
1300,99.95,393632,1,1.047,-2.1437,-2.1233
1301,-64.6,393888,256,0.8014,-3.472,-2.8315
1302,-109.37,394381,493,0.7968,-3.3581,-2.6163
1303,-57.42,394751,370,0.8132,-4.421,-4.1396
1304,-20.77,394827,76,0.7554,-2.9645,-3.9186
1305,-34.06,394915,88,0.7557,-2.8349,-3.6219
1306,-35.19,395081,166,0.7985,-2.2834,-2.4519
1307,-46.26,395223,142,0.8,-3.2679,-2.5678
1308,-75.49,395491,268,0.7882,-3.8222,-3.2644
1309,-86.2,395822,331,0.7827,-4.0063,-2.3478
1310,-110.12,397104,1282,0.7893,-2.4423,-2.2446
1311,99.95,397105,1,1.172,-2.3063,-2.101
1312,-23.03,397199,94,0.7797,-3.9292,-2.1704
1313,-45.88,397539,340,0.7926,-3.072,-3.4438
1314,-23.41,397606,67,0.7861,-3.0991,-3.6435
1315,-23.08,398117,511,0.8053,-3.7786,-3.8967
1316,-35.65,398211,94,0.788,-4.2939,-3.2586
1317,-29.75,398278,67,0.7699,-2.2806,-2.9246
1318,-26.47,398369,91,0.7788,-3.1976,-3.4285
1319,-91.0,398892,523,0.7916,-3.339,-3.9768
1320,-60.38,399172,280,0.7927,-2.4427,-4.004
1321,-28.52,399248,76,0.7785,-2.7084,-2.6
1322,-33.81,399408,160,0.7844,-3.0628,-2.3427
1323,-29.0,399499,91,0.8308,-3.7724,-2.296
1324,-127.01,400346,847,0.7893,-2.6765,-2.5031
1325,101.81,400489,143,0.7972,-2.8386,-2.3841
1326,-118.5,401156,667,0.7902,-2.0173,-3.4496
1327,-20.1,401226,70,0.7795,-2.4652,-2.6386
1328,-53.89,401455,229,0.7963,-3.3678,-2.1826
1329,-40.59,401594,139,0.7784,-3.5139,-3.0863
1330,-61.04,401814,220,0.8106,-4.2351,-3.9356
1331,-141.68,402562,748,0.79,-2.3983,-3.5086
1332,-114.79,403157,595,0.7921,-3.5148,-3.885
1333,-147.47,403872,715,0.7933,-3.271,-2.4855
1334,-58.97,404206,334,0.8011,-2.2621,-4.3247
1335,-32.88,404324,118,0.7837,-3.0629,-3.3318
1336,-18.42,404595,271,0.7784,-2.9643,-3.3818
1337,-23.05,404650,55,0.7633,-3.5034,-3.3203
1338,-28.13,404714,64,0.8036,-3.045,-3.2475
1339,-26.91,404808,94,0.7934,-3.3196,-2.4554
1340,118.04,404909,101,0.7831,-2.6359,-3.6466
1341,-21.58,405000,91,0.7903,-2.4986,-2.3659
1342,-68.48,405250,250,0.7832,-4.1163,-3.0433
1343,-23.69,405314,64,0.7923,-3.7867,-2.6521
1344,-87.84,405711,397,0.8072,-3.903,-2.8215
1345,-54.11,405904,193,0.7837,-3.8622,-3.2221
1346,-21.82,405992,88,0.8195,-2.1284,-3.5467
1347,99.95,405993,1,1.0469,-2.3107,-2.0326
1348,-40.3,406387,394,0.8034,-2.3129,-4.0853
1349,115.65,406785,398,0.7817,-2.4509,-4.4196
1350,-33.78,406885,100,0.8165,-3.5167,-2.3232
1351,-26.76,406958,73,0.8016,-2.7781,-3.1681
1352,-34.65,407055,97,0.7958,-3.5303,-2.4693
1353,-29.3,407128,73,0.7649,-2.7261,-3.329
1354,-70.67,407771,643,0.8073,-2.2688,-3.9251
1355,-113.49,408180,409,0.7895,-4.074,-2.893
1356,-70.39,408691,511,0.7972,-2.07,-3.8819
1357,-157.62,409598,907,0.7949,-3.8758,-4.1513
1358,-18.92,409653,55,0.777,-2.3486,-3.934
1359,-35.33,409783,130,0.7731,-3.2421,-2.0228
1360,-104.05,410297,514,0.7995,-4.4696,-3.1088
1361,97.14,410647,350,0.7712,-3.2193,-2.4814
1362,-23.41,410720,73,0.7967,-3.6118,-3.4741
1363,-30.42,410784,64,0.8198,-4.0802,-2.648
1364,-54.23,411016,232,0.8185,-2.5382,-4.1583
1365,-17.63,411251,235,0.7837,-3.5164,-2.2677
1366,-19.53,411321,70,0.5296,-4.4932,-3.7531
1367,-24.79,411772,451,0.5605,-3.1124,-3.6648
1368,-133.15,412733,961,0.5719,-3.8199,-3.3499
1369,-80.35,413124,391,0.5681,-4.0462,-3.1759
1370,-22.15,413221,97,0.5256,-2.7333,-3.0618
1371,-35.89,413354,133,0.571,-4.2672,-2.389
1372,-24.89,413448,94,0.5633,-4.0626,-2.588
1373,-85.94,413935,487,0.5603,-3.5986,-2.5431
1374,-26.37,414029,94,0.5314,-3.9843,-4.0333
1375,-61.72,414555,526,0.5615,-3.2574,-4.4177
1376,-146.49,415579,1024,0.5984,-3.9368,-2.69
1377,-23.19,415676,97,0.5562,-2.4065,-4.298
1378,98.5,415747,71,0.5899,-2.2948,-2.5062
1379,-68.91,416240,493,0.5625,-2.3258,-2.7539
1380,-40.01,416646,406,0.5495,-2.8146,-3.1873
1381,-12.28,416800,154,0.568,-2.868,-2.2022
1382,-39.11,416978,178,0.5775,-4.2487,-3.7106
1383,-29.83,417120,142,0.5953,-4.3189,-2.138
1384,-103.46,417814,694,0.5617,-3.3868,-2.8116
1385,99.95,417815,1,0.744,-2.3972,-2.0225
1386,-64.55,418149,334,0.553,-4.0955,-2.5012
1387,-20.97,418261,112,0.5585,-2.2814,-4.3778
1388,-32.68,418373,112,0.5285,-2.6148,-3.6132
1389,-42.83,418509,136,0.5502,-2.8785,-3.2149
1390,-159.06,419506,997,0.5568,-3.8506,-4.1619
1391,-47.61,419717,211,0.5689,-4.2076,-4.2417
1392,-21.99,419781,64,0.5434,-2.9055,-3.6215
1393,-53.16,419965,184,0.6087,-3.9584,-2.7703
1394,-25.97,420254,289,0.5591,-2.7829,-3.1521
1395,111.13,420409,155,0.566,-2.1626,-3.5365
1396,-19.26,421076,667,0.5578,-2.4103,-4.3122
1397,-16.24,421149,73,0.5336,-2.6504,-2.0289
1398,-103.39,422029,880,0.5769,-2.3835,-3.0508
1399,-21.39,422114,85,0.5798,-2.9331,-3.6168
1400,-88.04,422670,556,0.5656,-2.8013,-2.574
1401,-22.23,422746,76,0.5653,-2.0044,-3.2688
1402,-84.15,423275,529,0.5617,-4.3467,-3.0104
1403,-29.45,423408,133,0.5582,-4.2024,-3.8881
1404,-39.63,423541,133,0.5366,-3.6781,-2.6724
1405,-55.13,423791,250,0.5451,-4.0405,-4.0856
1406,-114.9,424443,652,0.5601,-4.3876,-2.3169
1407,-19.0,424507,64,0.5268,-2.7662,-4.4001
1408,-73.2,425003,496,0.564,-4.4293,-3.1033
1409,-31.38,425100,97,0.5671,-3.7937,-3.0082
1410,-87.38,425575,475,0.5731,-3.4135,-2.1917
1411,-34.61,425729,154,0.5381,-3.7805,-2.8021
1412,-66.6,426066,337,0.5588,-4.3649,-2.1103
1413,100.26,426137,71,0.579,-2.0481,-2.6523
1414,118.53,426451,314,0.5454,-3.337,-3.95
1415,-97.81,426962,511,0.5634,-2.4687,-2.6591
1416,-35.14,427071,109,0.5561,-3.9451,-3.372
1417,-44.97,427270,199,0.5556,-3.343,-2.434
1418,-56.74,427529,259,0.5592,-2.7904,-2.8921
1419,109.45,427909,380,0.5636,-2.8754,-3.8238
1420,-82.2,428762,853,0.648,-3.5707,-4.3858
1421,-72.23,429225,463,0.8022,-2.5326,-3.4175
1422,-43.52,429406,181,0.8127,-3.4044,-3.8866
1423,-62.59,429728,322,0.795,-3.9764,-3.0304
1424,-63.23,429975,247,0.8121,-3.9186,-4.3395
1425,-148.21,430723,748,0.7809,-2.5812,-3.5588
1426,-42.57,430877,154,0.7748,-3.5494,-3.4217
1427,106.76,431212,335,0.7678,-2.4624,-3.6979
1428,-42.15,431318,106,0.7992,-2.6049,-2.1511
1429,-25.44,431373,55,0.7972,-2.8478,-3.4208
1430,-30.99,431494,121,0.7729,-2.6305,-3.3553
1431,-56.08,431675,181,0.7961,-3.4639,-3.1868
1432,-42.52,431859,184,0.8178,-3.7057,-4.2394
1433,-40.62,431989,130,0.775,-3.4629,-4.1904
1434,-44.26,432122,133,0.7792,-3.4739,-3.1077
1435,-15.41,432378,256,0.7863,-2.1732,-4.4094
1436,-30.38,432814,436,0.7687,-2.9464,-3.3557
1437,-55.31,433643,829,0.7798,-4.4493,-3.8761
1438,-24.32,433701,58,0.7744,-4.2038,-3.958
1439,-54.07,434164,463,0.8149,-3.8136,-3.4967
1440,-140.51,434927,763,0.7882,-3.1774,-4.4975
1441,-23.46,434970,43,0.8222,-4.0953,-4.2661
1442,-72.71,435319,349,0.7953,-3.1258,-3.6773
1443,-76.18,435755,436,0.8013,-3.129,-3.9454
1444,-34.45,435864,109,0.7652,-4.4394,-2.1466
1445,-47.83,436060,196,0.5709,-4.2292,-4.1829
1446,-175.35,436922,862,0.5711,-4.1336,-2.0468
1447,-55.38,437421,499,0.5657,-2.9558,-2.9743
1448,-20.09,437524,103,0.539,-2.0333,-4.2789
1449,-56.18,437804,280,0.5561,-2.0637,-3.99
1450,-22.27,437889,85,0.5503,-2.9423,-3.4498
1451,-67.62,438268,379,0.5471,-3.5401,-2.1719
1452,-144.52,439343,1075,0.5596,-4.1269,-2.0073
1453,-59.82,439668,325,0.5823,-3.5522,-2.8781
1454,-135.47,440518,850,0.6122,-2.0802,-4.356
1455,-30.83,440621,103,0.8038,-2.1928,-3.0805
1456,-21.17,440676,55,0.7758,-2.739,-4.127
1457,-96.77,441145,469,0.7895,-3.1665,-2.8162
1458,-59.81,441854,709,0.6697,-3.3594,-4.1125
1459,-27.94,441930,76,0.5627,-3.8897,-2.364
1460,-76.07,443446,1516,0.5701,-4.4138,-2.7278
1461,-32.56,443657,211,0.5749,-2.0015,-4.4813
1462,-24.61,443754,97,0.5548,-4.0974,-2.8146
1463,-36.68,443965,211,0.5366,-4.35,-3.0255
1464,-27.71,444086,121,0.5418,-2.79,-3.0296
1465,-62.93,444414,328,0.5709,-3.587,-2.7568
1466,-63.21,444763,349,0.5718,-3.0143,-3.9809
1467,-55.47,445268,505,0.5503,-3.0922,-2.2952
1468,-53.44,445506,238,0.5508,-2.8329,-3.3205
1469,-136.53,446587,1081,0.7741,-3.696,-4.2853
1470,-52.88,446738,151,0.8034,-3.8884,-4.472
1471,-18.01,446799,61,0.8021,-2.0334,-3.9438
1472,-136.74,447550,751,0.791,-2.4628,-4.0784
1473,-62.05,447761,211,0.7882,-3.791,-3.4543
1474,-40.38,447897,136,0.7821,-3.689,-2.5041
1475,99.95,447898,1,1.062,-2.1058,-2.3118
1476,-26.55,447959,61,0.8038,-4.1161,-2.5583
1477,-75.98,448818,859,0.7993,-4.1301,-2.2165
1478,-40.14,448951,133,0.8039,-3.2053,-3.659
1479,-25.22,449030,79,0.7809,-4.1074,-4.4705
1480,-51.36,449304,274,0.8183,-3.8801,-2.2149
1481,-225.59,451825,2521,0.7888,-2.5068,-2.0755
1482,-34.94,451946,121,0.8155,-4.2481,-3.0196
1483,-40.73,452076,130,0.805,-3.8571,-3.1426
1484,-164.69,453046,970,0.7894,-3.6989,-3.7913
1485,-60.35,453416,370,0.8011,-3.0654,-4.0417
1486,-44.67,453612,196,0.7861,-3.3272,-2.873
1487,-45.52,454084,472,0.7871,-4.1795,-2.1735
1488,-53.56,454271,187,0.7905,-3.2357,-2.4512
1489,-33.33,454389,118,0.7894,-2.8652,-2.725
1490,102.73,454454,65,0.7851,-2.7097,-2.3123
1491,-27.95,454557,103,0.8051,-2.966,-3.8045
1492,-43.87,454714,157,0.7977,-4.2512,-2.9844
1493,-23.13,454790,76,0.7711,-4.3341,-3.8968
1494,-21.74,454860,70,0.8071,-4.3482,-3.1278
1495,-68.67,455848,988,0.7967,-4.0992,-2.974
1496,99.21,455943,95,0.8179,-2.5228,-2.4453
1497,-23.37,456013,70,0.7433,-3.7261,-3.1276
1498,-31.29,456152,139,0.8109,-3.0925,-3.3178
1499,-20.46,456219,67,0.7819,-2.8622,-3.9748
1500,-43.64,456517,298,0.7993,-2.0519,-4.2548
1501,-121.82,457034,517,0.7891,-2.4269,-3.0148
1502,-79.73,457287,253,0.7774,-3.8879,-2.6358
1503,-78.81,457570,283,0.7968,-4.2888,-2.564
1504,-21.64,457628,58,0.7935,-3.025,-4.2231
1505,-34.36,457740,112,0.7691,-4.3012,-2.6229
1506,-28.34,457816,76,0.8097,-3.7677,-2.2767
1507,-68.99,458183,367,0.7872,-2.5948,-2.7545
1508,-31.0,458277,94,0.7848,-3.8035,-2.7276
1509,-69.28,459319,1042,0.7909,-2.1296,-4.2711
1510,-21.94,459389,70,0.798,-3.6846,-3.9133
1511,-33.09,459507,118,0.7928,-3.5169,-2.6442
1512,-100.31,459961,454,0.8033,-3.3144,-3.0732
1513,-35.88,460109,148,0.8066,-3.7146,-4.1468
1514,-38.38,460245,136,0.7971,-3.8327,-2.3508
1515,-58.32,460537,292,0.785,-2.994,-3.555
1516,-22.29,460604,67,0.8126,-2.5252,-4.3389
1517,-76.19,460884,280,0.7917,-3.8653,-3.9247
1518,100.95,460955,71,0.7914,-2.0366,-2.7348
1519,-25.58,461067,112,0.8002,-2.9555,-4.4875
1520,-104.83,461590,523,0.7962,-4.0392,-2.9111
1521,-27.64,461669,79,0.8016,-3.5507,-2.1893
1522,-24.59,461784,115,0.7899,-2.5882,-3.3815
1523,99.41,461849,65,0.8044,-2.6262,-2.0615
1524,-85.45,462300,451,0.6487,-3.3475,-2.8937
1525,-51.43,462889,589,0.5626,-2.2033,-3.8783
1526,-106.87,463703,814,0.5581,-2.2836,-4.2561
1527,18.08,465538,1835,0.5612,-2.8789,-2.5429
1528,-95.31,466775,1237,0.5687,-2.9635,-3.2612
1529,-37.47,466956,181,0.8107,-2.9566,-4.1208
1530,-74.12,467311,355,0.779,-3.9611,-3.8253
1531,-151.65,467996,685,0.7954,-3.0056,-3.3952
1532,-49.02,468129,133,0.7899,-3.8888,-2.293
1533,-39.68,468262,133,0.8019,-3.5652,-3.3849
1534,-71.57,468839,577,0.5772,-3.4757,-4.0451
1535,-112.93,469740,901,0.5775,-2.6709,-3.3789
1536,-28.5,469846,106,0.5613,-4.4594,-2.09
1537,-31.08,470207,361,0.5582,-2.4606,-2.6911
1538,99.95,470208,1,0.5125,-2.3273,-2.233
1539,-128.84,470830,622,0.5657,-3.6563,-2.9726
1540,-24.67,470921,91,0.5437,-2.978,-3.8318
1541,-27.84,471042,121,0.5475,-3.9451,-4.2152
1542,-64.82,471283,241,0.5681,-2.8517,-2.5477
1543,-150.59,472097,814,0.5574,-2.5976,-3.7093
1544,-23.92,472170,73,0.5813,-3.9869,-3.366
1545,-71.06,472450,280,0.5895,-3.133,-2.2023
1546,99.95,472451,1,0.6668,-2.3129,-2.2099
1547,99.95,472452,1,0.4745,-2.3743,-2.0885
1548,-82.39,472966,514,0.5617,-3.3363,-4.3813
1549,-68.6,473282,316,0.562,-4.2911,-3.5243
1550,-35.26,473424,142,0.5442,-3.8558,-4.0751
1551,-25.48,473554,130,0.5771,-2.117,-4.0115
1552,95.81,473679,125,0.5532,-2.1016,-2.5979
1553,-96.89,474826,1147,0.6859,-2.8976,-2.81
1554,-69.6,475091,265,0.8061,-3.6713,-2.8839
1555,-28.29,475710,619,0.7915,-4.0333,-2.1557
1556,-24.63,475810,100,0.8111,-3.7455,-3.862
1557,-56.85,476147,337,0.8043,-2.7221,-2.8589
1558,-79.2,476451,304,0.7991,-3.3718,-2.9189
1559,-128.03,476932,481,0.7976,-4.1013,-2.8167
1560,-51.91,477140,208,0.7836,-3.8235,-3.8179
1561,-36.53,477249,109,0.7975,-4.0946,-3.6691
1562,-121.55,477781,532,0.7948,-3.6719,-3.3646
1563,-29.37,477941,160,0.8229,-4.024,-4.0175
1564,-124.78,478689,748,0.801,-3.1457,-4.1778
1565,-76.11,479398,709,0.8032,-2.7778,-2.1401
1566,-35.54,479504,106,0.8068,-3.433,-2.2472
1567,-66.88,479835,331,0.794,-4.2542,-4.3926
1568,-64.7,480169,334,0.7949,-2.6966,-2.5974
1569,-31.19,480647,478,0.8009,-2.3924,-4.358
1570,-33.96,480753,106,0.7995,-2.5577,-3.5587
1571,-32.99,481084,331,0.7955,-3.7417,-4.0674
1572,-23.56,481220,136,0.8027,-2.01,-4.3408
1573,-29.9,481518,298,0.8012,-2.4325,-2.9013
1574,-98.08,481999,481,0.7979,-2.6623,-2.7207
1575,-39.1,482210,211,0.7994,-2.3539,-4.0405
1576,-49.6,482553,343,0.8016,-4.4979,-3.0037
1577,-21.42,482599,46,0.7762,-3.6154,-4.1905
1578,-30.33,482720,121,0.7977,-4.0347,-3.6706
1579,-27.6,482787,67,0.7663,-4.3244,-4.3577
1580,-25.83,483004,217,0.7778,-2.2099,-3.7197
1581,99.95,483005,1,1.2044,-2.0444,-2.0891
1582,-74.7,483468,463,0.7916,-4.1436,-2.7127
1583,-154.35,484057,589,0.7987,-2.998,-2.7734
1584,-152.25,484760,703,0.7937,-4.2595,-4.0286
1585,-50.63,484953,193,0.8008,-4.3084,-2.9897
1586,-25.1,485041,88,0.7718,-2.0335,-2.82
1587,-101.99,485696,655,0.7967,-2.7231,-2.0385
1588,-54.64,485979,283,0.7821,-2.805,-4.3995
1589,-19.77,486028,49,0.8525,-2.3325,-3.5883
1590,-58.92,486272,244,0.7941,-4.4891,-3.2319
1591,-19.42,486321,49,0.797,-2.1575,-3.8567
1592,-68.95,486805,484,0.7953,-3.2712,-4.0656
1593,-24.93,486881,76,0.7701,-4.3558,-4.2986
1594,-71.02,487494,613,0.803,-2.6825,-2.3398
1595,120.29,487925,431,0.7878,-4.1418,-3.7792
1596,-55.46,488076,151,0.7755,-4.0124,-4.4329
1597,-61.7,488509,433,0.7998,-3.1164,-2.7502
1598,-24.03,488585,76,0.7819,-2.8803,-3.5299
1599,-22.86,488655,70,0.7748,-3.1125,-4.2648
1600,-90.15,489088,433,0.7938,-4.1142,-2.1705
1601,-38.89,489308,220,0.7792,-2.5962,-2.1932
1602,-37.71,489489,181,0.792,-2.2083,-2.8765
1603,-33.58,489637,148,0.7828,-2.1794,-3.4582
1604,-23.49,489722,85,0.7952,-4.491,-4.3436
1605,-28.97,489828,106,0.7941,-4.2263,-4.2616
1606,-7.88,490027,199,0.8039,-3.6207,-2.7468
1607,84.79,490581,554,0.7964,-2.5234,-3.0245
1608,-32.22,490657,76,0.7988,-4.1339,-2.6302
1609,-48.1,491072,415,0.794,-3.613,-4.4675
1610,92.77,491923,851,0.793,-3.7985,-3.6735
1611,-58.49,492134,211,0.8034,-3.8144,-2.4703
1612,-62.63,492345,211,0.7744,-2.6002,-2.7611
1613,-24.57,492400,55,0.7816,-4.1525,-2.4804
1614,-19.22,492455,55,0.8372,-2.8071,-4.0129
1615,-25.48,492543,88,0.7509,-2.8798,-3.2912
1616,-69.21,493426,883,0.7991,-3.4016,-4.2197
1617,-25.14,493520,94,0.8047,-3.2042,-4.2502
1618,-24.94,493593,73,0.8101,-4.0894,-4.1686
1619,-32.55,493726,133,0.7893,-2.1147,-3.7878
1620,-26.62,493796,70,0.7526,-3.612,-3.6948
1621,-50.25,493989,193,0.8217,-2.2544,-3.0926
1622,-21.63,494068,79,0.7631,-2.2021,-3.7502
1623,-24.26,494135,67,0.7755,-4.2129,-3.1095
1624,-59.05,494361,226,0.8006,-3.6362,-2.4952
1625,-38.6,494524,163,0.8083,-2.3014,-3.3186
1626,-82.12,495086,562,0.7977,-2.0716,-3.1175
1627,-160.46,495879,793,0.7966,-3.8227,-3.2776
1628,-88.95,496360,481,0.7965,-4.4067,-2.49
1629,-30.53,496472,112,0.7988,-4.2464,-3.7281
1630,-21.51,496533,61,0.7868,-3.0867,-4.3926
1631,-87.99,497893,1360,0.7948,-4.3017,-2.7597
1632,-28.7,497966,73,0.7862,-4.3206,-3.3073
1633,-59.92,498267,301,0.8002,-3.6533,-3.9298
1634,-64.73,498562,295,0.7831,-4.0281,-2.5915
1635,-19.37,498626,64,0.7928,-2.1211,-4.1496
1636,-41.78,498807,181,0.8012,-2.1008,-3.0131
1637,-78.67,499135,328,0.7973,-2.8958,-2.7252
1638,-60.08,499538,403,0.7902,-2.7397,-2.4505
1639,-29.24,499635,97,0.8124,-3.2913,-3.1666
1640,-31.19,499777,142,0.8026,-3.6904,-4.2369
1641,-21.89,499838,61,0.7913,-2.8384,-4.416
1642,-40.24,500601,763,0.7978,-3.8109,-4.2644
1643,-42.91,500785,184,0.7984,-4.0232,-2.9032
1644,-35.17,500918,133,0.8075,-2.9288,-3.4474
1645,-43.08,501075,157,0.8361,-4.2746,-3.4166
1646,-28.43,501160,85,0.7964,-3.6181,-2.6989
1647,-28.19,501263,103,0.7634,-3.0524,-3.2711
1648,-40.17,501393,130,0.7835,-3.2825,-2.0843
1649,-52.78,501589,196,0.8171,-2.6093,-3.2576
1650,-136.09,502208,619,0.7966,-3.3019,-4.4338
1651,-63.07,502452,244,0.7854,-2.1437,-3.7021
1652,-100.74,502825,373,0.7946,-3.8602,-2.0015
1653,108.39,503403,578,0.7904,-2.7033,-4.3816
1654,-62.3,503887,484,0.7947,-4.3453,-4.4362
1655,-24.22,503942,55,0.7432,-3.001,-4.3211
1656,99.95,503943,1,1.1479,-2.1665,-2.1577
1657,-37.97,504088,145,0.7866,-3.1349,-2.9584
1658,-24.14,504146,58,0.7852,-3.7703,-4.3401
1659,-13.07,504792,646,0.7937,-2.6563,-4.2455
1660,-129.63,505552,760,0.801,-4.2861,-3.7219
1661,-64.65,505856,304,0.7756,-4.4688,-3.4149
1662,-26.16,505926,70,0.8006,-2.7308,-2.4966
1663,-28.83,506002,76,0.8053,-2.9892,-2.3828
1664,-26.72,506060,58,0.8064,-3.4837,-2.3781
1665,-24.07,506145,85,0.7929,-3.2338,-3.9424
1666,-91.38,506764,619,0.8027,-2.1396,-3.8126
1667,-35.36,506888,124,0.7835,-4.4345,-3.8933
1668,-49.5,507240,352,0.7876,-3.5833,-3.6216
1669,-48.71,507421,181,0.7713,-3.1883,-2.2922
1670,104.49,507942,521,0.776,-3.7692,-3.1981
1671,-27.11,508012,70,0.7888,-3.6497,-2.4456
1672,-92.45,508592,580,0.7935,-4.106,-4.2412
1673,-35.07,508722,130,0.814,-3.2425,-2.8203
1674,-27.53,508798,76,0.8265,-2.5112,-3.0259
1675,-25.69,508922,124,0.7905,-2.5654,-3.5182
1676,-98.79,509544,622,0.7903,-4.4178,-4.2098
1677,-23.44,509635,91,0.7921,-4.4032,-3.6776
1678,-28.11,509717,82,0.7763,-3.2613,-3.6092
1679,-26.85,509814,97,0.7561,-3.0985,-3.2985
1680,-28.31,509872,58,0.7863,-2.8051,-2.8326
1681,-25.06,509954,82,0.7651,-3.7048,-3.6345
1682,-68.57,510252,298,0.799,-3.0371,-3.0089
1683,-31.0,510364,112,0.7773,-3.7133,-3.6742
1684,-23.93,510428,64,0.7778,-2.7649,-2.8815
1685,-40.11,510543,115,0.8134,-4.1624,-3.3974
1686,-55.13,510841,298,0.8041,-2.2682,-4.4092
1687,-29.95,510962,121,0.7785,-2.3621,-4.0921
1688,-83.01,511518,556,0.7986,-3.2319,-3.4392
1689,-23.16,511579,61,0.7584,-4.4747,-2.2115
1690,-84.91,511859,280,0.799,-3.3627,-2.1143
1691,-21.06,511920,61,0.7764,-3.7831,-2.3343
1692,-20.81,511996,76,0.8118,-2.194,-3.1079
1693,-27.77,512288,292,0.7871,-3.9933,-2.7869
1694,-119.58,513015,727,0.79,-3.1276,-2.1387
1695,-33.37,513184,169,0.7899,-3.4018,-3.8287
1696,-39.69,513317,133,0.7902,-4.1543,-2.7534
1697,-24.28,513441,124,0.8059,-2.0647,-4.4291
1698,86.28,513779,338,0.7815,-2.6489,-2.1827
1699,-26.01,513852,73,0.7941,-4.313,-4.2246
1700,-75.54,514288,436,0.7822,-2.7701,-2.8801
1701,-40.81,514409,121,0.8011,-4.3279,-2.4139
1702,-24.19,514476,67,0.7845,-3.1914,-2.232
1703,-19.69,514540,64,0.7821,-2.305,-2.4687
1704,-26.5,514661,121,0.7991,-3.2103,-3.8707
1705,-22.58,514734,73,0.7881,-3.2351,-4.248
1706,-138.43,515353,619,0.8028,-2.8529,-4.1651
1707,-23.37,515429,76,0.7745,-3.2221,-4.364
1708,-51.26,515601,172,0.7916,-3.7512,-3.9198
1709,-41.03,515689,88,0.7947,-2.9499,-2.533
1710,-32.05,515801,112,0.8043,-4.3567,-2.3743
1711,-49.06,516288,487,0.7952,-2.3481,-3.6443
1712,-25.99,516373,85,0.8207,-2.8525,-3.4935
1713,-159.34,517052,679,0.7909,-4.1145,-3.1783
1714,-28.38,517167,115,0.7842,-4.2841,-2.3038
1715,99.95,517168,1,1.1666,-2.1893,-2.446
1716,102.49,517512,344,0.7959,-3.0937,-3.106
1717,-20.96,517600,88,0.7918,-2.0385,-3.8802
1718,-21.67,517664,64,0.7886,-4.3101,-3.0951
1719,-128.21,518175,511,0.7918,-3.678,-3.6942
1720,-26.02,518839,664,0.7962,-4.4823,-3.0094
1721,-40.53,519017,178,0.7926,-3.8399,-4.0304
1722,-51.84,519276,259,0.7878,-4.3989,-3.5891
1723,-20.44,519337,61,0.8047,-2.3026,-3.6583
1724,-51.72,519503,166,0.7881,-2.8023,-2.6086
1725,-24.61,519588,85,0.838,-3.6797,-2.4459
1726,-26.71,519667,79,0.7738,-2.7703,-3.1019
1727,-21.61,519755,88,0.8144,-4.4975,-4.4123
1728,97.99,519814,59,0.7878,-2.0228,-2.5443
1729,99.95,519815,1,1.0203,-2.1561,-2.2442
1730,-62.06,519984,169,0.7932,-4.4489,-2.5204
1731,-22.44,520039,55,0.7888,-3.3721,-2.5261
1732,-27.73,520139,100,0.7781,-4.4832,-3.7795
1733,-64.05,520347,208,0.789,-2.6217,-2.5174
1734,-43.04,520501,154,0.8001,-2.9507,-3.7469
1735,-43.63,521081,580,0.7957,-3.7241,-2.0831
1736,115.0,521323,242,0.806,-3.402,-3.3822
1737,-36.92,521447,124,0.7932,-3.1192,-3.4762
1738,-32.4,521535,88,0.782,-3.1183,-3.4192
1739,99.95,521536,1,1.1716,-2.4332,-2.2274
1740,-86.76,522266,730,0.7826,-2.1697,-3.0893
1741,-43.78,522387,121,0.793,-3.3946,-2.7369
1742,-62.79,522673,286,0.7965,-2.4042,-3.0925
1743,-61.43,522920,247,0.8118,-2.75,-2.6257
1744,-44.87,523035,115,0.8035,-2.809,-2.6347
1745,92.4,523871,836,0.7865,-3.9784,-3.2541
1746,-39.12,524223,352,0.8006,-3.0293,-4.4938
1747,-19.72,524401,178,0.7919,-2.3601,-2.9749
1748,-49.08,524546,145,0.7904,-4.1772,-2.4591
1749,-37.79,524625,79,0.8138,-2.7074,-2.6043
1750,-38.39,524737,112,0.7896,-3.5199,-2.3645
1751,-52.35,524924,187,0.8015,-3.4649,-3.0737
1752,-35.01,525042,118,0.8085,-4.4984,-2.8878
1753,-69.05,525445,403,0.8019,-2.7046,-3.0822
1754,-130.2,525977,532,0.7863,-3.2586,-2.4752
1755,-8.79,526281,304,0.7855,-2.7966,-3.8048
1756,-106.7,527077,796,0.7989,-2.1023,-2.7318
1757,99.95,527078,1,1.1004,-2.0302,-2.0718
1758,100.33,527128,50,0.7677,-2.2027,-2.6116
1759,-10.97,527438,310,0.7936,-2.9764,-4.0696
1760,-64.95,527820,382,0.798,-3.1416,-2.5866
1761,-38.61,527914,94,0.8051,-3.1979,-2.3294
1762,-45.48,528080,166,0.8091,-4.2259,-3.5476
1763,-108.33,528645,565,0.785,-3.2351,-3.4192
1764,-145.26,529258,613,0.7955,-4.2285,-4.1162
1765,-65.05,529496,238,0.7939,-2.406,-3.289
1766,-29.23,529584,88,0.7629,-4.3782,-4.4588
1767,-46.78,529774,190,0.7974,-3.3163,-4.0891
1768,-25.94,529820,46,0.8008,-2.7372,-2.5117
1769,-110.19,530211,391,0.7785,-3.9293,-3.0196
1770,-48.31,530350,139,0.7847,-4.1139,-3.741
1771,-26.27,530438,88,0.7979,-2.278,-3.1398
1772,-22.56,530541,103,0.7995,-2.2853,-3.9369
1773,-105.55,530974,433,0.7939,-3.6749,-3.3226
1774,-20.69,531032,58,0.7743,-3.2998,-2.0059
1775,-67.67,531339,307,0.8048,-4.2139,-2.3701
1776,-38.63,531541,202,0.7857,-2.3408,-3.117
1777,-32.14,531665,124,0.8039,-3.6399,-3.2019
1778,-62.14,531942,277,0.7768,-3.7688,-2.5022
1779,-29.51,532066,124,0.778,-3.2543,-2.1854
1780,-59.39,532277,211,0.792,-2.9433,-3.2142
1781,-73.86,532635,358,0.7978,-2.7223,-3.2402
1782,-19.53,532711,76,0.8189,-2.2387,-4.0389
1783,99.95,532712,1,1.1675,-2.0666,-2.4695
1784,-151.66,533520,808,0.7854,-2.3482,-3.2927
1785,-77.98,533959,439,0.8007,-2.407,-3.7331
1786,-136.58,534623,664,0.7951,-2.5951,-4.1489
1787,-36.7,534753,130,0.7663,-3.7324,-3.3857
1788,-81.58,535075,322,0.7955,-3.6942,-3.5325
1789,-64.97,535451,376,0.794,-2.4497,-3.8583
1790,-18.13,535500,49,0.7807,-2.6368,-4.3157
1791,-46.04,535723,223,0.7932,-2.5857,-2.5199
1792,-33.95,535811,88,0.7924,-3.4958,-2.6938
1793,98.7,535852,41,0.7901,-2.2122,-2.4982
1794,-64.07,536378,526,0.8046,-3.5239,-3.2895
1795,-21.98,536448,70,0.7724,-2.5516,-3.7685
1796,-47.92,536686,238,0.7865,-2.4903,-3.6798
1797,-20.03,537095,409,0.8034,-2.485,-4.283
1798,-25.4,537159,64,0.8142,-4.389,-2.0058
1799,99.95,537160,1,1.2165,-2.3264,-2.2929
1800,-58.39,537416,256,0.782,-2.1218,-3.4042
1801,-41.5,537591,175,0.8004,-3.7829,-4.1749
1802,-16.82,537955,364,0.7807,-3.247,-3.9499
1803,-116.77,538718,763,0.7992,-2.1611,-4.49
1804,-22.47,538779,61,0.8002,-4.142,-3.8838
1805,-47.79,538948,169,0.8077,-4.0026,-3.9356
1806,-63.41,539426,478,0.784,-2.8599,-3.6812
1807,-21.83,539484,58,0.7647,-2.9624,-2.2744
1808,-80.29,539782,298,0.785,-2.9936,-2.7637
1809,-34.75,539882,100,0.7733,-3.5862,-4.1007
1810,-20.15,540399,517,0.8072,-3.6985,-2.0893
1811,-32.48,540532,133,0.7859,-2.9455,-3.8062
1812,-47.02,540704,172,0.786,-3.3727,-2.4112
1813,-45.48,540876,172,0.7979,-2.8289,-3.0984
1814,-17.31,541039,163,0.8143,-2.2871,-2.8189
1815,-3.92,541313,274,0.7748,-2.8932,-4.0256
1816,-24.61,541368,55,0.7863,-4.234,-2.0871
1817,-20.99,541423,55,0.7907,-3.0029,-3.4608
1818,-133.79,542069,646,0.7898,-3.0274,-4.3455
1819,-33.47,542436,367,0.7886,-2.4447,-3.9584
1820,101.95,542672,236,0.8109,-2.4886,-3.1641
1821,-73.54,543162,490,0.7987,-3.8086,-4.4245
1822,-25.22,543271,109,0.789,-2.4604,-4.0588
1823,-60.44,543587,316,0.7724,-4.3705,-2.6103
1824,-31.83,543678,91,0.808,-3.6249,-3.5267
1825,-19.07,543742,64,0.8085,-3.8823,-2.3521
1826,-35.26,543887,145,0.7842,-3.7567,-3.9745
1827,-62.52,544140,253,0.812,-3.7269,-3.9921
1828,-20.04,544459,319,0.7882,-3.7059,-4.2927
1829,-30.68,544580,121,0.7912,-4.1037,-3.4574
1830,-30.37,544749,169,0.7701,-2.3013,-4.3568
1831,-25.07,544852,103,0.7933,-3.9683,-2.2291
1832,-62.7,545543,691,0.8012,-2.275,-2.8014
1833,-55.25,545829,286,0.7954,-3.8988,-3.4505
1834,-63.98,546202,373,0.7936,-3.9719,-4.1785
1835,-33.26,546290,88,0.7868,-3.55,-3.0604
1836,-125.27,547344,1054,0.7993,-3.6002,-2.9729
1837,-26.53,547714,370,0.7934,-3.7594,-3.6354
1838,-87.71,548384,670,0.7861,-2.5233,-2.3042
1839,-26.5,548469,85,0.7945,-3.6949,-3.0712
1840,-34.63,548617,148,0.8104,-3.8046,-4.3667
1841,-22.37,548684,67,0.773,-2.6554,-4.0725
1842,-63.81,549012,328,0.7952,-3.4357,-3.2824
1843,-34.61,549181,169,0.7922,-4.0388,-4.2636
1844,-117.93,549611,430,0.7891,-3.63,-2.1193
1845,-127.39,550473,862,0.802,-2.9622,-3.5465
1846,-51.59,550648,175,0.8009,-4.4027,-2.9993
1847,-67.31,550874,226,0.7779,-4.2694,-3.1436
1848,-108.98,552198,1324,0.7944,-2.6201,-3.441
1849,-38.13,552331,133,0.8084,-3.7515,-4.3815
1850,-39.43,552464,133,0.7791,-4.4381,-3.4249
1851,-59.05,552723,259,0.8106,-2.2916,-3.8898
1852,-24.24,552787,64,0.7761,-3.0649,-2.7892
1853,-65.58,553067,280,0.8062,-4.3479,-4.1172
1854,-70.01,553551,484,0.7957,-3.6718,-2.8248
1855,-117.74,554512,961,0.7934,-3.4024,-2.6645
1856,99.22,554613,101,0.8066,-2.331,-2.6041
1857,100.23,554651,38,0.8502,-2.0194,-2.6141
1858,99.07,554713,62,0.797,-2.3696,-2.4191
1859,-28.98,554822,109,0.7776,-2.6743,-2.4955
1860,-70.97,555306,484,0.7953,-2.1633,-3.312
1861,-25.02,555364,58,0.7759,-2.9043,-3.2127
1862,-39.35,555509,145,0.7988,-2.3724,-3.4216
1863,-34.23,555630,121,0.7854,-2.4507,-2.5016
1864,-21.35,555700,70,0.8057,-2.0953,-3.8777
1865,-85.68,556160,460,0.8074,-2.726,-2.6077
1866,99.95,556161,1,1.0957,-2.1593,-2.2327
1867,-60.2,556462,301,0.5753,-3.0662,-3.0521
1868,-58.36,556805,343,0.5604,-4.0818,-2.0626
1869,-22.94,556854,49,0.5481,-3.8625,-2.6882
1870,-23.16,556954,100,0.5674,-2.5105,-3.397
1871,-47.56,557411,457,0.5564,-3.972,-4.0276
1872,102.02,557659,248,0.5576,-2.3588,-3.2231
1873,-50.22,558479,820,0.5555,-4.2747,-2.7075
1874,-90.57,558843,364,0.5613,-3.8746,-2.309
1875,-43.99,559039,196,0.5764,-3.7261,-3.9993
1876,-51.92,559469,430,0.5638,-4.2879,-3.2212
1877,-130.7,560388,919,0.5624,-3.3732,-2.6217
1878,-39.31,560926,538,0.7848,-3.3385,-3.6405
1879,-73.85,561176,250,0.7958,-3.8459,-3.8046
1880,-46.55,561531,355,0.7931,-2.1804,-4.0873
1881,-68.55,561988,457,0.8037,-2.0296,-3.6827
1882,-54.45,562175,187,0.7963,-4.279,-3.8783
1883,-21.25,562233,58,0.7936,-4.354,-2.5249
1884,-36.08,562354,121,0.8181,-3.2186,-3.6575
1885,-26.15,562409,55,0.8067,-2.8449,-2.9234
1886,99.95,562410,1,1.0605,-2.1503,-2.0968
1887,-24.39,562456,46,0.7524,-2.7983,-2.4555
1888,-105.66,563594,1138,0.7918,-2.5189,-3.2717
1889,-21.59,563676,82,0.7913,-2.7389,-4.3044
1890,99.74,563735,59,0.8126,-2.6049,-2.0954
1891,-78.31,564006,271,0.783,-4.2876,-2.4097
1892,-67.6,564475,469,0.8038,-2.1675,-3.9345
1893,-22.81,564533,58,0.8198,-3.188,-2.1804
1894,-31.32,564888,355,0.7848,-2.0994,-4.1803
1895,-18.54,564949,61,0.806,-3.6275,-2.7546
1896,-68.86,565514,565,0.7898,-3.9461,-3.6881
1897,-105.94,565968,454,0.793,-4.4418,-4.1162
1898,-58.93,566776,808,0.8016,-3.0942,-2.8673
1899,-66.09,566984,208,0.7943,-2.8777,-2.5541
1900,-32.19,567081,97,0.7821,-3.4618,-3.8163
1901,-112.24,567508,427,0.7898,-4.461,-3.9834
1902,-23.62,567584,76,0.8255,-3.719,-4.0545
1903,-91.79,568542,958,0.7956,-4.4496,-4.1064
1904,-80.37,568957,415,0.7974,-2.8348,-2.926
1905,97.67,569016,59,0.7875,-2.1608,-2.5046
1906,-86.26,569641,625,0.8009,-3.0806,-4.1561
1907,-139.16,570284,643,0.7864,-3.0898,-4.346
1908,-23.34,570345,61,0.8075,-3.4228,-3.5244
1909,-31.36,570439,94,0.8001,-3.4305,-3.8004
1910,101.99,570555,116,0.7781,-2.7854,-2.3976
1911,106.36,570653,98,0.7819,-2.5787,-2.9306
1912,-137.3,571374,721,0.7846,-3.1541,-4.4223
1913,-38.54,571507,133,0.8064,-2.6927,-3.1375
1914,-35.56,571589,82,0.8026,-3.8231,-3.6804
1915,-75.44,572442,853,0.8002,-2.161,-2.9391
1916,-160.04,573319,877,0.7922,-3.3102,-2.9477
1917,-33.36,573416,97,0.8083,-3.4656,-3.3245
1918,-35.03,573630,214,0.8006,-3.7742,-3.4004
1919,-26.02,574474,844,0.7927,-2.786,-4.4001
1920,-23.72,574562,88,0.7895,-2.5124,-3.7926
1921,-46.58,575064,502,0.7972,-2.7936,-2.8932
1922,-35.87,575188,124,0.7814,-2.8684,-2.9797
1923,-41.83,575513,325,0.8225,-2.1022,-3.2291
1924,-40.61,575655,142,0.7846,-2.6692,-2.7364
1925,-27.21,575746,91,0.783,-3.9093,-3.7917
1926,116.89,576069,323,0.8026,-3.44,-3.8058
1927,-24.43,576136,67,0.8248,-3.5831,-3.5226
1928,-27.96,576209,73,0.7763,-2.9903,-3.9503
1929,82.04,576931,722,0.7975,-2.4893,-3.4062
1930,-61.62,577262,331,0.7839,-2.7344,-4.2964
1931,-24.19,577647,385,0.8034,-3.3251,-4.4295
1932,-42.0,578113,466,0.7994,-2.8102,-3.6407
1933,-28.98,578219,106,0.7742,-2.1269,-3.6897
1934,-34.99,578349,130,0.793,-3.0905,-3.8565
1935,-25.86,578440,91,0.7776,-2.9497,-3.3324
1936,-25.32,578507,67,0.7897,-3.5734,-3.9908
1937,-35.0,578586,79,0.7967,-4.2212,-4.2003
1938,-55.78,578887,301,0.7922,-2.0024,-3.4692
1939,-22.1,578945,58,0.7686,-4.4952,-2.1177
1940,-31.39,579033,88,0.8285,-4.4501,-3.4535
1941,-27.72,579106,73,0.784,-2.7063,-2.2135
1942,-30.47,579221,115,0.7972,-2.7178,-3.3409
1943,-60.22,579582,361,0.8038,-2.0639,-4.4017
1944,99.95,579583,1,1.1507,-2.0328,-2.3765
1945,-23.53,579647,64,0.8112,-2.1777,-3.8631
1946,-39.71,579822,175,0.7851,-4.1439,-2.8417
1947,-22.65,579877,55,0.811,-3.2104,-3.1921
1948,-28.07,579980,103,0.8111,-2.1885,-2.9498
1949,-62.2,580212,232,0.8023,-3.7223,-3.4998
1950,-25.07,580294,82,0.7891,-4.1663,-4.0192
1951,117.28,580578,284,0.7906,-4.1416,-2.4743
1952,-31.8,580717,139,0.7984,-2.7378,-3.1741
1953,-58.59,580886,169,0.8154,-3.5641,-2.8288
1954,99.51,580939,53,0.7805,-2.4677,-2.2969
1955,-24.97,581003,64,0.7967,-3.1325,-2.4503
1956,95.43,581596,593,0.7878,-3.2217,-3.3137
1957,98.93,582003,407,0.8011,-2.3364,-3.5341
1958,-31.31,582103,100,0.7823,-3.5102,-3.7377
1959,-20.21,582164,61,0.797,-3.2032,-3.1379
1960,-115.6,582831,667,0.8014,-2.8488,-3.4237
1961,-27.88,582901,70,0.7905,-3.9554,-2.3329
1962,-48.11,583025,124,0.7763,-3.635,-2.1926
1963,-65.02,583266,241,0.7931,-3.9816,-3.0999
1964,-41.82,583417,151,0.8039,-3.1585,-2.4284
1965,-56.12,583598,181,0.7916,-4.1529,-2.2252
1966,-29.38,583707,109,0.7636,-3.1714,-3.0347
1967,-40.96,583906,199,0.7858,-3.2246,-4.4099
1968,-22.2,583994,88,0.8311,-3.2573,-3.8411
1969,-160.47,584703,709,0.793,-3.6433,-2.8772
1970,-25.1,584791,88,0.7837,-3.2558,-4.267
1971,-30.18,584897,106,0.7981,-4.3174,-4.0359
1972,-68.8,585243,346,0.8128,-4.0228,-2.9792
1973,-24.47,585307,64,0.8169,-4.0555,-2.2957
1974,-23.49,585368,61,0.7985,-3.9756,-4.2722
1975,-35.49,585747,379,0.7217,-2.3106,-3.7617
1976,-23.07,585823,76,0.5699,-3.4364,-2.1024
1977,80.02,586305,482,0.5595,-2.1391,-2.7127
1978,-26.57,586399,94,0.5149,-4.3277,-3.0166
1979,99.95,586400,1,0.6454,-2.0273,-2.1327
1980,-30.57,586521,121,0.5488,-4.235,-3.5101
1981,-87.32,587023,502,0.57,-3.7112,-4.1757
1982,-21.99,587081,58,0.5649,-2.763,-3.8154
1983,-20.9,587136,55,0.5707,-3.6378,-4.2741
1984,-23.15,587218,82,0.5636,-3.2551,-4.1046
1985,-33.1,587348,130,0.5307,-3.4198,-4.1416
1986,-33.04,587547,199,0.5611,-2.1154,-4.1375
1987,-21.36,588034,487,0.5626,-3.1953,-4.0076
1988,-84.46,588500,466,0.5543,-4.3091,-3.9942
1989,-106.53,589581,1081,0.5533,-4.3631,-4.1515
1990,-89.8,589957,376,0.6986,-3.2663,-2.8705
1991,-77.06,590450,493,0.7976,-4.2817,-3.3975
1992,-92.3,590982,532,0.7963,-3.0469,-3.9144
1993,-40.56,591373,391,0.8012,-3.5698,-4.3204
1994,-90.74,591779,406,0.7924,-3.9497,-3.3331
1995,99.95,591780,1,1.1132,-2.0239,-2.0093
1996,-32.06,592090,310,0.8014,-2.0509,-3.4423
1997,-27.91,592193,103,0.8001,-4.2983,-3.6911
1998,-26.81,592272,79,0.8764,-3.9057,-4.4647
1999,-30.98,592354,82,0.7524,-4.2619,-3.367
2000,-30.29,592934,580,0.7954,-3.6508,-4.0491
2001,-32.58,593283,349,0.7903,-2.7098,-3.6072
2002,-47.14,593563,280,0.7906,-2.3703,-3.8976
2003,-36.93,593744,181,0.7865,-3.154,-4.0397
2004,-69.49,594240,496,0.8085,-3.2617,-4.1188
2005,-25.94,594319,79,0.8004,-4.0961,-2.9694
2006,-27.92,594416,97,0.7796,-3.8405,-4.0691
2007,-22.82,594522,106,0.7998,-2.1756,-4.3925
2008,-24.01,594601,79,0.8411,-3.0871,-3.1293
2009,-22.32,594686,85,0.8094,-3.8735,-3.3681
2010,-27.02,594777,91,0.7919,-4.2807,-2.6968
2011,-22.59,594850,73,0.7968,-3.9458,-4.0165
2012,-53.09,595067,217,0.7814,-3.7128,-2.2441
2013,-58.47,595431,364,0.7951,-2.5088,-2.1328
2014,-23.4,595489,58,0.7415,-2.8701,-2.8427
2015,-34.86,595622,133,0.8097,-3.2999,-2.237
2016,-26.23,595728,106,0.7663,-3.2228,-3.6123
2017,-135.27,596800,1072,0.7986,-2.8991,-3.1347
2018,-45.64,596945,145,0.793,-4.19,-3.5182
2019,-44.52,597369,424,0.7958,-3.7167,-2.3829
2020,-50.01,597487,118,0.7935,-3.5529,-2.4461
2021,-55.42,597674,187,0.7819,-3.394,-2.6162
2022,-19.96,597741,67,0.7823,-4.1618,-2.1884
2023,115.93,598064,323,0.7946,-3.2986,-3.8505
2024,-51.3,598653,589,0.7912,-3.8963,-3.8373
2025,-50.28,598810,157,0.8041,-3.5832,-2.7062
2026,-47.65,598979,169,0.7929,-2.126,-2.8274
2027,-116.5,599583,604,0.7804,-3.1321,-3.3785
2028,96.87,599681,98,0.8028,-2.4295,-2.3759
2029,-30.73,599760,79,0.8157,-3.7674,-2.1164
2030,-36.65,600088,328,0.7831,-3.5122,-2.4998
2031,101.58,600156,68,0.82,-2.083,-2.7409
2032,-65.37,600409,253,0.8059,-4.0961,-3.0347
2033,-33.88,600509,100,0.7696,-4.2031,-2.5271
2034,-27.56,600579,70,0.7897,-3.7967,-2.762
2035,-42.76,600760,181,0.7914,-2.2248,-4.0475
2036,-37.67,601457,697,0.7968,-3.5179,-2.8822
2037,-36.32,601584,127,0.8021,-3.4509,-4.063
2038,-60.86,601837,253,0.7961,-4.4273,-3.4835
2039,-27.16,601904,67,0.8128,-2.877,-3.065
2040,-40.69,602052,148,0.8253,-4.1094,-3.3733
2041,-143.71,602656,604,0.8003,-3.5763,-3.8145
2042,-42.12,602816,160,0.7872,-2.6768,-3.7259
2043,-24.86,602880,64,0.7902,-3.1496,-2.1919
2044,-41.38,603028,148,0.8019,-3.1518,-2.9574
2045,-55.36,603578,550,0.7845,-4.3169,-4.0547
2046,-50.06,603777,199,0.8133,-4.2476,-2.588
2047,-22.65,603862,85,0.7917,-2.4102,-4.0339
2048,-146.76,604610,748,0.7939,-3.9518,-3.692
2049,-87.32,604959,349,0.7813,-3.0223,-2.9455
2050,-25.6,605014,55,0.8208,-2.7831,-2.237
2051,-25.68,605087,73,0.783,-3.7624,-2.8531
2052,-138.3,605568,481,0.7914,-3.1007,-3.7354
2053,-82.7,606307,739,0.7974,-2.2315,-4.2613
2054,-27.74,606380,73,0.7828,-2.72,-2.6803
2055,-19.84,606453,73,0.7906,-2.2117,-3.2035
2056,-27.29,606505,52,0.8054,-3.6959,-2.4306
2057,96.69,606891,386,0.8027,-2.573,-3.2492
2058,-47.48,607672,781,0.7939,-2.5804,-3.8303
2059,-20.47,607733,61,0.8155,-3.0262,-2.337
2060,-152.29,608343,610,0.7862,-3.705,-3.2911
2061,98.74,608381,38,0.8182,-2.1224,-2.5045
2062,-44.89,608883,502,0.79,-2.2824,-3.5369
2063,-31.4,609034,151,0.8147,-2.0087,-4.1186
2064,-75.67,609404,370,0.7823,-3.2031,-3.3018
2065,99.18,609457,53,0.7466,-2.5039,-2.2285
2066,-26.46,609533,76,0.7635,-2.6722,-2.933
2067,-66.95,610407,874,0.7956,-3.4314,-3.2242
2068,-21.75,610471,64,0.7907,-3.2267,-4.4491
2069,-32.53,610592,121,0.798,-3.2424,-2.3601
2070,-25.59,610689,97,0.773,-2.7268,-2.5107
2071,-79.75,611368,679,0.7944,-3.5238,-3.1776
2072,-40.06,611660,292,0.7958,-4.4163,-3.5425
2073,-89.67,612309,649,0.7975,-3.314,-3.862
2074,-20.02,612373,64,0.8095,-4.4219,-2.774
2075,-63.74,612668,295,0.8041,-3.4123,-3.4608
2076,-90.09,613095,427,0.8026,-3.875,-3.1554
2077,-99.97,614131,1036,0.7941,-3.4049,-3.315
2078,-21.13,614183,52,0.8127,-3.0478,-4.4842
2079,-44.01,614352,169,0.7947,-2.2308,-4.3223
2080,-88.8,614713,361,0.7828,-3.3727,-3.9816
2081,-43.61,614894,181,0.7944,-3.1905,-3.7994
2082,-31.25,615018,124,0.7935,-2.35,-3.5091
2083,-37.08,615178,160,0.7799,-2.9031,-3.8778
2084,-32.37,615254,76,0.7952,-4.4515,-3.4896
2085,-32.6,615372,118,0.7881,-3.1588,-3.3511
2086,-52.66,615775,403,0.7942,-2.095,-2.7329
2087,-61.32,616061,286,0.7865,-2.0108,-3.7623
2088,-84.06,616512,451,0.7887,-2.5274,-3.1111
2089,-31.09,616591,79,0.7784,-2.9706,-2.0354
2090,-22.46,616655,64,0.8225,-2.865,-2.253
2091,-100.43,617160,505,0.8039,-2.6856,-4.1815
2092,-27.39,617248,88,0.7915,-2.7514,-3.2892
2093,97.94,617301,53,0.7783,-2.203,-2.4829
2094,-48.43,617671,370,0.807,-4.2397,-4.1652
2095,-80.02,618413,742,0.7903,-4.326,-3.2669
2096,-28.9,618510,97,0.7973,-4.2981,-2.6908
2097,-100.17,618985,475,0.7921,-3.1191,-2.4103
2098,-39.44,619142,157,0.7941,-3.8005,-3.2021
2099,-59.99,619398,256,0.8076,-4.2063,-2.2885
2100,-121.93,619921,523,0.7974,-4.0625,-4.2441
2101,-26.77,619988,67,0.782,-3.9874,-2.4844
2102,-92.65,620313,325,0.7986,-4.2355,-2.9639
2103,-23.79,620425,112,0.7862,-2.6345,-2.6223
2104,-22.26,620507,82,0.7916,-4.0248,-4.3459
2105,-42.33,621462,955,0.7991,-3.378,-3.9938
2106,-44.93,621661,199,0.8119,-2.7518,-3.6083
2107,-42.32,622037,376,0.8007,-3.3766,-4.2163
2108,-28.46,622125,88,0.8103,-3.0811,-4.0362
2109,-25.18,622216,91,0.7785,-2.8025,-4.3221
2110,101.62,622293,77,0.7906,-2.0603,-2.7887
2111,-35.02,622429,136,0.7903,-4.0457,-4.4648
2112,-27.71,622511,82,0.7844,-3.6638,-4.118
2113,-70.37,622785,274,0.7872,-3.954,-2.3181
2114,-26.93,622870,85,0.7691,-2.992,-4.0589
2115,-144.51,623474,604,0.7983,-3.1084,-3.8605
2116,73.82,624691,1217,0.7999,-2.0595,-4.4181
2117,-22.18,624773,82,0.7755,-2.6692,-2.5675
2118,-34.75,624900,127,0.8072,-4.3321,-4.0703
2119,-24.11,624988,88,0.8128,-3.5392,-2.3296
2120,-22.26,625058,70,0.7926,-3.1575,-2.8617
2121,-29.28,625188,130,0.7905,-2.5425,-2.4297
2122,-150.04,625867,679,0.7905,-3.3093,-3.228
2123,-25.01,625943,76,0.834,-2.705,-3.8416
2124,-22.61,626031,88,0.7891,-2.3638,-4.448
2125,-75.79,626677,646,0.7938,-4.0106,-2.4995
2126,-23.07,626732,55,0.7691,-3.6494,-4.1254
2127,97.4,627454,722,0.791,-4.0331,-3.1731
2128,-37.25,627623,169,0.8073,-2.3845,-4.3234
2129,-53.86,627930,307,0.7852,-4.4238,-3.3371
2130,-40.43,628096,166,0.7765,-2.1095,-3.8025
2131,99.95,628097,1,1.1966,-2.1021,-2.2808
2132,-55.45,628470,373,0.8062,-3.7922,-2.4576
2133,-31.43,628567,97,0.754,-2.7853,-3.2204
2134,-25.54,628625,58,0.7836,-3.4427,-2.4612
2135,-19.57,628701,76,0.7539,-2.5173,-2.6077
2136,-142.99,629644,943,0.7974,-2.0044,-3.3037
2137,99.47,629700,56,0.7775,-2.4827,-2.3438
2138,-62.54,630031,331,0.7999,-3.971,-4.3948
2139,-38.49,630140,109,0.8021,-3.4881,-2.3582
2140,-42.09,630288,148,0.7738,-3.7772,-2.75
2141,-36.54,630409,121,0.8074,-4.4816,-3.6116
2142,-55.98,630641,232,0.7995,-2.9612,-4.1756
2143,-29.08,630762,121,0.7721,-2.2585,-4.1093
2144,-39.86,630943,181,0.7959,-2.2255,-3.959
2145,-19.65,631004,61,0.7811,-2.0143,-2.9881
2146,-25.98,631086,82,0.7936,-4.2891,-4.3368
2147,-52.95,631420,334,0.8068,-4.3127,-3.0253
2148,-25.25,631499,79,0.8079,-2.4761,-3.4926
2149,-34.07,631587,88,0.8146,-3.3879,-3.0268
2150,-24.25,631678,91,0.7948,-3.1674,-2.7798
2151,-27.63,631769,91,0.7848,-3.3205,-2.7153
2152,-75.2,632115,346,0.795,-2.0067,-3.6243
2153,-35.49,632239,124,0.8215,-4.4695,-4.1859
2154,-65.8,632588,349,0.796,-3.1162,-3.6394
2155,-136.57,633348,760,0.7904,-2.15,-2.9314
2156,-55.59,633595,247,0.8009,-3.1991,-2.5049
2157,-160.99,634214,619,0.7933,-3.8535,-2.4507
2158,-59.76,634461,247,0.7817,-4.4923,-2.9508
2159,-25.36,634555,94,0.7932,-2.1631,-2.5304
2160,-25.9,634643,88,0.8065,-2.3659,-3.5076
2161,-51.62,634854,211,0.7998,-2.4394,-3.1229
2162,-44.36,635809,955,0.8019,-2.9536,-4.3527
2163,-24.76,635870,61,0.7722,-3.9961,-3.1226
2164,-27.88,635952,82,0.7865,-4.353,-2.6464
2165,99.95,635953,1,1.3042,-2.3999,-2.1991
2166,-43.02,636092,139,0.8126,-4.2456,-2.1507
2167,-32.62,636186,94,0.7869,-4.3309,-3.3149
2168,-34.96,636331,145,0.807,-2.3994,-4.3242
2169,-23.69,636398,67,0.759,-4.4544,-4.4376
2170,-19.65,636447,49,0.7699,-3.2218,-2.471
2171,-120.57,637960,1513,0.7962,-4.1814,-4.1885
2172,-25.22,638042,82,0.8259,-3.0786,-3.9143
2173,-16.49,638109,67,0.761,-2.6745,-2.1259
2174,100.16,638165,56,0.8297,-2.5849,-2.3071
2175,-60.87,638388,223,0.8148,-3.201,-2.4192
2176,-45.11,638566,178,0.802,-4.0427,-4.3291
2177,-22.11,638618,52,0.8294,-2.8601,-4.3701
2178,101.93,638698,80,0.8066,-2.2688,-2.7711
2179,-20.6,638786,88,0.8032,-2.1195,-3.7153
2180,-83.76,639207,421,0.8014,-3.2846,-2.6458
2181,-154.83,639829,622,0.7863,-3.8931,-3.1454
2182,-21.66,639923,94,0.762,-2.8513,-2.053
2183,-76.34,640320,397,0.7965,-2.6382,-4.2047
2184,-141.94,640963,643,0.8023,-3.3117,-3.0281
2185,-96.15,641291,328,0.7865,-4.1334,-3.4201
2186,-37.15,641613,322,0.7837,-3.79,-4.2029
2187,-37.53,641947,334,0.7971,-3.2199,-4.0859
2188,-29.09,642053,106,0.7867,-3.0237,-4.0758
2189,-18.23,642117,64,0.8033,-2.691,-4.0119
2190,-22.31,642202,85,0.8078,-2.2593,-4.4345
2191,-160.34,643301,1099,0.6141,-3.195,-3.6997
2192,-30.18,643428,127,0.5737,-3.9373,-3.321
2193,99.95,643429,1,0.6367,-2.395,-2.2118
2194,-22.22,643481,52,0.5395,-3.7419,-4.1144
2195,69.81,644368,887,0.5649,-2.6996,-3.045
2196,-25.34,644444,76,0.5776,-3.9975,-2.5993
2197,-52.0,644730,286,0.5788,-3.2027,-2.8665
2198,-35.82,644875,145,0.5571,-3.6017,-3.4023
2199,-23.95,644969,94,0.6097,-4.0491,-2.6087
2200,-65.58,645300,331,0.5883,-4.1075,-2.5542
2201,-23.39,645361,61,0.5328,-2.505,-2.6335
2202,-125.3,646064,703,0.5602,-4.4514,-3.8172
2203,-77.49,646431,367,0.5695,-3.3292,-3.0111
2204,-33.87,646618,187,0.549,-2.2019,-3.561
2205,-28.61,646778,160,0.5465,-2.3124,-4.0914
2206,-34.55,647619,841,0.5603,-3.5718,-4.3693
2207,-74.48,648448,829,0.5642,-2.6438,-4.1234
2208,-23.46,648515,67,0.5293,-3.8574,-2.5619
2209,-26.12,648609,94,0.5737,-3.1632,-4.4651
2210,-24.69,649375,766,0.5705,-4.4944,-3.2233
2211,-65.65,649754,379,0.5499,-3.7376,-4.0492
2212,-37.58,649920,166,0.5616,-2.966,-3.9289
2213,-96.41,650497,577,0.5591,-3.0195,-3.5518
2214,-29.95,650594,97,0.6995,-4.0331,-4.1547
2215,-30.48,650691,97,0.784,-3.9078,-4.4254
2216,-115.4,651163,472,0.7957,-3.7297,-2.2451
2217,-22.05,651242,79,0.8587,-2.4216,-3.57
2218,-32.06,651327,85,0.8038,-3.0604,-3.0816
2219,-22.38,651403,76,0.7511,-2.4282,-3.9093
2220,-21.97,651473,70,0.8151,-3.759,-3.7455
2221,-12.31,651837,364,0.7928,-4.3978,-3.7133
2222,99.95,651838,1,1.17,-2.3052,-2.22
2223,-62.54,652214,376,0.7968,-4.2259,-3.3549
2224,-59.22,652575,361,0.7834,-3.5466,-3.2766
2225,-105.16,653275,700,0.7999,-3.1132,-4.4494
2226,99.95,653276,1,1.1419,-2.3944,-2.0658
2227,-25.42,653346,70,0.7572,-2.8665,-2.8489
2228,-36.7,653449,103,0.7903,-3.1801,-3.6643
2229,-35.94,653546,97,0.7906,-4.1276,-3.0398
2230,-88.54,653928,382,0.7788,-4.3876,-2.4387
2231,-38.45,654703,775,0.8001,-3.4477,-3.4631
2232,-25.37,654785,82,0.837,-3.6821,-2.0766
2233,-21.75,654840,55,0.8699,-4.0627,-4.1217
2234,-30.09,654922,82,0.7885,-4.0862,-2.8537
2235,-135.9,655679,757,0.7889,-2.0203,-3.9113
2236,-24.95,655806,127,0.785,-2.236,-3.8035
2237,-97.46,656392,586,0.8066,-2.8803,-4.3988
2238,-36.75,656477,85,0.7677,-3.2609,-2.8636
2239,-46.81,657024,547,0.6906,-3.1592,-3.9054
2240,99.95,657025,1,0.6428,-2.4288,-2.0747
2241,-24.49,657083,58,0.577,-3.352,-2.9102
2242,-30.55,657279,196,0.536,-2.524,-3.8963
2243,-19.47,657340,61,0.5651,-2.3389,-3.7995
2244,-64.98,657836,496,0.5583,-2.5604,-4.2198
2245,-22.18,657906,70,0.5658,-3.779,-3.166
2246,-81.5,658774,868,0.5612,-3.1877,-2.3739
2247,-19.81,658862,88,0.545,-2.0097,-4.232
2248,-96.35,659412,550,0.5488,-3.8215,-3.606
2249,-32.48,659560,148,0.544,-3.3027,-3.2652
2250,99.94,659631,71,0.559,-2.3595,-2.5736
2251,-47.05,659806,175,0.5587,-4.4529,-3.3624
2252,-25.37,659906,100,0.6019,-2.9548,-3.349
2253,-70.91,660579,673,0.5613,-4.1734,-3.5063
2254,-56.85,660904,325,0.5687,-3.4709,-4.0307
2255,-145.25,661706,802,0.5511,-2.6092,-3.6965
2256,-23.06,661785,79,0.6131,-3.0275,-3.2107
2257,-63.39,662437,652,0.56,-2.3064,-4.195
2258,-32.42,662549,112,0.5647,-4.2143,-3.7492
2259,-128.95,663216,667,0.5516,-3.422,-3.7536
2260,-151.42,664147,931,0.5561,-2.592,-3.8868
2261,-71.66,664484,337,0.5812,-4.2881,-3.4655
2262,-19.42,664596,112,0.5771,-2.5666,-2.3736
2263,-50.64,664915,319,0.5657,-2.6666,-3.1053
2264,36.64,666402,1487,0.6694,-2.6895,-2.7965
2265,-13.72,666631,229,0.7917,-3.9141,-3.1231
2266,-24.01,666713,82,0.8166,-2.5735,-3.7072
2267,-152.76,667494,781,0.7869,-2.8651,-3.2963
2268,-33.9,667621,127,0.7998,-3.2421,-4.2749
2269,-19.29,667679,58,0.7811,-2.8345,-2.3358
2270,-87.08,668328,649,0.7882,-4.1464,-3.5847
2271,-146.15,669022,694,0.7846,-4.3783,-4.4259
2272,-40.54,669203,181,0.7947,-2.0259,-3.2663
2273,-25.44,669279,76,0.7957,-3.6112,-3.8128
2274,-17.65,669352,73,0.8226,-2.05,-3.8694
2275,-26.06,669443,91,0.8,-2.6857,-3.7906
2276,-31.55,669534,91,0.7884,-4.3238,-2.7918
2277,-31.93,669643,109,0.7936,-4.4959,-2.8106
2278,-113.29,670199,556,0.7815,-3.8741,-2.6347
2279,-71.73,670464,265,0.7904,-2.5756,-2.6897
2280,-28.58,670525,61,0.7775,-4.4388,-2.7407
2281,-21.23,670598,73,0.7534,-2.0246,-3.8934
2282,-26.58,670671,73,0.7954,-3.8144,-2.4662
2283,-38.93,670789,118,0.8113,-4.099,-2.8485
2284,-22.05,670865,76,0.7714,-2.6124,-4.4071
2285,-73.81,671541,676,0.7857,-3.1156,-3.0603
2286,-104.08,672265,724,0.7867,-3.7414,-2.3091
2287,-152.22,672899,634,0.7946,-4.0931,-3.5895
2288,-150.64,673851,952,0.789,-2.3783,-4.0234
2289,-20.78,673915,64,0.7977,-2.4466,-4.3023
2290,-35.07,674102,187,0.7772,-3.2769,-4.3117
2291,-20.5,674169,67,0.8146,-2.8052,-2.5235
2292,99.95,674170,1,1.0477,-2.3754,-2.0468
2293,-35.96,674318,148,0.8035,-2.82,-2.5773
2294,-61.55,674511,193,0.8043,-3.2356,-2.2182
2295,-24.53,674569,58,0.7953,-2.8906,-2.2911
2296,-49.38,674861,292,0.7884,-3.9114,-3.2582
2297,-62.7,675351,490,0.7945,-2.6755,-3.9932
2298,-98.21,675781,430,0.7927,-3.9717,-2.0549
2299,-28.38,676106,325,0.7961,-3.4135,-4.0455
2300,-69.17,676377,271,0.8107,-3.6713,-3.5066
2301,-26.59,676444,67,0.8196,-2.9423,-2.1925
2302,103.23,676527,83,0.8246,-2.0335,-2.8708
2303,-26.88,676624,97,0.7923,-2.7502,-3.6954
2304,-26.16,676736,112,0.7999,-2.3571,-3.9555
2305,-27.67,676815,79,0.8054,-4.234,-2.0669
2306,-51.26,677314,499,0.8032,-2.3397,-3.7409
2307,-21.36,677381,67,0.8402,-2.8121,-3.3325
2308,-33.7,677493,112,0.7632,-3.6922,-3.7831
2309,-29.82,677611,118,0.7854,-4.1599,-3.1267
2310,-29.43,677696,85,0.7853,-3.3835,-3.2195
2311,-40.93,677835,139,0.8126,-3.9616,-2.1535
2312,-17.41,677983,148,0.8,-2.9035,-2.251
2313,-75.45,678431,448,0.677,-4.2268,-2.9429
2314,-23.2,678726,295,0.5537,-2.3763,-3.6727
2315,-61.34,679168,442,0.5502,-4.0121,-3.8374
2316,-159.93,679949,781,0.5567,-3.8177,-3.382
2317,-25.79,680031,82,0.5533,-3.6851,-3.8218
2318,-140.21,680794,763,0.5563,-2.8787,-4.3674
2319,-25.74,680894,100,0.5589,-3.6491,-2.7756
2320,-60.77,681165,271,0.5476,-4.0604,-3.9477
2321,-36.41,681643,478,0.5643,-3.9983,-4.4977
2322,-20.58,681716,73,0.5454,-3.3156,-4.4026
2323,-117.24,682431,715,0.5619,-3.8177,-2.013
2324,-46.83,682735,304,0.5592,-2.204,-3.9623
2325,-67.96,683474,739,0.5566,-3.725,-3.3407
2326,97.94,683563,89,0.5307,-2.389,-2.4934
2327,-116.98,684191,628,0.5576,-4.1844,-4.1889
2328,-29.73,684486,295,0.5605,-3.4582,-2.3248
2329,-21.12,684571,85,0.5574,-2.2948,-4.2316
2330,-148.22,685367,796,0.5567,-3.0643,-4.1108
2331,-30.78,685470,103,0.5277,-2.7847,-2.2089
2332,-29.24,685627,157,0.5428,-3.3631,-4.2923
2333,-24.44,685685,58,0.5231,-3.0519,-3.4787
2334,-60.94,686010,325,0.5575,-2.4728,-3.6491
2335,-43.47,686275,265,0.5551,-2.3128,-3.8157
2336,-23.7,686342,67,0.5555,-4.1062,-3.7338
2337,-118.2,686955,613,0.6522,-4.4127,-3.7969
2338,-19.57,687013,58,0.8072,-2.8497,-4.1443
2339,-21.0,687428,415,0.7808,-4.2216,-4.169
2340,-157.75,687975,547,0.7612,-4.3061,-2.3134
2341,81.02,689036,1061,0.5756,-2.1397,-4.3836
2342,-16.1,689199,163,0.5627,-2.5998,-2.6571
2343,-142.54,689989,790,0.561,-2.0077,-3.6303
2344,-40.59,690125,136,0.5422,-3.7862,-3.3673
2345,-52.37,690876,751,0.5563,-2.3586,-2.6785
2346,-27.38,690985,109,0.6348,-3.3209,-3.8886
2347,99.85,691107,122,0.5685,-2.6825,-2.3637
2348,-56.1,691684,577,0.5685,-3.5001,-2.8285
2349,-25.16,691784,100,0.5528,-3.4995,-3.3038
2350,-101.04,693018,1234,0.5746,-3.1877,-2.5607
2351,110.77,693131,113,0.5515,-2.0562,-3.3891
2352,-70.81,693606,475,0.5699,-3.6442,-3.566
2353,-70.09,693937,331,0.6316,-4.1653,-3.7577
2354,-46.63,694340,403,0.7944,-4.2839,-3.4303
2355,-33.64,694467,127,0.7914,-4.0816,-3.634
2356,-60.05,694795,328,0.7902,-2.5161,-3.8852
2357,-29.25,694880,85,0.797,-2.9703,-2.247
2358,-25.48,694974,94,0.7938,-3.0827,-4.0155
2359,-46.05,695197,223,0.7997,-3.6381,-3.0241
2360,-61.3,695474,277,0.7789,-3.2335,-4.1285
2361,-47.33,695757,283,0.799,-3.383,-3.1423
2362,-111.17,696349,592,0.7842,-3.8317,-2.9689
2363,-25.5,696413,64,0.7728,-4.3246,-3.6585
2364,-38.5,696690,277,0.7779,-2.4893,-3.8518
2365,-150.38,697384,694,0.7946,-2.9871,-3.4749
2366,-33.06,697490,106,0.796,-3.7088,-2.2097
2367,-71.0,697779,289,0.7872,-3.6418,-3.9083
2368,100.64,697835,56,0.794,-2.2267,-2.6351
2369,-24.54,697917,82,0.7643,-2.7955,-4.3762
2370,-59.23,698431,514,0.7897,-4.172,-2.9042
2371,-104.86,698954,523,0.7852,-3.9764,-3.9359
2372,-33.47,699069,115,0.7897,-2.5522,-3.7852
2373,-19.68,699139,70,0.7958,-4.321,-4.4089
2374,-155.79,699749,610,0.7951,-3.3921,-2.9572
2375,-19.02,699798,49,0.7906,-2.3278,-4.223
2376,-31.8,699928,130,0.7777,-4.0083,-3.1755
2377,-63.96,700175,247,0.8049,-3.5897,-3.2937
2378,-63.33,700491,316,0.7888,-2.1897,-3.1378
2379,-17.5,700855,364,0.7887,-3.4622,-2.0264
2380,-53.24,701204,349,0.7935,-4.337,-2.1697
2381,-60.0,701433,229,0.7898,-3.2458,-3.2406
2382,-25.47,701551,118,0.794,-2.1951,-3.2317
2383,-18.94,701822,271,0.7957,-3.404,-3.8188
2384,-62.18,702042,220,0.7847,-2.853,-3.0759
2385,-70.89,702394,352,0.8052,-3.9641,-2.7265
2386,-25.66,702476,82,0.8074,-2.8898,-3.5067
2387,-33.53,702600,124,0.776,-4.489,-3.3835
2388,-21.18,702664,64,0.7777,-4.4849,-4.3125
2389,-65.79,703805,1141,0.8021,-3.4235,-4.2952
2390,-41.25,703926,121,0.769,-3.8108,-2.8613
2391,-24.94,703999,73,0.802,-3.7285,-2.0059
2392,-25.59,704111,112,0.801,-2.2092,-3.0367
2393,99.95,704112,1,0.9887,-2.0826,-2.33
2394,-30.9,704203,91,0.812,-3.7028,-2.626
2395,-165.11,704969,766,0.7859,-4.1579,-2.7886
2396,-67.77,705240,271,0.788,-3.2723,-4.4579
2397,-22.03,705721,481,0.7934,-3.8144,-2.1115
2398,-31.79,705851,130,0.7819,-3.7104,-4.0464
2399,-79.49,706503,652,0.8007,-4.0312,-3.302
2400,-33.48,706702,199,0.7823,-2.3934,-2.605
2401,-28.6,706796,94,0.7888,-3.4079,-3.9782
2402,-49.28,707016,220,0.8006,-4.3848,-3.3434
2403,-111.66,707500,484,0.8017,-2.4631,-2.6758
2404,-75.43,707777,277,0.8003,-3.4785,-3.0132
2405,-26.12,707820,43,0.7951,-3.4094,-3.0525
2406,-54.48,708028,208,0.7918,-3.2062,-2.7976
2407,-102.09,708683,655,0.7938,-3.2307,-2.1485
2408,-27.09,708756,73,0.7946,-3.4299,-4.4602
2409,-30.48,708832,76,0.7892,-3.9091,-3.2485
2410,-155.86,709526,694,0.7902,-3.1486,-3.119
2411,-22.25,709614,88,0.806,-2.7136,-3.8134
2412,-26.27,709738,124,0.7759,-2.8377,-2.7399
2413,-28.21,709817,79,0.7645,-3.4718,-3.4946
2414,-35.76,709908,91,0.8061,-4.0527,-3.465
2415,99.28,709979,71,0.8089,-2.533,-2.2276
2416,-22.53,710037,58,0.7999,-3.016,-3.7516
2417,-31.74,710149,112,0.776,-2.7943,-2.6496
2418,-31.61,710213,64,0.7891,-3.6695,-2.4336
2419,-27.19,710286,73,0.8177,-4.3158,-4.4731
2420,-24.7,710344,58,0.7562,-4.1926,-4.11
2421,-97.68,710945,601,0.7872,-2.3027,-3.4375
2422,-155.54,711636,691,0.7958,-3.8127,-3.4273
2423,-49.92,711841,205,0.7899,-3.5129,-3.7463
2424,-21.24,711899,58,0.7669,-4.1553,-2.8602
2425,-53.25,712104,205,0.7892,-4.1585,-2.5614
2426,-60.88,712321,217,0.7938,-3.9958,-2.6716
2427,-67.7,712664,343,0.8006,-2.486,-4.1867
2428,-64.46,712950,286,0.7986,-4.2831,-2.1261
2429,-34.73,713077,127,0.7812,-3.3424,-2.9244
2430,-23.08,713165,88,0.7932,-4.4418,-3.8032
2431,-33.86,713238,73,0.798,-3.2365,-2.2845
2432,-187.77,714604,1366,0.7935,-3.8214,-2.562
2433,-23.25,714689,85,0.7912,-2.8445,-4.2118
2434,-92.36,715020,331,0.788,-3.7666,-3.9053
2435,-22.95,715081,61,0.7657,-3.3937,-2.9117
2436,-54.64,715322,241,0.7958,-3.4165,-3.8887
2437,-43.04,715623,301,0.7785,-2.7603,-3.0388
2438,-50.32,715975,352,0.794,-3.2017,-3.114
2439,-56.26,716129,154,0.785,-3.9452,-2.7989
2440,-22.49,716202,73,0.7754,-3.5312,-3.5913
2441,-31.98,716293,91,0.8025,-4.1257,-3.0079
2442,-54.92,716597,304,0.8069,-2.9933,-3.6492
2443,95.13,716707,110,0.7961,-2.3504,-2.3864
2444,-99.78,717149,442,0.7872,-4.2274,-2.7624
2445,-29.63,717228,79,0.8027,-3.5154,-2.0007
2446,-25.87,717292,64,0.8049,-3.9374,-3.7987
2447,-24.9,717365,73,0.803,-3.3947,-3.8282
2448,-25.52,717444,79,0.7678,-2.77,-3.2977
2449,-67.89,717793,349,0.7963,-3.9478,-3.2341
2450,-42.65,718118,325,0.7824,-2.278,-2.519
2451,-32.12,718239,121,0.8037,-3.2529,-3.7788
2452,-64.75,718552,313,0.8042,-4.0503,-2.304
2453,96.29,718932,380,0.8136,-2.7246,-3.0696
2454,-17.74,718993,61,0.8024,-2.3014,-4.1958
2455,-23.79,719057,64,0.7749,-2.7938,-3.9582
2456,-129.06,719631,574,0.793,-4.1986,-3.336
2457,-42.84,719761,130,0.7859,-3.5315,-2.1471
2458,-19.88,719825,64,0.7951,-3.6901,-2.4627
2459,-154.83,720486,661,0.7913,-2.6279,-2.8302
2460,-64.38,720739,253,0.783,-2.199,-3.4802
2461,-25.1,721130,391,0.7748,-3.5258,-4.0976
2462,-61.23,721935,805,0.789,-3.8106,-2.3006
2463,-80.19,722626,691,0.7926,-3.314,-3.6466
2464,-55.26,722885,259,0.8002,-3.9597,-3.2876
2465,-22.03,722955,70,0.764,-2.7083,-3.7833
2466,-73.47,723298,343,0.7861,-2.6057,-2.9255
2467,-74.19,723731,433,0.7828,-2.5311,-3.8727
2468,-32.52,723843,112,0.7971,-2.9224,-4.1157
2469,-161.58,724507,664,0.7902,-3.5905,-2.6891
2470,-21.61,724559,52,0.7171,-2.9208,-4.0303
2471,-69.52,725088,529,0.7933,-2.3541,-4.3666
2472,-24.31,725140,52,0.8273,-3.012,-2.0404
2473,-30.34,725246,106,0.769,-3.1712,-2.4983
2474,-42.54,725388,142,0.7888,-3.012,-2.5423
2475,-30.14,725458,70,0.7837,-2.861,-2.7722
2476,-110.89,725945,487,0.7973,-3.9305,-2.6454
2477,-32.05,726054,109,0.7824,-3.9052,-2.0484
2478,-30.15,726133,79,0.7941,-3.9305,-3.9083
2479,-49.58,726362,229,0.7853,-2.3533,-3.8925
2480,-37.08,726507,145,0.7842,-3.5977,-2.7134
2481,-53.69,727264,757,0.7831,-4.1031,-4.1023
2482,-23.08,727322,58,0.7486,-3.2841,-3.8908
2483,-64.44,727617,295,0.8001,-3.9109,-4.4769
2484,-101.93,728083,466,0.7939,-3.5739,-3.7044
2485,-28.8,728153,70,0.8189,-4.4221,-2.9469
2486,-20.86,728211,58,0.7677,-2.9334,-4.323
2487,-62.73,729046,835,0.7918,-3.7074,-2.318
2488,-61.13,729314,268,0.7941,-3.0446,-3.4701
2489,-26.01,729414,100,0.8072,-3.3372,-3.9793
2490,98.0,729467,53,0.7979,-2.4703,-2.215
2491,-47.52,729894,427,0.7934,-2.2233,-3.9402
2492,-44.65,730078,184,0.794,-3.7231,-4.0984
2493,-59.89,730361,283,0.7908,-3.732,-3.668
2494,-25.03,730905,544,0.7946,-2.9172,-4.0259
2495,-19.74,730978,73,0.7895,-2.2015,-4.2423
2496,-25.55,731039,61,0.8038,-4.4828,-2.3626
2497,111.42,731287,248,0.7839,-2.7406,-3.6116
2498,-46.69,731486,199,0.7947,-3.0113,-3.9411
2499,-51.31,731673,187,0.809,-4.079,-3.3221
2500,-27.35,731764,91,0.781,-3.617,-2.9619
2501,-170.98,732671,907,0.586,-3.9546,-2.8427
2502,-20.95,732762,91,0.5699,-2.5828,-4.0834
2503,-33.72,732895,133,0.5634,-4.3904,-3.401
2504,-20.48,732947,52,0.5067,-2.5649,-2.8731
2505,-26.04,733050,103,0.5507,-2.7453,-3.4929
2506,-87.01,733612,562,0.613,-3.9126,-3.1706
2507,-30.86,734216,604,0.6757,-3.9891,-2.6844
2508,-38.7,734361,145,0.7782,-4.0076,-3.7718
2509,-40.0,734521,160,0.7289,-3.2336,-3.2832
2510,-26.03,734657,136,0.7857,-2.9979,-3.4064
2511,99.95,734658,1,0.4518,-2.2013,-2.4002
2512,-25.87,734764,106,0.7642,-2.3022,-2.9262
2513,-19.4,734840,76,0.6121,-2.9125,-2.977
2514,-27.0,734997,157,0.7342,-3.4128,-3.6947
2515,-67.48,735496,499,0.774,-3.02,-4.4362
2516,-52.88,735764,268,0.7313,-4.4814,-2.3709
2517,-83.14,736149,385,0.7309,-4.3839,-3.188
2518,-23.14,736237,88,0.7724,-2.9625,-4.0046
2519,-62.57,736661,424,0.712,-2.2607,-4.0248
2520,-26.2,736833,172,0.6467,-2.2887,-2.5925
2521,-34.7,736975,142,0.8121,-3.8981,-4.1231
2522,-22.05,737066,91,0.6039,-3.7094,-3.5051
2523,-48.17,737511,445,0.696,-3.8855,-2.0028
2524,-62.51,737776,265,0.733,-3.9259,-2.4234
2525,-54.53,737963,187,0.7931,-4.1022,-2.0494
2526,-55.19,738549,586,0.7062,-3.9362,-3.4458
2527,-22.15,738631,82,0.7696,-3.1036,-4.1993
2528,-22.37,738719,88,0.7542,-2.4579,-3.8133
2529,-56.53,738969,250,0.7161,-3.1268,-3.1259
2530,-44.19,739204,235,0.6748,-2.9934,-4.3613
2531,-36.63,739325,121,0.7729,-4.0785,-4.097
2532,-37.49,739515,190,0.6806,-3.7449,-4.1377
2533,-20.56,739591,76,0.7897,-2.1952,-3.2176
2534,-60.3,739892,301,0.708,-2.9411,-3.6063
2535,-33.3,740019,127,0.7901,-3.8094,-3.2421
2536,-149.84,741130,1111,0.7212,-3.7642,-3.6409
2537,-46.86,741377,247,0.683,-3.3681,-3.2357
2538,-31.53,741597,220,0.6434,-2.0392,-3.9417
2539,-149.49,742357,760,0.6756,-3.2801,-4.1262
2540,-45.73,743225,868,0.7076,-3.625,-2.7067
2541,-80.53,743643,418,0.7357,-4.0638,-3.0466
2542,-71.88,744253,610,0.7026,-3.4582,-4.3711
2543,-33.53,744464,211,0.693,-2.1673,-3.466
2544,-20.67,744555,91,0.6749,-2.5402,-3.4592
2545,-20.85,744655,100,0.6208,-2.1566,-3.7738
2546,-77.01,745199,544,0.6965,-3.4694,-2.6028
2547,-27.65,745326,127,0.6262,-3.6408,-3.5891
2548,96.4,745628,302,0.6723,-2.0129,-3.111
2549,-149.36,746568,940,0.6883,-2.7765,-2.8913
2550,-17.12,746653,85,0.5925,-2.4302,-2.3454
2551,-86.34,747248,595,0.673,-3.0919,-3.7636
2552,-87.77,747714,466,0.547,-4.443,-2.964
2553,-76.66,748087,373,0.7788,-2.4363,-3.3737
2554,-104.23,748574,487,0.7735,-4.0882,-3.7798
2555,72.0,749419,845,0.783,-3.225,-2.4083
2556,-22.35,749471,52,0.7748,-4.0706,-2.9696
2557,-21.54,749553,82,0.6552,-2.6166,-2.1599
2558,-53.27,749740,187,0.7682,-4.2082,-2.184
2559,-69.27,750005,265,0.7811,-2.9963,-2.5832
2560,-28.88,750102,97,0.7924,-4.3656,-3.2346
2561,-38.06,750283,181,0.7894,-2.9434,-3.7329
2562,-34.53,750380,97,0.7932,-3.4209,-3.1143
2563,-29.29,750483,103,0.7615,-3.1186,-4.3953
2564,-35.45,750619,136,0.7631,-3.4013,-3.9655
2565,99.95,750620,1,1.1566,-2.2083,-2.0586
2566,-26.2,750723,103,0.7783,-3.7509,-4.062
2567,-57.55,750949,226,0.7696,-3.9512,-3.3056
