1,-44.05,16,1.1882
2,27.39,23,1.5175
3,-25.0,29,1.1616
4,-122.7,36,1.5706
5,-25.0,42,2.3065
6,-129.93,49,0.7074
7,91.79,65,0.9161
8,-108.05,81,1.2347
9,105.79,88,0.7209
10,-193.58,98,0.7053
11,-25.0,104,2.1013
12,176.38,114,0.8249
13,-24.8,121,1.0719
14,-303.91,131,1.5729
15,-146.77,138,1.9453
16,-25.0,144,1.7401
17,36.47,154,0.9239
18,26.7,161,0.8782
19,-238.91,168,0.6479
20,-84.47,175,0.6549
21,69.14,182,0.8912
22,-25.0,188,0.6734
23,-83.12,198,0.7786
24,-106.8,205,1.2317
25,97.38,221,1.3909
26,-99.7,228,2.0828
27,135.36,235,1.4877
28,-317.6,251,0.9776
29,-192.31,258,1.7045
30,235.61,265,0.8449
31,-276.03,272,1.0136
32,170.61,279,2.1795
33,-41.58,286,1.1873
34,28.86,299,0.8128
35,-70.03,321,1.5413
36,5.25,334,1.0183
37,-97.71,344,1.2871
38,-20.83,351,0.8253
39,113.37,358,1.0769
40,165.6,368,1.0832
41,7.72,378,1.6324
42,-449.55,391,0.8934
43,0.8,398,0.813
44,189.94,405,1.3956
45,42.2,418,1.1707
46,56.23,428,0.9007
47,67.37,435,1.9635
48,-276.76,442,1.2018
49,-117.0,449,0.8119
50,-3.0,456,2.0241
51,60.88,463,1.2173
52,-76.67,470,1.2551
53,-137.79,480,1.7047
54,-49.72,487,1.5403
55,-48.6,497,2.2092
56,127.81,504,0.8044
57,-242.34,511,1.9794
58,64.2,521,1.2052
59,1.54,528,0.8419
60,18.98,535,1.3889
61,-186.98,548,2.2014
62,-137.44,555,0.9077
63,-10.72,568,0.9998
64,-155.82,581,1.3138
65,158.19,588,1.4047
66,-39.2,598,0.8391
67,77.12,605,0.8588
68,-262.58,612,0.886
69,42.51,619,1.1054
70,121.02,626,0.7886
71,-152.64,633,0.8293
72,-4.44,640,1.3146
73,-156.56,647,1.7124
74,194.21,654,0.8166
75,-257.52,664,0.8107
76,-14.35,671,0.8453
77,201.84,678,0.9759
78,-132.66,685,0.8113
79,-129.55,692,0.9746
80,-374.79,699,1.1843
81,55.69,709,1.2974
82,-97.67,719,1.515
83,-49.99,726,0.8297
84,-177.65,733,0.7349
85,182.76,740,1.4982
86,-234.54,747,0.7669
87,138.96,760,0.752
88,-204.37,770,1.0839
89,126.18,777,0.7581
90,-323.96,796,1.0192
91,72.94,803,0.9763
92,-60.44,810,1.5267
93,-76.1,817,0.7586
94,-3.81,830,1.271
95,1.5,837,0.765
96,-51.14,844,0.7841
97,203.58,857,1.1
98,-310.1,867,0.8049
99,15.6,874,1.5846
100,83.39,887,2.1703
101,118.6,894,0.8248
102,-297.32,901,0.7735
103,-126.7,908,1.0816
104,-166.39,924,1.5012
105,-9.75,931,4.2977
106,-18.5,938,1.313
107,118.08,945,2.2268
108,-102.05,952,3.6539
109,84.6,962,1.1815
110,-122.84,969,1.4775
111,-110.71,985,2.4668
112,205.69,992,0.9047
113,-127.85,999,1.4634
114,81.91,1009,0.7778
115,-23.37,1022,1.2314
116,-64.74,1029,0.9042
117,73.02,1039,1.1774
118,-123.65,1046,2.3364
119,104.84,1059,0.8789
120,-240.39,1072,0.9438
121,51.41,1079,1.3564
122,-56.2,1086,1.5414
123,129.32,1096,1.4985
124,-111.28,1103,1.0071
125,-216.94,1110,0.7638
126,-14.28,1117,1.5894
127,-97.87,1124,0.8458
128,134.28,1134,0.8352
129,-165.97,1144,0.7953
130,-8.03,1154,0.7928
131,-384.1,1161,1.0364
132,-204.03,1171,0.9457
133,-35.01,1178,0.8355
134,-37.68,1185,1.6268
135,114.61,1195,1.1867
136,25.94,1202,0.8593
137,-289.6,1209,1.5593
138,128.03,1219,1.1037
139,18.42,1226,0.9034
140,26.85,1236,1.0364
141,-209.44,1243,1.0689
142,-39.69,1250,1.3296
143,81.77,1257,0.8282
144,73.66,1264,0.8692
145,137.28,1274,1.269
146,-203.13,1281,0.9006
147,-121.18,1288,1.1548
148,124.1,1295,1.5021
149,196.84,1302,1.2646
150,-188.16,1309,1.2242
151,-201.37,1316,0.8887
152,41.39,1323,0.8123
153,-145.59,1330,1.2137
154,337.92,1340,0.8691
155,-157.9,1347,0.7669
156,60.16,1354,0.7907
157,-187.77,1361,0.6835
158,-118.71,1368,0.8116
159,-10.91,1375,0.7292
160,-9.74,1382,0.8146
161,183.24,1389,1.3419
162,-77.95,1396,0.8513
163,150.92,1403,0.8012
164,75.37,1410,0.8394
165,-253.17,1417,1.8897
166,-6.75,1424,0.7767
167,91.21,1431,0.7773
168,4.35,1438,0.717
169,178.54,1445,0.8034
170,-134.56,1452,0.7829
171,-46.98,1459,0.7029
172,-61.68,1466,1.0206
173,-157.62,1473,1.008
174,52.9,1480,1.2372
175,-90.56,1487,1.1924
176,97.64,1494,0.956
177,-39.28,1504,0.9726
178,-62.65,1511,0.7665
179,-16.98,1518,0.741
180,129.17,1528,0.8681
181,-466.65,1535,0.7995
182,225.41,1542,1.1735
183,-215.24,1549,1.6331
184,-2.94,1556,0.7977
185,45.12,1563,0.9358
186,-91.4,1570,0.7049
187,94.27,1577,1.3665
188,-71.21,1584,0.7161
189,-13.79,1591,0.7087
190,-15.2,1598,0.7782
191,-23.53,1605,0.7605
192,-176.37,1618,0.8773
193,61.59,1625,0.8211
194,-142.31,1632,0.9739
195,116.05,1639,0.9197
196,-188.81,1646,0.7539
197,196.92,1653,0.9052
198,-250.16,1660,1.2541
199,122.34,1667,0.6796
200,-95.48,1674,0.7885
201,-25.54,1681,0.7759
202,295.92,1790,0.9916
203,-283.37,1797,1.2327
204,-54.42,1804,0.8464
205,315.19,1820,0.7695
206,-335.71,1827,1.2743
207,103.9,1834,0.8861
208,-279.34,1859,0.9679
209,96.53,2028,0.9048
210,135.14,2038,1.0316
211,-82.03,2087,0.9854
212,28.42,2100,0.7929
213,-148.43,2110,0.9743
214,74.74,2264,0.975
215,-193.26,2274,0.7407
216,-118.51,2284,0.9284
217,-78.29,2294,1.6103
218,-27.55,2304,0.8619
219,-107.06,2464,1.0155
220,73.28,2474,0.9558
221,-135.2,2481,0.8518
222,49.24,2494,0.8999
223,-365.31,2513,1.1484
224,113.94,2526,0.7828
225,-133.44,2638,1.0781
226,-162.39,2651,1.0863
227,161.08,2658,0.746
228,-104.72,2671,0.7818
229,160.85,2720,0.8858
230,172.09,2730,0.7498
231,-102.71,2779,0.8743
232,34.64,2789,1.3029
233,-89.52,2811,1.3291
234,-150.08,2821,1.0425
235,-125.92,2846,0.8503
236,-188.6,2877,0.762
237,87.55,2935,1.0444
238,-61.62,2948,0.9314
239,75.73,2973,0.9936
240,25.86,2989,1.2438
241,221.07,3032,0.9988
242,247.89,3045,0.8449
243,-166.29,3055,1.2449
244,128.68,3095,0.8584
245,-88.26,3105,0.8436
246,-91.52,3115,0.8486
247,-105.75,3122,0.7269
248,-10.8,3147,0.763
249,8.31,3157,0.8037
250,-100.5,3167,1.1701
251,-50.23,3174,0.8781
252,87.33,3196,0.9517
253,-40.11,3251,0.8935
254,-70.56,3264,1.0753
255,-223.91,3274,0.8615
256,109.99,3281,1.1285
257,-27.05,3306,0.8517
258,117.29,3316,0.8551
259,-44.31,3335,0.8129
260,-157.25,3345,1.1143
261,64.96,3355,1.149
262,16.29,3365,1.1831
263,-181.42,3375,1.2171
264,-6.03,3388,1.0589
265,7.8,3395,0.8283
266,199.6,3429,1.1877
267,13.67,3442,1.0479
268,-311.85,3455,0.928
269,131.69,3462,0.7336
270,-160.74,3481,1.0192
271,-77.48,3488,0.8839
272,113.64,3504,1.0767
273,-252.14,3529,1.2349
274,133.81,3554,0.9131
275,48.84,3570,1.4055
276,-216.16,3580,0.8239
277,109.65,3587,1.4369
278,-241.34,3606,0.9008
279,109.09,3625,1.0095
280,192.93,3650,1.0895
281,-213.53,3660,0.8875
282,91.23,3670,0.8605
283,-162.79,3677,0.8285
284,47.12,3684,0.7687
285,-122.48,3721,1.0381
286,88.52,3734,0.8486
287,-45.85,3747,0.9588
288,-17.65,3760,1.5042
289,50.1,3767,1.5004
290,-88.6,3792,0.9066
291,94.52,3811,0.8515
292,45.27,3818,1.0889
293,99.07,3825,0.8867
294,-77.51,3838,1.4361
295,149.18,3845,0.7185
296,-244.92,3864,0.9249
297,-185.6,3874,0.7717
298,110.59,3881,2.4126
299,-182.26,3891,1.245
300,-84.04,3898,1.9503
301,101.89,3905,0.9347
302,-108.16,3924,1.33
303,172.75,3937,1.2599
304,-30.01,3944,1.0296
305,56.26,3972,0.9434
306,46.28,3979,1.2569
307,-50.27,3989,0.7956
308,107.97,4002,0.7741
309,126.33,4015,1.1818
310,-154.84,4025,0.8695
311,-188.46,4041,1.1491
312,-24.99,4051,1.1622
313,59.91,4067,1.0013
314,-69.37,4077,0.9506
315,-313.74,4087,0.89
316,263.26,4100,1.0961
317,-132.21,4128,0.9552
318,35.12,4135,0.9605
319,52.13,4142,0.7667
320,-181.39,4164,1.0849
321,-92.26,4180,0.9655
322,101.08,4187,2.2084
323,-144.33,4194,1.0772
324,117.45,4204,0.7632
325,183.36,4220,0.8633
326,173.4,4230,0.8261
327,-155.42,4255,1.0731
328,119.66,4274,0.8431
329,65.09,4284,0.9551
330,-161.01,4318,0.8152
331,334.14,4343,1.0583
332,-242.86,4362,1.1384
333,-234.18,4378,1.0826
334,-117.07,4385,0.9399
335,-123.85,4395,0.767
336,-201.52,4402,0.8061
337,-224.93,4409,0.8149
338,241.71,4425,0.9383
339,-104.93,4444,0.8707
340,6.21,4463,0.8026
341,-250.21,4470,1.3178
342,-217.16,4498,1.0906
343,64.81,4523,0.8548
344,-146.6,4554,0.9662
345,-79.89,4561,0.7624
346,172.18,4577,1.1756
347,88.53,4587,0.8508
348,-36.52,4612,0.9608
349,-198.1,4634,1.1428
350,9.2,4677,1.0358
351,-266.21,4690,1.1993
352,64.26,4709,0.9031
353,-37.47,4725,0.8844
354,-6.94,4735,0.9916
355,77.57,4745,0.7813
356,-60.92,4764,0.8316
357,170.22,4771,0.7125
358,-364.65,4784,0.8901
359,146.44,4791,0.7143
360,-36.47,4801,0.9598
361,-301.95,4832,1.0867
362,-208.87,4848,1.0553
363,76.58,4858,0.7918
364,-91.26,4877,0.8285
365,62.14,4890,0.8049
366,99.93,4906,1.0668
367,46.1,4943,0.878
368,-117.94,4956,0.9295
369,-0.06,4984,0.9489
370,78.4,4994,1.5248
371,37.61,5019,1.3085
372,48.72,5029,1.2086
373,3.03,5039,0.8646
374,152.63,5055,1.1625
375,-6.85,5065,0.8568
376,75.19,5084,1.0634
377,192.92,5100,1.0436
378,-145.23,5116,1.316
379,-183.58,5132,1.1178
380,219.43,5148,1.0144
381,-433.52,5158,0.8698
382,1.53,5165,0.8448
383,277.44,5181,1.1022
384,-297.57,5197,1.1302
385,68.71,5213,1.05
386,-35.41,5271,1.0426
387,145.21,5308,0.8483
388,106.14,5357,0.901
389,70.41,5364,1.2083
390,-142.7,5374,1.6513
391,-197.92,5426,0.9158
392,-23.24,5442,0.8355
393,-146.28,5455,0.9628
394,-299.8,5468,0.9944
395,-43.02,5484,1.0707
396,-62.48,5518,0.9636
397,-56.11,5540,1.5736
398,140.48,5547,0.8936
399,-13.79,5560,1.0858
400,-140.75,5573,1.1145
401,67.98,5583,0.9098
402,-209.01,5596,0.7857
403,-4.05,5606,1.0427
404,98.01,5613,1.8377
405,114.38,5620,0.7501
406,-8.24,5630,1.2425
407,37.88,5640,0.7544
408,55.62,5659,0.9505
409,185.56,5687,1.1632
410,-133.63,5709,1.0242
411,-225.34,5725,1.3202
412,72.12,5735,1.1382
413,19.99,5754,1.3632
414,-260.93,5767,0.9922
415,120.91,5789,1.0042
416,57.95,5817,0.9045
417,139.42,5830,0.9688
418,-137.98,5864,0.9743
419,51.73,5889,1.0667
420,-42.29,5896,0.9139
421,-76.86,5903,1.0003
422,146.99,5922,0.7678
423,-369.99,5929,0.8177
424,109.81,5942,1.4301
425,-25.49,5958,0.8854
426,-62.94,5968,1.6078
427,-35.57,5981,1.0811
428,-31.19,5994,1.1286
429,147.26,6004,1.5075
430,-152.21,6017,0.9848
431,-63.93,6027,0.9627
432,91.19,6037,0.7886
433,-163.7,6065,0.9788
434,-190.09,6072,0.9897
435,-173.5,6082,0.7476
436,147.27,6104,0.9381
437,1.6,6123,0.952
438,-207.83,6145,0.9592
439,125.07,6155,1.4584
440,-174.27,6162,2.2928
441,-235.05,6169,1.1849
442,106.32,6188,0.88
443,-119.37,6195,1.0134
444,138.02,6208,1.1053
445,-141.11,6215,1.2267
446,-139.75,6234,1.3001
447,135.15,6241,0.813
448,7.31,6248,1.2439
449,-179.12,6258,1.013
450,166.2,6274,1.0461
451,-104.21,6281,0.7489
452,82.79,6297,1.035
453,-68.1,6307,1.109
454,-66.11,6329,0.8997
455,8.79,6354,0.8095
456,-135.52,6370,0.7939
457,-97.58,6392,1.3028
458,-132.24,6417,1.1736
459,-75.2,6427,0.9727
460,-161.64,6449,0.8999
461,198.96,6486,0.973
462,-198.85,6505,1.2331
463,61.5,6512,0.8964
464,-162.66,6519,1.4195
465,3.34,6526,0.7385
466,-134.91,6551,1.1112
467,-0.52,6558,0.8777
468,-78.79,6574,0.8634
469,89.75,6587,0.7566
470,20.49,6603,1.2314
471,-186.72,6622,0.8854
472,52.12,6644,1.0513
473,96.3,6660,0.916
474,-113.8,6673,0.7822
475,74.99,6692,1.1574
476,-32.18,6705,0.8278
477,77.74,6724,1.246
478,-91.64,6749,0.9056
479,-106.61,6765,0.8219
480,134.81,6775,0.7776
481,17.2,6782,1.0162
482,-55.72,6792,0.8013
483,33.1,6814,1.1756
484,2.02,6824,1.1714
485,-131.95,6837,1.0094
486,-99.86,6844,1.2165
487,-338.64,6866,0.9756
488,62.68,6873,0.801
489,279.97,6892,0.8733
490,-45.9,6899,1.1901
491,-82.53,6906,0.8423
492,-31.85,6925,0.9266
493,-59.01,6935,0.9329
494,4.89,6945,0.7908
495,1.39,6955,0.8195
496,-2.39,6968,0.9638
497,33.43,6975,1.3234
498,-23.73,6991,0.8456
499,-227.95,6998,1.6798
500,109.75,7020,0.9025
501,-18.39,7027,1.2029
502,178.22,7034,0.7943
503,-54.05,7041,0.8081
504,74.46,7054,1.1504
505,-202.03,7064,1.3051
506,8.19,7077,0.8951
507,137.52,7090,1.2306
508,-132.27,7097,1.3476
509,-251.46,7104,1.2885
510,-209.32,7114,1.6887
511,113.02,7124,1.1836
512,-63.67,7131,0.9311
513,-73.7,7141,0.9432
514,80.47,7154,0.8594
515,80.34,7167,1.1989
516,9.79,7174,0.9188
517,-41.22,7187,0.8375
518,138.78,7194,0.7403
519,-98.07,7207,1.1796
520,73.68,7220,0.8552
521,-201.29,7251,0.9094
522,69.35,7276,0.965
523,10.7,7283,2.3585
524,-41.11,7290,0.9859
525,-43.18,7300,0.7652
526,-169.43,7307,0.8349
527,-117.57,7341,0.7895
528,110.35,7363,1.0393
529,-200.23,7379,0.9228
530,26.74,7386,0.848
531,100.7,7423,1.1845
532,-267.59,7430,2.0181
533,82.99,7446,0.9449
534,-169.29,7456,0.8005
535,-122.9,7472,0.7709
536,-4.14,7482,0.8858
537,38.42,7495,0.8449
538,47.84,7514,1.0725
539,-10.61,7521,1.3736
540,-12.01,7534,1.039
541,-84.71,7571,1.1706
542,147.31,7581,0.8935
543,-89.2,7591,1.2079
544,-121.26,7598,1.5208
545,-255.77,7605,0.8871
546,-76.36,7624,0.9592
547,-52.5,7640,0.9262
548,87.14,7656,0.8456
549,114.67,7669,0.9149
550,23.53,7685,1.2857
551,-238.42,7692,0.7815
552,204.24,7726,0.9044
553,-116.82,7748,1.1949
554,36.44,7755,0.9091
555,-146.86,7789,0.9132
556,3.02,7796,2.1738
557,143.77,7818,1.1335
558,-10.81,7840,0.8974
559,-166.71,7868,1.0272
560,158.11,7884,1.1466
561,-125.3,7921,1.1247
562,176.33,7958,1.118
563,-187.25,7968,1.3897
564,353.44,8044,1.0272
565,-266.18,8051,0.6227
566,-95.88,8079,0.589
567,-123.79,8092,0.6973
568,217.64,8117,0.8802
569,37.02,8139,0.6553
570,-8.58,8146,0.6328
571,2.8,8153,1.0941
572,16.19,8160,0.6602
573,-102.95,8194,0.6227
574,66.28,8210,0.6647
575,-5.06,8226,0.7138
576,-220.65,8245,0.588
577,-100.85,8267,0.6582
578,67.11,8274,0.5995
579,9.63,8287,0.6745
580,-113.28,8309,0.6845
581,-116.26,8346,0.6255
582,22.17,8362,0.5865
583,83.68,8375,0.5844
584,16.44,8388,0.5941
585,104.82,8401,0.7793
586,-0.03,8417,0.6097
587,-168.09,8454,0.6915
588,19.22,8461,1.4382
589,-23.1,8474,0.6205
590,2.58,8484,1.033
591,-101.35,8521,0.6767
592,114.54,8531,0.6184
593,-372.83,8547,0.5912
594,195.75,8563,0.7168
595,-35.46,8573,0.7248
596,-124.17,8580,0.7253
597,-80.63,8596,0.6702
598,34.45,8603,0.7477
599,120.68,8625,0.6326
600,-228.36,8647,0.6623
601,96.76,8660,0.65
602,8.88,8694,0.5953
603,168.97,8704,0.5647
604,-7.95,8717,0.7057
605,71.71,8727,0.5952
606,-328.88,8737,0.587
607,48.59,8750,0.8156
608,162.48,8778,0.6236
609,-215.4,8785,0.6057
610,138.04,8798,0.8509
611,-197.96,8808,0.6712
612,172.16,8818,0.6388
613,-46.02,8825,0.7137
614,-230.67,8859,0.6188
615,193.85,8875,0.5927
616,-159.07,8885,0.6042
617,126.86,8895,0.7028
618,-71.25,8905,0.6303
619,-9.82,8918,0.7595
620,-81.41,8946,0.6707
621,18.87,8962,0.6213
622,-113.12,8978,0.6167
623,161.42,8994,0.8379
624,96.11,9010,0.6608
625,-94.21,9029,0.6101
626,127.54,9045,0.7386
627,-188.73,9067,0.8617
628,59.98,9098,0.6369
629,117.17,9126,0.6682
630,-122.02,9142,0.7597
631,37.32,9152,0.7564
632,-29.85,9177,0.6892
633,-85.54,9187,0.5889
634,-133.34,9194,0.6692
635,-160.38,9201,0.6523
636,-277.64,9217,0.6353
637,-38.03,9227,0.7147
638,-249.13,9255,0.6154
639,106.89,9265,0.7009
640,-154.27,9272,0.7595
641,-119.12,9282,0.6865
642,-2.21,9295,0.6651
643,171.18,9320,0.6102
644,-23.49,9339,0.6312
645,-326.52,9349,0.5866
646,-120.13,9359,0.5979
647,-58.19,9381,0.618
648,82.94,9391,0.5914
649,-176.85,9401,0.6854
650,-29.25,9423,0.5859
651,12.3,9445,0.6446
652,-15.42,9452,0.5823
653,124.13,9465,0.6081
654,10.59,9472,0.6242
655,44.47,9494,0.6541
656,-90.52,9522,2.0431
657,3.97,9544,1.1355
658,78.84,9551,0.9455
659,220.17,9567,0.9782
660,-193.25,9601,0.8524
661,-110.8,9608,0.7223
662,151.26,9615,0.7607
663,-40.42,9625,0.7854
664,54.05,9638,0.8025
665,-78.01,9669,0.9605
666,35.4,9682,1.4375
667,103.29,9692,0.7438
668,-304.24,9720,0.9518
669,67.67,9739,1.4042
670,60.83,9746,1.2702
671,-50.23,9753,0.9334
672,330.23,9772,0.8541
673,-408.94,9782,1.2236
674,92.97,9789,0.9952
675,-34.44,9802,1.0052
676,47.21,9821,0.8351
677,-127.61,9828,1.1344
678,-204.83,9835,0.6709
679,117.9,9857,0.9674
680,-56.4,9870,0.8533
681,43.98,9889,0.7299
682,49.67,9896,0.7698
683,129.64,9906,0.7179
684,151.17,9916,0.7187
685,-143.66,9923,0.6677
686,95.13,9930,0.77
687,217.51,9940,0.9494
688,-89.2,9953,0.82
689,-198.27,9972,0.9151
690,127.22,9982,0.7985
691,86.67,10010,0.6735
692,-95.41,10026,0.7574
693,-67.08,10033,0.8923
694,27.16,10040,0.8462
695,105.54,10062,0.8368
696,86.16,10072,1.213
697,-20.27,10079,0.7266
698,243.73,10095,0.7668
699,-49.72,10105,0.8003
700,-159.23,10112,0.7476
701,3.94,10128,0.7465
702,63.91,10150,0.7649
703,-23.57,10184,0.8003
704,-25.76,10218,0.7885
705,-158.86,10228,0.7474
706,-180.74,10235,0.609
707,157.39,10242,1.367
708,14.21,10249,0.8875
709,11.27,10259,0.6377
710,-210.02,10266,0.6689
711,3.48,10273,0.8822
712,168.53,10289,0.6859
713,-135.56,10305,0.8211
714,-70.42,10312,0.7781
715,53.12,10334,0.6445
716,-152.56,10353,1.0013
717,24.75,10360,0.9025
718,272.53,10376,1.3023
719,-276.64,10401,0.8904
720,-162.76,10408,0.8615
721,59.84,10436,1.0908
722,-284.26,10443,0.8515
723,-256.72,10453,1.0998
724,68.9,10460,1.1585
725,-243.22,10467,1.2504
726,36.63,10486,1.2216
727,-51.71,10502,0.9423
728,-80.59,10521,1.1523
729,94.58,10528,0.854
730,72.89,10538,0.7291
731,-133.42,10548,0.8415
732,-98.08,10558,1.3455
733,91.08,10577,0.8405
734,-327.59,10587,1.0042
735,36.2,10594,0.9408
736,-21.57,10613,0.9176
737,98.11,10620,0.6936
738,9.19,10633,0.7653
739,-136.55,10640,0.9915
740,60.93,10653,0.7794
741,-0.32,10672,0.8175
742,-14.63,10679,0.7372
743,-66.17,10689,0.9755
744,112.22,10714,1.2726
745,-110.95,10733,0.8078
746,-199.35,10740,0.6982
747,-59.6,10747,0.7115
748,-105.46,10760,0.8047
749,338.66,10779,0.8957
750,-152.73,10789,1.3337
751,-215.19,10808,1.0204
752,187.46,10818,1.0618
753,-119.27,10825,0.7194
754,-94.28,10844,1.1951
755,39.3,10857,1.5274
756,-67.4,10867,2.5613
757,12.76,10880,1.6195
758,33.02,10890,0.7007
759,-163.03,10897,0.7649
760,-141.86,10904,0.9532
761,-31.33,10917,1.1268
762,330.65,10927,0.7915
763,-308.22,10952,1.2873
764,33.98,10962,0.9318
765,168.36,10969,1.5427
766,-155.44,10976,1.1846
767,-213.11,10992,0.9689
768,34.62,11005,0.8178
769,9.05,11027,0.8545
770,-291.17,11034,1.3893
771,99.91,11041,1.1646
772,105.83,11048,0.7727
773,179.43,11058,1.0695
774,33.88,11065,0.911
775,-74.25,11075,1.0
776,163.92,11085,0.7244
777,18.32,11095,0.8125
778,62.94,11102,2.079
779,-2.14,11109,1.9492
780,10.38,11119,1.7479
781,-10.5,11147,0.8729
782,139.39,11157,0.7219
783,-140.99,11164,0.7618
784,108.16,11177,0.8805
785,-64.91,11184,0.7559
786,46.73,11191,0.8351
787,-263.23,11198,1.0006
788,-133.42,11214,0.7949
789,-9.45,11227,1.0451
790,-18.12,11234,0.7567
791,-96.2,11241,0.6279
792,142.02,11248,0.6056
793,112.42,11261,0.672
794,36.7,11271,0.698
795,-81.39,11287,0.6238
796,78.01,11294,0.668
797,79.22,11313,1.0108
798,-25.98,11320,1.0466
799,9.33,11330,0.7265
800,-249.11,11337,0.6812
801,-87.41,11344,0.7531
802,142.2,11351,0.7391
803,65.6,11358,0.7348
804,59.91,11365,0.7294
805,-175.12,11378,0.7799
806,-131.57,11385,0.7996
807,82.2,11404,0.8753
808,-102.83,11417,1.2682
809,114.72,11424,1.4769
810,102.11,11434,1.0717
811,-24.69,11441,0.8807
812,-54.79,11448,1.1222
813,-94.48,11455,0.8102
814,-23.82,11465,0.8983
815,19.04,11478,0.9778
816,-0.13,11485,0.7698
817,-142.48,11492,1.1538
818,-34.74,11499,1.2572
819,49.08,11506,0.7948
820,-209.43,11513,0.9149
821,-172.88,11520,0.8005
822,66.59,11536,1.1133
823,-252.22,11543,0.8359
824,-21.4,11553,1.1513
825,-133.38,11560,0.9959
826,-174.69,11597,0.9571
827,17.64,11607,0.7147
828,68.39,11614,0.9518
829,-14.1,11624,1.2563
830,-290.38,11631,1.5499
831,171.52,11638,0.7614
832,187.33,11648,1.057
833,-249.99,11658,0.9475
834,13.59,11665,1.412
835,11.47,11672,0.7798
836,75.34,11679,2.0038
837,43.95,11686,1.3342
838,-232.01,11699,1.1208
839,-29.32,11706,1.7945
840,-56.73,11713,0.9521
841,-159.33,11720,0.8302
842,133.93,11736,1.1567
843,-261.88,11749,1.2386
844,163.26,11759,1.0185
845,-70.4,11766,0.831
846,-68.85,11776,1.3107
847,-86.87,11789,1.1274
848,-273.61,11796,2.5739
849,161.87,11803,0.8601
850,-192.99,11813,0.7046
851,29.41,11823,0.896
852,52.65,11830,1.9457
853,187.62,11837,0.8208
854,37.31,11844,0.8889
855,419.38,11857,0.9784
856,-243.02,11864,0.9157
857,-103.66,11874,0.7221
858,74.22,11881,1.0651
859,-2.53,11894,0.9306
860,112.56,11901,0.7547
861,248.58,11911,1.0343
862,-119.13,11930,0.7046
863,200.56,11937,0.8587
864,148.54,11947,1.2035
865,117.22,11954,1.779
866,-15.74,11961,0.809
867,-124.62,11968,0.9384
868,-189.35,11975,0.8354
869,-68.05,11985,1.0162
870,-198.86,11992,1.2929
871,-48.69,12002,0.8376
872,-118.71,12009,1.1323
873,-207.88,12040,1.0166
874,79.33,12050,1.3392
875,215.58,12063,0.7986
876,-128.6,12085,0.866
877,422.63,12098,0.7552
878,-112.35,12108,0.8925
879,-37.56,12115,0.7333
880,-44.52,12122,0.7557
881,210.51,12144,0.7409
882,73.64,12190,0.8488
883,66.99,12200,0.7727
884,38.85,12213,1.0961
885,150.11,12223,1.0495
886,-151.28,12233,1.0317
887,102.56,12246,0.7479
888,-356.8,12253,1.1279
889,221.7,12260,1.4153
890,-44.64,12267,0.9125
891,-106.68,12277,0.8223
892,38.57,12284,0.8475
893,-39.39,12297,0.999
894,-277.31,12304,1.7484
895,-98.31,12311,0.8023
896,69.89,12318,0.8103
897,-33.16,12328,0.7712
898,173.98,12344,0.9139
899,-141.93,12351,1.6736
900,-143.64,12358,0.9641
901,91.99,12365,0.8891
902,52.82,12372,1.6519
903,34.67,12379,0.8303
904,152.68,12389,1.3602
905,-171.37,12396,0.7522
906,116.17,12406,0.7695
907,-122.91,12431,0.7534
908,137.77,12438,0.8751
909,355.87,12454,1.3143
910,-450.56,12503,1.0022
911,-25.64,12513,0.8915
912,30.17,12541,0.8595
913,-14.77,12566,1.134
914,191.41,12579,0.6942
915,-143.92,12586,1.1895
916,167.85,12602,1.0511
917,-122.22,12609,0.7391
918,363.53,12619,0.7193
919,-272.84,12626,0.9443
920,216.29,12636,0.765
921,-263.31,12643,0.8232
922,219.56,12668,0.931
923,-63.09,12678,1.0676
924,125.35,12691,1.4799
925,-244.38,12701,0.9011
926,241.43,12720,0.8007
927,32.94,12745,1.1369
928,152.59,12755,1.226
929,158.37,12765,1.6115
930,-137.8,12772,0.7487
931,50.51,12779,0.8513
932,59.5,12798,0.8073
933,2.45,12805,0.6846
934,287.61,12821,0.8039
935,-188.75,12828,0.9257
936,289.55,12841,0.8544
937,-225.67,12851,1.5373
938,8.99,12858,0.7566
939,-150.07,12874,1.5523
940,-200.33,12884,0.9556
941,141.83,12891,0.9079
942,166.65,12898,1.2593
943,116.52,12911,1.0057
944,234.4,12921,0.7482
945,77.05,12931,1.4904
946,-123.62,12938,1.0176
947,-17.35,12969,0.8932
948,136.79,12976,0.709
949,98.23,12983,0.7194
950,17.02,12990,1.0585
951,-77.25,12997,1.2924
952,45.92,13016,1.1162
953,-34.42,13035,1.092
954,-76.36,13054,0.8298
955,-136.3,13061,0.7013
956,77.96,13074,0.7477
957,-370.03,13081,0.8939
958,-75.53,13088,1.0686
959,61.08,13095,1.2255
960,-126.93,13102,1.0836
961,25.4,13109,1.6944
962,-75.56,13116,1.2794
963,-166.92,13126,0.9075
964,-51.42,13136,1.1176
965,-109.08,13146,0.9485
966,49.4,13153,1.0635
967,141.39,13163,0.9639
968,-162.14,13176,0.8228
969,-65.98,13183,1.5949
970,353.26,13214,1.0219
971,-375.29,13221,1.0364
972,198.25,13228,0.8081
973,122.6,13235,0.798
974,-213.8,13245,0.7333
975,154.31,13255,0.9381
976,-97.22,13265,1.0547
977,36.44,13272,0.893
978,5.65,13279,1.3836
979,-107.03,13286,0.9353
980,-151.81,13299,0.9429
981,207.38,13318,0.9436
982,67.99,13331,0.8085
983,-14.56,13350,0.896
984,-115.81,13357,0.6975
985,70.62,13379,0.8007
986,-62.73,13389,2.2977
987,141.58,13399,0.8353
988,22.12,13406,0.7993
989,212.03,13419,0.7811
990,5.91,13429,0.8218
991,79.37,13445,0.8319
992,-31.89,13452,1.0154
993,-165.65,13459,1.4655
994,179.26,13466,1.0167
995,63.01,13476,1.3623
996,-384.28,13486,0.7723
997,251.42,13502,1.3679
998,-50.83,13512,0.796
999,-86.41,13525,0.7568
1000,57.24,13532,0.9598
1001,-58.89,13539,1.3975
1002,-24.8,13546,0.8802
1003,136.24,13556,1.1787
1004,-167.1,13575,0.9885
1005,2.69,13582,2.0065
1006,115.71,13595,0.9147
1007,-93.15,13602,0.8064
1008,78.48,13615,0.883
1009,9.65,13634,1.0194
1010,84.1,13641,0.7826
1011,49.29,13648,0.7451
1012,-92.72,13658,1.0522
1013,-150.44,13668,0.7469
1014,67.67,13678,1.1192
1015,-162.75,13685,0.7286
1016,-35.83,13692,1.2594
1017,130.84,13702,1.1594
1018,-169.68,13709,0.7642
1019,-36.97,13722,0.8996
1020,-106.48,13738,0.859
1021,-32.31,13769,0.7963
1022,24.92,13776,0.781
1023,-259.89,13783,0.76
1024,183.13,13808,1.0345
1025,-201.68,13827,0.9803
1026,27.43,13837,0.7576
1027,-132.58,13847,0.7336
1028,-180.25,13866,0.8959
1029,-36.65,13894,0.8374
1030,129.97,13904,1.1438
1031,300.47,13935,1.0584
1032,-189.93,13945,0.7799
1033,139.66,13955,0.7457
1034,-154.36,13962,1.0771
1035,137.19,13978,0.7947
1036,-357.76,13988,0.933
1037,42.22,13998,1.1196
1038,119.46,14011,0.7475
1039,-218.33,14045,0.8655
1040,93.41,14070,0.8813
1041,-175.82,14083,1.0222
1042,-383.34,14093,0.8304
1043,118.17,14109,1.1301
1044,137.98,14119,0.9901
1045,-43.13,14129,0.7404
1046,112.35,14142,0.8571
1047,-103.3,14149,1.2188
1048,68.13,14156,1.0868
1049,-83.25,14163,1.1933
1050,-44.31,14170,0.8048
1051,146.61,14180,0.7549
1052,-81.7,14187,0.7521
1053,79.17,14197,1.0813
1054,18.02,14204,0.9019
1055,88.03,14211,0.7676
1056,19.62,14224,0.9537
1057,-177.99,14231,0.7999
1058,-51.16,14244,0.7469
1059,-34.12,14251,0.6846
1060,88.97,14270,0.8066
1061,-6.09,14277,0.7855
1062,-185.4,14284,0.7562
1063,116.35,14294,0.7507
1064,-168.75,14301,0.8179
1065,101.22,14308,1.6514
1066,70.49,14315,0.7541
1067,-58.27,14322,0.9526
1068,-103.94,14332,0.7481
1069,-320.55,14348,0.926
1070,-67.89,14355,0.8697
1071,-33.93,14362,0.9941
1072,118.51,14369,0.6623
1073,169.84,14379,0.7604
1074,99.29,14398,0.9705
1075,3.44,14405,0.8539
1076,-102.1,14412,1.1937
1077,265.16,14425,0.7655
1078,160.13,14441,0.912
1079,32.97,14460,0.8848
1080,31.49,14467,1.2345
1081,-75.47,14474,1.2472
1082,-113.78,14481,0.8036
1083,-160.36,14488,1.2935
1084,152.86,14495,0.726
1085,-181.5,14502,0.7398
1086,225.49,14512,1.4375
1087,55.47,14522,2.229
1088,-0.74,14529,1.1461
1089,-127.99,14536,2.0799
1090,84.76,14546,2.1517
1091,-23.07,14580,1.6445
1092,150.99,14587,1.4924
1093,128.64,14597,1.5938
1094,-29.3,14604,1.2516
1095,37.68,14611,1.4829
1096,194.02,14624,1.7172
1097,65.06,14646,1.9596
1098,-277.59,14662,1.5177
1099,90.86,14684,1.5914
1100,-200.13,14691,2.0668
1101,-97.04,14698,1.5546
1102,169.82,14705,2.2185
1103,80.76,14715,1.9668
1104,-236.61,14731,1.3783
1105,68.91,14738,1.515
1106,180.12,14754,1.621
1107,-5.4,14767,1.4685
1108,131.57,14777,1.5998
1109,-131.11,14784,2.4013
1110,-14.24,14791,1.9864
1111,191.67,14804,1.7874
1112,-104.96,14811,1.2743
1113,33.91,14824,1.7016
1114,-37.47,14831,1.7651
1115,171.92,14844,1.4227
1116,-53.32,14857,1.8514
1117,-9.57,14873,1.5435
1118,223.76,14892,2.1803
1119,-108.51,14902,2.0949
1120,-213.77,14909,1.3115
1121,-88.84,14928,1.3338
1122,84.24,14941,1.812
1123,-22.56,14948,1.4584
1124,-42.4,14964,1.2629
1125,92.31,14971,1.5102
1126,80.77,14978,2.5845
1127,-222.66,14985,3.3699
1128,10.46,14992,2.9154
1129,-32.09,15005,1.8898
1130,-17.11,15015,1.2282
1131,-46.86,15028,1.8614
1132,101.24,15047,1.7381
1133,76.61,15057,1.3669
1134,-94.02,15064,1.6111
1135,1.75,15077,2.1964
1136,-258.36,15084,1.9857
1137,103.6,15097,1.7463
1138,8.59,15107,1.8759
1139,-145.63,15126,2.2562
1140,143.11,15142,1.4144
1141,-58.45,15149,1.5531
1142,27.52,15159,1.3575
1143,101.37,15175,1.4201
1144,-193.12,15245,1.337
1145,101.57,15252,1.3436
1146,1.69,15259,2.0697
1147,124.46,15278,1.3362
1148,-161.43,15288,1.4106
1149,127.29,15304,1.3891
1150,23.46,15311,1.2164
1151,72.23,15324,1.8378
1152,-118.39,15337,1.4286
1153,11.94,15350,1.6221
1154,23.07,15357,1.5757
1155,-98.74,15376,1.6774
1156,176.69,15386,1.4576
1157,-5.34,15396,2.905
1158,-182.91,15406,3.0209
1159,40.63,15419,1.468
1160,4.76,15444,2.0885
1161,-4.24,15451,2.4914
1162,-98.15,15461,1.9422
1163,-36.94,15468,1.4703
1164,-28.61,15475,1.5967
1165,-36.81,15494,1.5803
1166,165.34,15504,1.7095
1167,-28.83,15517,1.5653
1168,41.42,15527,1.4754
1169,-96.93,15534,2.5033
1170,102.18,15553,1.9422
1171,-146.0,15560,2.679
1172,-18.16,15591,1.916
1173,116.9,15598,1.9294
1174,-65.76,15605,1.3605
1175,415.14,15615,1.9937
1176,-291.53,15622,1.7408
1177,156.25,15647,1.5174
1178,38.76,15654,1.8285
1179,-178.86,15664,1.4148
1180,-44.42,15677,2.3272
1181,-78.65,15696,2.0035
1182,63.75,15703,1.3928
1183,-109.71,15716,2.3212
1184,-12.21,15723,2.3063
1185,0.65,15733,1.4545
1186,-60.6,15752,2.2971
1187,-1.34,15759,2.6306
1188,-185.24,15766,3.1784
1189,314.95,15779,1.6793
1190,-241.24,15786,1.4796
1191,102.57,15793,1.6079
1192,-119.77,15800,1.965
1193,-281.0,15816,1.6891
1194,94.28,15823,1.407
1195,-69.53,15830,2.497
1196,-60.94,15837,2.2986
1197,67.63,15844,1.7319
1198,-43.38,15854,1.2953
1199,-164.02,15897,1.9314
1200,123.68,15907,1.5279
1201,-135.52,15914,1.321
1202,56.21,15921,2.1766
1203,269.2,15940,2.4602
1204,-72.07,15965,0.6956
1205,9.55,15981,0.4936
1206,44.48,15994,0.567
1207,-68.71,16004,0.5835
1208,31.79,16011,0.581
1209,-29.02,16030,0.8924
1210,-33.89,16037,0.4842
1211,0.23,16044,0.8422
1212,-35.5,16051,0.5111
1213,-31.78,16061,0.7069
1214,72.01,16068,0.517
1215,4.35,16081,0.5625
1216,148.92,16091,0.5944
1217,63.99,16098,0.7673
1218,18.5,16108,0.6162
1219,-13.08,16115,0.5898
1220,169.92,16140,0.616
1221,214.74,16156,0.6401
1222,-255.29,16163,1.1169
1223,4.36,16176,0.5649
1224,104.56,16198,0.6807
1225,45.63,16208,0.6764
1226,-25.1,16214,1.0818
1227,-80.89,16221,0.7797
1228,42.55,16228,0.5852
1229,-72.04,16241,0.5842
1230,146.83,16257,0.6223
1231,77.52,16264,0.7383
1232,8.11,16271,0.6327
1233,-50.5,16284,0.9598
1234,1.63,16291,0.6426
1235,68.18,16313,0.7492
1236,-25.1,16319,0.6032
1237,115.45,16329,0.5729
1238,-142.77,16342,0.583
1239,175.77,16349,0.579
1240,350.77,16374,0.6141
1241,-288.83,16384,0.9066
1242,-147.78,16397,0.5297
1243,120.83,16404,1.1156
1244,-14.67,16411,0.8576
1245,-14.53,16418,0.6847
1246,-446.9,16431,0.6296
1247,167.69,16453,0.761
1248,-142.79,16460,0.6699
1249,0.22,16467,0.5813
1250,140.14,16474,0.561
1251,-25.0,16480,0.5994
1252,176.5,16487,0.6132
1253,80.14,16494,1.2696
1254,60.71,16504,0.9948
1255,-25.0,16510,0.5498
1256,170.64,16517,1.1153
1257,95.85,16524,0.6016
1258,-166.72,16534,0.6027
1259,94.19,16553,0.6142
1260,37.7,16581,0.6519
1261,-94.14,16588,0.621
1262,-37.62,16598,0.5575
1263,49.62,16605,0.7792
1264,-25.0,16611,0.9927
1265,106.12,16624,0.6087
1266,-210.1,16631,1.2269
1267,117.89,16638,0.6579
1268,-69.62,16645,0.6691
1269,-300.97,16652,0.5729
1270,152.18,16659,0.687
1271,103.11,16669,1.0813
1272,-213.98,16676,1.2087
1273,-25.0,16682,0.528
1274,75.61,16701,0.713
1275,88.72,16717,1.264
1276,-1.57,16724,0.9529
1277,-180.61,16737,0.5966
1278,237.94,16747,0.5889
1279,-91.71,16763,0.758
1280,-25.0,16769,1.0557
1281,3.23,16785,0.569
1282,40.44,16804,0.601
1283,-59.37,16820,0.5439
1284,176.77,16842,0.6536
1285,97.56,16873,0.5785
1286,-376.85,16892,0.705
1287,119.67,16899,0.6103
1288,153.58,16924,0.7918
1289,20.88,16934,0.7538
1290,-66.05,16941,1.7033
1291,-25.0,16947,0.5237
1292,-7.49,16957,0.5746
1293,89.87,16964,0.738
1294,113.76,16977,0.6351
1295,33.7,16984,1.4911
1296,5.01,16991,0.6774
1297,4.98,17001,0.6243
1298,0.71,17014,0.5552
1299,-148.12,17021,0.677
1300,-46.33,17040,0.5616
1301,-6.0,17050,0.6922
1302,-15.9,17057,0.6698
1303,91.25,17070,0.5936
1304,-29.12,17077,0.6018
1305,198.54,17099,0.869
1306,-25.0,17105,0.6244
1307,-35.18,17112,0.5299
1308,-76.02,17131,0.9551
1309,186.67,17153,0.568
1310,-242.5,17163,0.7163
1311,97.09,17170,0.7152
1312,-89.6,17177,1.7155
1313,114.73,17190,0.7464
1314,-48.31,17197,0.6548
1315,81.14,17210,0.6902
1316,-118.42,17232,0.6116
1317,-142.63,17245,0.5719
1318,112.01,17255,0.6789
1319,22.79,17271,0.6218
1320,79.44,17278,0.7165
1321,53.12,17285,0.7879
1322,177.81,17295,0.5757
1323,-148.66,17305,0.8293
1324,-248.08,17315,0.9558
1325,1.89,17325,0.5281
1326,-167.17,17347,0.6436
1327,-26.24,17366,0.844
1328,90.18,17373,1.0434
1329,-177.72,17383,0.5679
1330,167.39,17390,1.3583
1331,33.07,17397,1.3431
1332,116.95,17413,0.6147
1333,-263.4,17429,0.6607
1334,12.26,17439,0.6385
1335,202.68,17452,0.6393
1336,-299.23,17474,0.9478
1337,126.45,17484,0.6865
1338,-153.39,17491,0.6211
1339,24.75,17501,1.2358
1340,25.56,17514,0.6212
1341,117.52,17521,0.6484
1342,-370.88,17528,0.6344
1343,-61.65,17535,1.4374
1344,-11.9,17542,0.5534
1345,262.16,17567,0.6695
1346,-319.92,17586,0.9541
1347,113.63,17596,0.7482
1348,-119.29,17609,0.576
1349,-76.89,17616,0.6703
1350,166.15,17635,0.7209
1351,-57.78,17651,0.8076
1352,295.28,17667,0.5631
1353,-283.41,17674,0.6361
1354,-218.24,17684,0.7962
1355,-47.12,17691,0.5501
1356,-189.9,17698,0.6311
1357,193.8,17711,0.8202
1358,118.58,17727,0.6802
1359,-32.14,17734,0.6381
1360,5.64,17759,0.6802
1361,-102.31,17766,0.6325
1362,-254.37,17773,1.1933
1363,-25.13,17786,0.6452
1364,-126.05,17805,0.8174
1365,67.65,17812,0.648
1366,40.58,17819,0.8081
1367,-92.62,17838,0.6381
1368,-25.0,17844,0.55
1369,124.85,17854,0.6135
1370,197.44,17873,0.7793
1371,-167.27,17880,0.695
1372,102.32,17893,1.0377
1373,95.19,17900,0.5889
1374,20.0,17910,0.9043
1375,-82.05,17917,0.6049
1376,47.09,17924,0.6555
1377,-60.26,17931,1.3732
1378,82.52,17947,0.6065
1379,-232.12,17963,0.9498
1380,-56.04,17970,0.6641
1381,9.94,17986,0.9983
1382,77.97,17999,0.736
1383,-111.98,18006,0.7747
1384,54.28,18031,0.7055
1385,-161.14,18041,0.7079
1386,120.52,18048,0.5793
1387,171.34,18061,0.6149
1388,-203.48,18074,0.6095
1389,-11.59,18084,0.6944
1390,-20.29,18097,0.7442
1391,101.41,18104,0.6099
1392,-10.22,18111,0.5692
1393,34.8,18118,0.5889
1394,36.06,18137,0.5757
1395,-85.41,18147,1.0101
1396,32.62,18160,0.5351
1397,116.52,18170,0.6833
1398,-293.77,18177,0.6359
1399,126.5,18187,0.6185
1400,55.66,18212,1.0596
1401,-241.29,18219,0.8454
1402,46.29,18229,0.8922
1403,-98.67,18245,0.7376
1404,16.15,18267,0.7332
1405,-161.52,18283,0.8344
1406,-191.54,18293,0.5322
1407,146.82,18306,0.6437
1408,-84.01,18313,1.0897
1409,-46.63,18320,0.5527
1410,82.1,18345,0.7501
1411,55.82,18355,0.5823
1412,-172.07,18371,0.5969
1413,83.69,18378,0.5756
1414,-29.07,18391,0.7565
1415,106.5,18401,0.669
1416,-183.12,18411,0.5975
1417,111.97,18421,0.7059
1418,51.78,18428,0.5345
1419,-188.92,18462,0.6668
1420,110.83,18475,0.8099
1421,329.2,18494,0.779
1422,-301.38,18507,0.5854
1423,77.09,18517,0.6369
1424,-86.24,18530,0.7073
1425,-73.53,18540,0.6749
1426,-87.78,18559,0.7376
1427,81.39,18578,0.6235
1428,164.35,18588,0.6828
1429,71.42,18601,0.5866
1430,52.5,18608,1.5865
1431,82.99,18615,0.7245
1432,-5.42,18622,0.5499
1433,-89.22,18647,0.695
1434,-20.88,18663,0.6154
1435,22.78,18682,0.6233
1436,-5.43,18698,1.2213
1437,-2.87,18714,0.6878
1438,-4.17,18727,0.7757
1439,-140.07,18734,0.6361
1440,22.06,18744,0.6295
1441,127.56,18751,0.8089
1442,68.45,18764,0.9612
1443,-44.47,18774,1.523
1444,91.18,18784,0.7576
1445,208.78,18800,0.6301
1446,-140.39,18807,0.5593
1447,76.16,18823,0.7064
1448,50.43,18830,0.7947
1449,47.43,18837,0.9194
1450,-10.76,18850,0.7299
1451,-3.8,18860,0.6619
1452,-106.33,18870,0.6072
1453,-57.03,18883,0.6564
1454,3.36,18899,0.7063
1455,-156.33,18915,0.6244
1456,72.86,18928,0.7974
1457,201.65,18944,0.7114
1458,-134.78,18957,0.6282
1459,-9.0,18967,0.9715
1460,-11.5,18983,0.961
1461,189.82,18996,0.8869
1462,-103.73,19006,0.5432
1463,-115.77,19016,0.792
1464,-25.1,19022,0.5932
1465,92.97,19029,0.6042
1466,-40.91,19042,0.6506
1467,87.47,19052,0.5286
1468,-25.0,19058,1.5451
1469,159.87,19065,0.5795
1470,134.38,19081,0.8834
1471,-67.06,19094,0.621
1472,161.79,19107,0.7272
1473,88.17,19114,0.6882
1474,-7.32,19124,0.5454
1475,-91.33,19134,0.5704
1476,152.37,19144,0.6302
1477,106.95,19151,0.672
1478,293.08,19164,0.6312
1479,95.12,19183,0.8745
1480,-14.76,19193,0.6619
1481,74.98,19212,0.6369
1482,-84.6,19225,0.7618
1483,25.53,19232,0.6196
1484,-2.32,19248,0.5499
1485,-2.59,19261,0.7401
1486,-41.91,19277,0.8466
1487,-89.25,19287,0.6501
1488,-94.29,19294,0.5819
1489,-237.61,19301,0.5677
1490,-18.25,19308,0.5649
1491,-35.9,19318,0.6928
1492,-151.25,19337,0.5607
1493,-177.24,19353,0.6107
1494,108.98,19363,0.6755
1495,12.63,19376,0.8094
1496,-79.09,19383,0.8111
1497,-124.53,19390,0.521
1498,-128.94,19397,0.8856
1499,19.83,19410,0.6225
1500,-63.75,19417,0.6359
1501,-196.9,19433,0.6482
1502,38.99,19446,0.5337
1503,-69.94,19456,0.6628
1504,-75.54,19469,0.5905
1505,24.3,19476,0.537
1506,-94.48,19489,0.7833
1507,-40.94,19496,0.5393
1508,-45.79,19518,0.8656
1509,-147.4,19531,0.6802
1510,158.99,19541,1.1418
1511,-71.77,19548,0.9784
1512,-426.0,19576,1.2478
1513,34.29,19634,0.8447
1514,-58.62,19644,0.8623
1515,192.88,19657,1.4067
1516,40.07,19664,0.6202
1517,-127.18,19677,0.7803
1518,1.16,19684,0.6351
1519,199.12,19709,0.595
1520,-267.1,19716,0.6379
1521,82.34,19729,0.5724
1522,-107.45,19751,0.8831
1523,0.2,19764,0.6351
1524,137.1,19771,0.5949
1525,169.45,19781,0.6564
1526,-247.99,19809,0.689
1527,135.77,19822,0.5624
1528,-103.0,19832,0.7389
1529,40.83,19845,0.6039
1530,-142.48,19852,0.7746
1531,112.7,19868,1.0161
1532,75.09,19875,0.5224
1533,-25.0,19881,0.5607
1534,136.01,19897,0.6239
1535,-339.59,19907,0.7336
1536,127.61,19914,0.5933
1537,-2.98,19927,0.6803
1538,-62.61,19940,0.669
1539,-25.93,19947,0.6065
1540,-66.21,19960,0.5941
1541,7.41,20000,0.7897
1542,178.95,20007,0.5831
1543,90.21,20014,1.1493
1544,-36.07,20024,1.291
1545,-110.44,20034,0.6434
1546,55.77,20044,0.5932
1547,-65.3,20057,0.6303
1548,-254.66,20067,0.736
1549,57.67,20077,0.6736
1550,129.84,20084,0.5633
1551,-76.96,20091,0.6646
1552,-194.93,20107,0.6189
1553,-28.0,20114,1.0126
1554,-1.65,20124,0.5451
1555,-13.22,20134,0.526
1556,-40.23,20162,0.715
1557,-96.5,20169,1.0205
1558,-7.88,20191,0.8005
1559,122.45,20201,0.6364
1560,-87.37,20208,0.6206
1561,74.2,20215,2.2024
1562,132.38,20222,0.5906
1563,-194.42,20235,0.5481
1564,230.9,20245,0.8989
1565,-25.0,20251,0.7712
1566,136.97,20261,0.8943
1567,-97.51,20268,0.75
1568,230.94,20287,0.7695
1569,-136.6,20297,0.559
1570,14.11,20307,0.5336
1571,-26.31,20329,0.551
1572,91.99,20339,1.657
1573,65.46,20355,0.6213
1574,-114.48,20362,1.3409
1575,-120.39,20369,0.7494
1576,-130.4,20388,0.8397
1577,-102.86,20395,0.7353
1578,-36.2,20405,1.0714
1579,181.28,20436,0.5534
1580,-216.05,20443,0.5853
1581,-27.33,20453,0.6727
1582,34.77,20460,0.7916
1583,-43.07,20467,0.6939
1584,74.83,20477,0.7286
1585,65.88,20487,0.6817
1586,140.45,20497,0.9233
1587,74.25,20510,0.753
1588,-320.12,20529,0.628
1589,-94.61,20542,1.1087
1590,42.75,20552,0.5972
1591,122.5,20559,0.6103
1592,-22.38,20566,0.7254
1593,-70.72,20582,0.7878
1594,37.35,20592,0.6595
1595,-69.85,20605,0.8628
1596,13.46,20615,0.653
1597,57.91,20622,0.7024
1598,-191.33,20629,1.5026
1599,63.87,20645,0.8571
1600,67.48,20655,0.7323
1601,315.88,20665,0.5392
1602,-385.77,20672,0.595
1603,273.51,20685,0.8512
1604,-138.17,20701,0.6045
1605,-197.28,20717,0.6798
1606,50.23,20733,0.5287
1607,80.24,20743,0.7818
1608,105.6,20753,0.6987
1609,-219.09,20763,0.5774
1610,-166.49,20770,1.8216
1611,37.5,20780,0.9877
1612,28.62,20790,0.9019
1613,-222.4,20809,0.6303
1614,22.53,20816,0.7684
1615,147.02,20835,0.7229
1616,68.38,20845,0.6434
1617,108.13,20852,1.6921
1618,138.63,20859,2.2099
1619,-183.95,20866,0.6162
1620,-65.78,20876,0.5751
1621,-189.65,20889,0.6583
1622,84.13,20896,1.1424
1623,-91.66,20903,0.6239
1624,16.42,20910,1.5707
1625,180.67,20917,1.1634
1626,-124.43,20939,0.6104
1627,-138.09,20946,0.8914
1628,-116.56,20959,0.7915
1629,105.05,20966,0.5815
1630,56.21,20982,0.581
1631,54.27,20992,1.0822
1632,4.04,20999,0.6455
1633,99.51,21006,0.6118
1634,-28.29,21028,0.6232
1635,-139.91,21041,0.6362
1636,-232.97,21048,2.1898
1637,-135.57,21055,1.1933
1638,67.04,21062,0.5645
1639,113.63,21087,0.785
1640,-196.72,21094,0.5749
1641,-25.0,21100,0.6065
1642,15.86,21113,0.6197
1643,9.24,21132,0.807
1644,-153.94,21139,0.5469
1645,-16.92,21149,1.3526
1646,208.06,21162,0.7509
1647,21.5,21178,0.7873
1648,82.58,21194,0.7952
1649,66.8,21201,0.5837
1650,-11.82,21211,0.8729
1651,-25.0,21217,0.7878
1652,146.05,21230,0.6173
1653,-43.86,21240,0.576
1654,86.76,21247,0.9963
1655,-1.67,21257,0.6704
1656,-143.1,21270,0.5737
1657,195.32,21283,0.6397
1658,-25.0,21289,0.557
1659,48.04,21314,0.6487
1660,56.34,21324,0.703
1661,-230.58,21331,0.6855
1662,24.22,21341,0.5739
1663,-22.46,21348,0.6218
1,-3.84,37,0.57
2,-130.53,47,0.5029
3,-18.15,57,0.51
4,-31.4,79,0.5051
5,-153.3,104,0.5334
6,108.34,117,0.5359
7,-55.4,136,1.1074
8,269.83,188,1.2956
9,-301.09,198,0.5099
10,-12.78,208,0.5424
11,13.3,254,0.5295
12,-67.3,264,0.4886
13,144.58,274,0.5968
14,-169.52,284,0.5447
15,45.59,294,0.5097
16,-193.06,304,0.5055
17,233.66,365,0.5418
18,-294.91,378,0.5813
19,-154.2,403,0.5173
20,58.92,413,0.4958
21,-17.11,423,0.5256
22,-98.86,484,0.5242
23,260.93,494,0.5006
24,-341.5,507,0.5392
25,230.68,526,0.524
26,-238.32,536,0.6166
27,2.01,555,0.5478
28,118.01,565,0.5857
29,-166.75,575,0.5228
30,-81.44,585,0.5658
31,-41.65,658,0.6367
32,16.25,701,0.5362
33,-130.56,747,0.5401
34,3.33,796,0.6322
35,83.09,824,0.5822
36,-111.95,855,0.6023
37,133.87,868,0.5562
38,-145.22,878,0.5562
39,-20.15,897,0.6593
40,-42.86,907,0.5547
41,-134.64,926,0.627
42,-59.93,954,0.5594
43,42.12,964,0.6026
44,-103.67,986,0.5504
45,33.71,1005,0.5531
46,33.18,1054,0.539
1,-185.15,16,2.353
2,78.14,77,0.544
3,94.25,114,0.5115
4,-313.9,139,0.5084
5,199.08,149,0.4938
6,-153.26,165,0.4935
7,-168.58,190,0.5015
8,1.0,215,0.5284
9,188.75,225,0.5657
10,-147.41,244,0.5423
11,-127.63,260,0.5129
12,321.16,309,0.537
13,-307.58,325,0.5282
14,-75.36,335,0.5019
15,-42.75,345,0.5453
16,-74.8,370,0.5277
17,119.73,392,0.5368
18,-71.19,453,0.5176
19,33.01,463,0.5496
20,-201.86,476,0.5235
21,38.18,516,0.5471
22,-61.67,526,0.5353
23,53.65,542,0.4913
24,128.92,657,0.5419
25,-183.79,706,0.5305
26,21.56,716,0.5086
27,-72.54,738,0.5296
28,-27.2,769,0.531
29,-138.31,788,0.5302
30,66.56,804,0.5171
31,93.08,814,0.5176
32,-180.86,824,0.4997
33,-102.31,870,0.7729
34,140.65,877,0.7867
35,-128.84,887,0.6124
36,229.01,963,1.3535
37,8.79,1024,1.0872
38,132.04,1061,0.9544
39,-325.09,1068,0.8916
40,105.99,1150,0.873
41,-66.3,1178,0.8972
42,-23.21,1203,1.0297
43,-271.31,1243,0.9209
44,295.06,1364,0.9055
45,-333.32,1371,0.7213
46,-142.11,1399,0.8928
47,386.64,1469,0.9155
48,-84.2,1602,0.9069
49,-189.81,1609,0.679
50,-144.31,1973,0.8422
51,172.95,2070,0.8672
52,-195.06,2164,0.7869
53,7.16,2171,1.1511
54,160.87,2220,1.0005
55,-177.13,2404,0.8016
56,-45.85,2492,0.9963
57,102.79,2523,0.7486
58,-145.91,2656,0.8305
59,172.36,2702,0.7404
60,-264.09,2892,0.856
61,120.24,3079,0.8776
62,-219.62,3140,0.7814
63,239.46,3219,1.0839
64,-270.49,3289,0.8847
65,-117.67,3323,0.7649
66,163.29,3453,0.8678
67,-113.57,3496,0.857
68,-40.8,3539,0.8359
69,-195.27,3615,0.8459
70,-6.32,3622,1.4327
71,-198.61,3638,0.9599
72,145.63,3645,0.9144
73,-138.54,3739,0.8286
74,95.05,3746,1.3454
75,18.5,3813,0.8219
76,-228.76,3829,1.1301
77,147.25,3836,0.8135
78,7.83,3897,0.9046
79,-111.45,3904,0.7965
80,110.61,3911,0.7902
81,-192.4,3921,0.7494
82,227.87,3988,0.8151
83,2.58,4031,0.9706
84,-104.53,4047,0.7484
85,-35.14,4129,0.849
86,166.64,4202,0.883
87,-370.7,4209,1.0693
88,103.26,4417,0.8105
89,-118.7,4427,0.7668
90,236.02,4569,0.9866
91,-429.72,4585,0.8719
92,236.99,4622,0.7804
93,-77.32,4686,0.7726
94,122.95,4732,0.9983
95,-252.02,4739,0.6775
96,7.61,4767,0.9071
97,85.17,4852,0.7726
98,-315.45,4859,0.932
99,124.57,4866,1.2129
100,52.4,4945,0.8523
101,-160.25,4952,0.5902
102,-123.52,5022,0.8049
103,12.06,5029,1.5295
104,254.84,5108,0.9475
105,-351.66,5115,0.8746
106,-147.68,5125,1.2921
107,79.08,5135,0.9368
108,15.99,5151,0.7476
109,-274.21,5299,0.8961
110,53.2,5318,0.7341
111,-140.46,5331,0.7603
112,231.09,5353,0.7434
113,-66.38,5450,0.6992
114,-97.82,5466,0.6778
115,-286.4,5491,0.8399
116,-32.91,5609,0.7649
117,74.75,5619,0.5609
118,-11.23,5626,0.5214
119,169.89,5642,0.6519
120,-320.01,5772,0.8751
121,96.95,5845,0.676
122,-91.31,5885,0.6888
123,-133.01,5904,0.7782
124,30.39,5926,0.6286
125,69.6,6065,0.7475
126,-303.01,6123,0.7538
127,268.81,6184,0.8291
128,-163.7,6218,0.7648
129,43.32,6339,0.7218
130,-152.54,6433,0.6335
131,81.72,6464,0.7352
132,-74.34,6540,0.7382
133,-22.73,6553,0.79
134,-50.54,6626,0.6975
135,81.33,6708,0.6677
136,-115.04,6721,1.1947
137,-19.72,6731,0.8257
138,121.35,6741,0.8611
139,-43.5,6760,0.7119
140,-194.51,6776,0.8395
141,244.81,6819,0.7738
142,-175.21,6835,0.8509
143,-157.28,6893,0.808
144,155.6,6909,0.6503
145,-160.84,6958,0.7914
146,-78.2,7079,0.7206
147,27.4,7089,0.6041
148,9.53,7117,0.7903
149,-23.54,7130,0.6085
150,56.82,7152,1.0227
151,-88.81,7171,0.919
152,101.24,7277,0.7315
153,-71.16,7293,0.8718
154,-41.32,7306,0.5693
155,102.72,7319,0.909
156,15.75,7338,0.9175
157,-20.39,7369,0.6786
158,-232.35,7400,0.8914
159,4.91,7425,0.6099
160,20.95,7453,0.8269
161,115.14,7469,0.5395
162,-243.1,7488,0.5649
163,-149.41,7501,0.6003
164,378.1,7529,0.8247
165,-204.45,7557,0.9789
166,114.71,7585,0.7292
167,-363.8,7598,0.678
168,270.18,7608,0.588
169,-262.83,7624,0.7922
170,-144.25,7721,0.6847
171,237.46,7731,0.8122
172,-24.62,7744,0.6109
173,-210.68,7799,0.7792
174,-115.74,7863,0.6536
175,-97.14,7894,0.6804
176,206.67,7910,0.7699
177,-146.41,7983,0.7755
178,217.77,8014,0.9406
179,-85.14,8039,0.858
180,-100.75,8073,0.8142
181,-29.75,8146,0.7587
182,-194.87,8156,0.6991
183,230.48,8172,1.0253
184,-151.89,8188,0.728
185,-177.78,8378,0.7316
186,108.92,8415,0.8539
187,174.35,8431,0.5491
188,-131.97,8465,0.8423
189,-43.29,8484,0.7532
190,-183.4,8572,0.8757
191,313.18,8591,0.816
192,-280.68,8613,0.7671
193,73.3,8743,0.8314
194,-340.93,8771,0.8227
195,17.22,8796,0.6695
196,252.19,8851,0.7518
197,-280.63,8921,0.7029
198,-5.61,8940,0.8081
199,-43.54,8968,0.7424
200,68.27,9029,0.8354
201,-86.79,9120,0.6703
202,43.6,9166,0.914
203,19.78,9176,0.8399
204,-190.27,9189,0.6677
205,70.19,9202,0.9146
206,62.96,9218,1.1225
207,-149.82,9249,0.8484
208,-9.66,9262,0.5406
209,-18.84,9299,0.7613
210,12.59,9312,0.4518
211,-211.43,9385,0.674
212,368.46,9410,0.6418
213,-322.1,9459,0.8276
214,-62.45,9478,0.5206
215,49.94,9494,0.9398
216,-232.45,9540,0.7142
217,182.51,9556,0.818
218,-146.38,9572,0.7639
219,-123.49,9582,0.6955
220,96.03,9595,0.6504
221,-151.37,9605,1.3113
222,115.54,9753,0.6833
223,-156.43,9820,0.7944
224,31.27,9911,0.7639
225,43.02,9918,0.4581
226,-154.84,10072,0.7938
227,46.27,10175,0.9437
228,-58.59,10194,0.6401
229,-26.85,10249,0.9854
230,-139.97,10316,0.7354
231,121.97,10368,0.9508
232,-287.85,10402,0.707
233,43.39,10469,0.8539
234,-116.41,10551,0.6204
235,3.64,10564,0.6111
236,-50.39,10577,0.6075
237,21.74,10596,0.6812
238,71.31,10609,1.0884
239,251.75,10688,0.6524
240,-366.89,10782,0.7056
241,-105.94,10801,0.8697
242,130.37,10847,0.6672
243,-94.48,10854,1.8073
244,-117.51,10978,0.7095
245,215.82,10994,0.8988
246,-203.81,11031,0.7712
247,60.94,11047,0.8628
248,-43.9,11075,0.7659
249,-55.02,11151,0.6822
250,160.06,11194,0.8361
251,18.46,11207,1.1028
252,-271.41,11217,0.8758
253,107.88,11236,0.9104
254,32.37,11342,0.6419
255,-116.63,11436,0.7373
256,36.64,11449,1.3295
257,-198.74,11531,0.6671
258,223.4,11541,0.9576
259,-59.52,11668,0.7189
260,-124.05,11693,0.738
261,67.71,11709,0.7979
262,-215.64,11731,0.8147
263,35.01,11747,0.8791
264,-187.3,11826,0.7549
265,123.42,11842,0.6523
266,-219.56,11900,0.8314
267,365.44,11937,0.6435
268,-292.4,11962,0.5581
269,-98.62,12023,0.8704
270,87.13,12081,0.8249
271,195.8,12229,0.8348
272,-431.4,12284,1.0169
273,28.77,12297,1.0112
274,206.42,12310,0.761
275,5.63,12326,0.8749
276,-39.3,12336,0.4996
277,-197.11,12352,0.6833
278,-78.15,12365,0.7425
279,338.21,12396,0.7366
280,-182.65,12409,0.7454
281,-151.19,12476,0.695
282,-30.15,12531,0.7112
283,176.25,12595,0.7289
284,-264.08,12602,0.8965
285,152.98,12630,0.6245
286,153.34,12676,0.6543
287,-303.74,12710,0.8108
288,-63.57,12726,0.6311
289,37.76,12742,0.6925
290,-121.9,12770,0.7765
291,131.2,12807,0.8139
292,-33.58,12820,0.8376
293,-11.35,12851,0.6554
294,-21.74,12873,0.6572
295,-9.92,12955,0.6878
296,-195.1,13010,0.8719
297,36.33,13074,0.7077
298,174.88,13099,0.7475
299,17.14,13148,0.7787
300,-379.93,13161,0.7778
301,115.92,13177,0.5307
302,-219.48,13190,0.5429
303,-64.79,13215,0.634
304,329.79,13228,0.7643
305,-367.79,13244,0.6759
306,9.27,13257,0.5326
307,67.18,13300,0.6583
308,-74.31,13325,0.687
309,91.7,13341,0.6754
310,-234.98,13348,1.8346
311,-23.47,13412,0.8443
312,110.96,13443,1.0212
313,35.43,13453,0.8167
314,39.61,13469,0.8028
315,-63.51,13524,0.6437
316,-237.8,13540,0.7159
317,-25.04,13553,0.9277
318,93.25,13560,0.8494
319,-153.48,13567,0.8515
320,-43.31,13574,0.7437
321,131.67,13599,0.9286
322,-141.16,13618,0.9698
323,204.54,13634,0.7872
324,-30.63,13653,0.7439
325,-351.22,13672,0.8189
326,109.65,13700,0.9661
327,59.57,13716,1.2786
328,-114.1,13738,0.6846
329,176.68,13802,0.6902
330,-363.0,13878,0.8977
331,9.55,13906,0.6155
332,-40.18,13928,0.7493
333,-56.17,13974,0.6377
334,179.17,13996,0.6496
335,-191.01,14009,0.6622
336,34.09,14055,0.7699
337,30.45,14071,0.673
338,-193.55,14090,0.7636
339,157.12,14100,0.5865
340,-198.15,14116,0.5241
341,-6.17,14126,0.8188
342,158.17,14136,0.5079
343,71.91,14215,0.7682
344,-377.42,14228,0.6743
345,304.06,14313,0.7756
346,-79.86,14326,0.7989
347,-31.26,14363,0.604
348,31.08,14379,0.6004
349,-87.77,14410,0.715
350,-237.64,14444,0.8877
351,90.66,14454,1.1017
352,-69.57,14461,0.5692
353,122.01,14477,0.8305
354,51.07,14529,0.7372
355,-483.68,14557,0.9495
356,283.08,14627,0.8105
357,-149.0,14637,0.6237
358,162.59,14719,0.7655
359,-240.75,14810,0.905
360,-20.01,14820,0.5644
361,9.13,14836,0.5936
362,-79.15,14870,0.6928
363,-181.48,14967,0.7577
364,296.73,14992,0.878
365,-295.78,15005,1.2881
366,248.15,15123,0.7869
367,-281.46,15142,0.9484
368,-121.62,15152,0.7722
369,106.61,15162,0.7954
370,-246.47,15274,0.7359
371,350.57,15290,0.6228
372,-328.23,15297,0.5662
373,121.28,15394,0.7438
374,137.75,15467,0.8472
375,-176.59,15537,0.7688
376,-32.96,15562,0.8409
377,13.42,15644,0.7551
378,114.33,15660,0.9634
379,-157.35,15676,1.4042
380,48.68,15698,0.6774
381,-13.29,15705,1.1397
382,-97.57,15718,0.8071
383,142.84,15734,0.5982
384,143.68,15822,0.7529
385,-374.42,15865,0.7749
386,-101.05,15878,0.622
387,-22.2,15933,0.7717
388,-25.83,15943,0.4686
389,133.54,15962,0.6046
390,-224.86,15996,0.7241
391,83.17,16027,0.8833
392,-156.88,16040,0.6705
393,-29.56,16056,0.7214
394,69.28,16111,0.6164
395,140.1,16148,0.7614
396,-189.9,16185,0.7525
397,99.93,16213,0.6314
398,-206.31,16247,0.8024
399,196.77,16263,0.8221
400,-144.3,16327,0.8544
401,103.86,16367,0.7287
402,-257.89,16383,0.9323
403,152.02,16459,0.7399
404,-222.72,16535,0.8157
405,102.98,16650,0.7403
406,118.96,16678,0.7208
407,-280.04,16706,0.6334
408,-116.71,16749,0.7668
409,163.58,16783,0.9796
410,-137.97,16805,0.8171
411,138.54,16827,0.7168
412,99.0,16897,0.6472
413,-298.46,16907,1.0392
414,-54.84,16989,0.7106
415,30.7,17011,0.8768
416,-143.5,17114,0.8376
417,87.69,17166,0.761
418,-136.24,17233,0.8128
419,131.32,17240,0.9756
420,-14.92,17259,1.2777
421,-111.75,17323,0.836
422,263.26,17369,0.9001
423,-242.61,17418,0.8279
424,-27.25,17428,0.9212
425,-72.16,17447,0.7845
426,24.1,17508,0.7432
427,-177.1,17518,0.9283
428,-19.77,17546,0.6287
429,-41.66,17556,0.5776
430,245.57,17569,1.4402
431,-278.76,17582,0.8209
432,284.27,17601,0.9334
433,-415.52,17620,0.8226
434,54.0,17651,0.986
435,89.55,17694,0.9167
436,37.72,17734,0.7875
437,-217.77,17798,0.7404
438,172.11,17826,0.7244
439,-214.07,17845,0.893
440,-27.17,17882,0.6189
441,155.67,17937,0.6825
442,-144.26,17944,0.8523
443,-72.5,17969,0.8474
444,255.57,18003,0.6523
445,-157.84,18016,0.7678
446,-242.48,18062,0.8962
447,16.74,18150,0.8818
448,9.11,18163,0.9816
449,6.14,18191,0.844
450,-65.12,18276,0.786
451,3.97,18307,0.5794
452,-65.71,18323,1.099
453,148.78,18339,0.9342
454,-161.92,18445,0.8756
455,14.83,18536,0.7653
456,-75.14,18555,0.8313
457,36.56,18589,0.7428
458,95.75,18644,0.7547
459,-250.88,18666,1.2039
460,-75.39,18676,0.6471
461,89.83,18731,0.8276
462,-91.53,18744,1.3929
463,-151.78,18772,0.6053
464,382.31,18821,0.7166
465,-285.46,18846,0.743
466,-87.67,18928,0.6818
467,187.84,19028,0.7118
468,-12.86,19041,0.6299
469,-185.4,19093,1.0331
470,179.94,19184,0.7927
471,-284.35,19203,0.6906
472,98.65,19222,0.7636
473,-167.28,19259,0.6397
474,220.74,19311,0.9052
475,-19.57,19324,1.1448
476,-50.73,19337,0.5655
477,-348.19,19377,0.7263
478,128.43,19396,0.6297
479,-78.89,19433,0.6285
480,-44.12,19491,0.7961
481,213.5,19582,0.8627
482,13.98,19604,0.8754
483,-223.18,19617,0.596
484,-171.93,19627,0.8309
485,80.51,19724,0.7708
486,189.82,19755,0.8437
487,-390.52,19771,0.7894
488,-114.77,19787,0.733
489,2.12,19893,0.7399
490,280.04,19918,0.9403
491,-349.58,19928,0.8096
492,-27.62,19944,1.0589
1,-152.22,88,1.0898
2,-25.0,94,0.9887
3,-25.0,100,1.0362
4,-150.47,305,1.0534
5,-25.0,311,0.9802
6,-25.0,317,1.0728
7,-69.42,417,0.9991
8,-25.0,423,0.9367
9,-25.0,429,1.1919
10,-159.44,520,1.0504
11,-25.0,526,2.0767
12,-25.0,532,3.0198
13,-235.74,707,1.0802
14,-25.0,713,1.0056
15,-25.0,719,1.0247
16,-168.54,813,1.1074
17,-25.0,819,1.1048
18,-25.0,825,0.9489
19,-163.62,949,1.0983
20,-25.0,955,1.071
21,-25.0,961,1.1228
22,-242.97,1271,0.8732
23,161.95,1278,0.6501
24,-25.0,1284,0.5611
25,-160.78,1528,0.8347
26,-25.0,1534,0.6229
27,-25.0,1540,0.6921
28,-83.47,2040,0.8325
29,-68.36,2540,0.8374
30,-58.27,3040,0.7712
31,-11.36,3485,0.936
32,-25.0,3491,0.6594
33,-25.0,3497,0.6985
34,-203.26,3888,0.9192
35,-25.0,3894,0.6545
36,-25.0,3900,0.6649
37,-143.28,4045,1.044
38,-25.0,4051,0.9299
39,-25.0,4057,0.6281
40,-86.27,4208,1.0995
41,-25.0,4214,0.9461
42,-25.0,4220,0.65
43,-0.4,4665,1.0591
44,-25.0,4671,0.644
45,-25.0,4677,0.6609
46,-235.01,5104,0.9682
47,-25.0,5110,0.7815
48,-25.0,5116,0.6792
49,-147.49,5252,0.903
50,-25.0,5258,0.7667
51,-25.0,5264,0.6373
52,-149.14,5418,1.0014
53,-25.0,5424,0.6174
54,-25.0,5430,0.6654
55,167.8,5930,0.9755
56,-328.17,6072,0.8637
57,-25.1,6078,0.5894
58,-25.0,6084,0.6315
59,-103.22,6238,0.9369
60,-25.0,6244,0.75
61,-25.0,6250,0.81
62,-66.35,6467,0.7381
63,-25.0,6473,0.7069
64,-25.0,6479,0.7164
65,-35.92,6979,0.8965
66,-71.73,7136,0.9092
67,-25.0,7142,0.8443
68,-25.0,7148,0.6226
69,-84.84,7419,0.9381
70,-25.0,7425,0.6228
71,-25.0,7431,0.6412
72,-122.74,7585,0.8669
73,-25.0,7591,0.6249
74,-25.0,7597,0.6127
75,-102.98,7808,1.0219
76,-25.0,7814,0.7585
77,-25.0,7820,0.8
78,-37.95,8166,1.0253
79,-25.0,8172,0.6338
80,-25.0,8178,0.7319
81,-83.9,8296,0.8169
82,-25.0,8302,0.4952
83,-25.0,8308,0.6641
84,-164.33,8552,0.8584
85,-25.0,8558,0.5173
86,-25.0,8564,0.8436
87,-66.36,8805,0.9521
88,-25.0,8811,0.6716
89,-168.79,8998,1.1189
90,-25.0,9004,0.6299
91,-25.0,9010,0.5443
92,-166.23,9266,0.9234
93,-25.0,9272,0.7923
94,-25.0,9278,0.6011
95,-87.8,9393,0.7722
96,-25.0,9399,0.7192
97,-25.0,9405,0.6203
98,-35.47,9658,0.9595
99,-25.0,9664,0.6808
100,-25.0,9670,0.7026
101,-98.22,9776,1.1046
102,-25.0,9782,0.6636
103,-25.0,9788,0.762
104,-155.95,10092,0.8913
105,-25.0,10098,0.6306
106,-25.0,10104,0.7652
107,106.83,10604,0.9423
108,-409.99,10929,0.8999
109,-25.0,10935,0.6961
110,-25.0,10941,0.6126
111,-43.03,11119,0.7238
112,-100.72,11519,0.991
113,-25.0,11525,0.82
114,-25.0,11531,0.6612
115,-163.51,12031,0.9497
116,216.52,12531,0.9735
117,-240.04,12667,0.8618
118,-25.0,12673,0.6134
119,-25.0,12679,0.6879
120,-88.02,12800,1.0346
121,-25.0,12806,0.6876
122,-25.0,12812,0.7128
123,-77.66,12942,1.0618
124,-25.0,12948,0.5974
125,-25.0,12954,0.681
126,-123.07,13454,0.942
127,-103.56,13722,0.8218
128,-25.0,13728,0.8893
129,-25.0,13734,0.7245
130,-138.47,14234,0.8376
131,7.13,14352,0.8406
132,-25.0,14358,0.657
133,-25.0,14364,0.5829
134,-184.92,14864,0.9028
135,19.86,15135,0.7744
136,-25.0,15141,0.894
137,-25.0,15147,0.6355
138,-114.0,15265,0.8243
139,-25.0,15271,0.5974
140,-25.0,15277,0.6024
141,154.47,15608,0.7991
142,-25.0,15614,0.6911
143,-25.0,15620,0.5669
144,42.58,15735,0.8258
145,-25.0,15741,0.6463
146,-25.0,15747,0.7001
147,-163.06,16247,0.9079
148,35.34,16747,0.8702
149,24.07,16874,0.9436
150,-25.0,16880,0.7767
151,-25.0,16886,0.7677
152,-115.91,17085,0.9983
153,-25.0,17091,0.8204
154,-25.0,17097,0.6754
155,-158.42,17422,0.8104
156,-25.0,17428,0.6653
157,-25.0,17434,0.6496
158,-130.94,17876,0.9509
159,-25.0,17882,0.6899
160,-25.0,17888,0.7245
161,-125.26,18045,0.9013
162,-25.0,18051,0.6589
163,-25.0,18057,0.5187
164,-128.73,18190,0.8668
165,-25.0,18196,0.8952
166,-25.0,18202,0.6522
167,-217.31,18464,0.951
168,-25.1,18470,1.1904
169,-25.0,18476,0.548
170,-239.0,18762,1.0058
171,-25.0,18768,0.7164
172,-25.0,18774,0.8132
173,-193.52,19225,0.893
174,-25.0,19231,0.6791
175,-25.0,19237,0.8159
176,-157.6,19670,0.9623
177,-25.0,19676,0.7533
178,-25.0,19682,0.6191
179,-70.63,20067,0.7172
180,-25.0,20073,0.831
181,-25.0,20079,0.5829
182,180.04,20275,0.8506
183,-25.0,20281,0.6496
184,-25.0,20287,0.6464
185,-143.69,20787,1.0329
186,-77.65,20905,0.7341
187,-25.0,20911,0.5104
188,-25.0,20917,0.671
189,-235.29,21239,0.8131
190,-25.0,21245,0.7033
191,-25.0,21251,0.5883
192,-139.28,21495,0.8197
193,-25.0,21501,0.6262
194,-25.0,21507,0.64
195,-115.87,22007,0.9727
196,-12.18,22371,0.9506
197,-25.0,22377,0.5826
198,-25.0,22383,0.7834
199,-235.33,22840,0.9252
200,-25.0,22846,0.862
201,-25.0,22852,0.6742
202,-85.1,22994,0.8148
203,-25.0,23000,0.5368
204,-25.0,23006,0.6649
205,-141.2,23121,0.7785
206,-25.0,23127,0.6223
207,-25.0,23133,0.7109
208,13.27,23515,0.8894
209,-25.0,23521,0.609
210,-25.0,23527,0.6842
211,-202.07,23915,0.9101
212,-25.0,23921,0.6507
213,-25.0,23927,0.6746
214,28.4,24427,0.8855
215,-115.69,24927,0.8628
216,-25.1,24933,0.6829
217,-25.0,24939,0.5816
218,-95.44,25369,0.809
219,-25.0,25375,0.7706
220,-25.0,25381,0.6473
221,-41.4,25850,0.907
222,-25.0,25856,0.6268
223,77.32,25962,0.911
224,-25.0,25968,0.6135
225,-25.0,25974,0.6192
226,-152.25,26266,0.8408
227,-25.0,26272,0.6761
228,-25.0,26278,0.879
229,-187.38,26778,0.9686
230,1.63,27040,0.9644
231,-25.0,27046,0.7945
232,-25.0,27052,0.5862
233,-122.08,27552,1.0996
234,-78.73,28052,1.1211
235,131.35,28137,1.1413
236,-25.0,28143,1.153
237,-25.0,28149,1.1089
238,37.83,28243,1.027
239,-25.0,28249,1.1466
240,-25.0,28255,0.9208
241,-130.04,28379,0.9573
242,-25.0,28385,0.9331
243,-25.0,28391,0.9996
244,-86.16,28572,1.1035
245,-25.0,28578,1.1677
246,-25.0,28584,1.1659
247,3.41,28849,1.0384
248,-25.0,28855,0.8671
249,-25.0,28861,0.6837
250,-19.89,29361,1.0952
251,-149.61,29521,1.1276
252,-25.0,29527,0.9363
253,-25.0,29533,0.6855
254,47.14,29774,1.0585
255,-25.0,29780,0.7572
256,-25.0,29786,1.0452
257,-148.26,30045,1.0448
258,-25.0,30051,1.0619
259,-25.0,30057,0.949
260,-102.54,30247,1.1187
261,-25.0,30253,1.0639
262,-25.0,30259,0.8787
263,-187.87,30674,1.0167
264,-25.0,30680,0.7169
265,-25.0,30686,0.5725
266,112.84,30837,0.9959
267,-25.0,30843,0.9681
268,-25.0,30849,0.6243
269,174.29,31240,1.074
270,-25.0,31246,0.6106
271,-25.0,31252,0.664
272,-22.96,31752,1.0402
273,3.78,32252,1.0506
274,-149.04,32604,1.0539
275,-25.0,32610,1.0192
276,-25.0,32616,0.8153
277,23.03,33116,1.1094
278,128.52,33387,1.0935
279,-25.0,33393,0.8505
280,-25.0,33399,0.8995
281,-133.11,33619,1.0578
282,-25.0,33625,1.0852
283,-25.0,33631,1.1201
284,-143.08,33974,1.016
285,-25.0,33980,0.5835
286,-25.0,33986,0.7023
287,4.59,34377,1.09
288,-25.0,34383,1.0811
289,28.85,34516,1.0252
290,-25.0,34522,0.5674
291,-25.0,34528,0.7882
292,-26.24,34838,1.0671
293,-25.0,34844,0.6788
294,-25.0,34850,0.9153
295,-9.93,35350,1.1265
296,28.63,35850,1.1153
297,-97.7,36350,1.0148
298,-188.58,36456,1.1245
299,-25.0,36462,1.1622
300,-25.0,36468,0.9903
301,-40.03,36847,1.0606
302,-25.0,36853,0.7365
303,-25.0,36859,0.744
304,-101.93,37283,1.066
305,63.5,37410,1.0337
306,-25.0,37416,0.9708
307,-25.0,37422,0.7899
308,-71.09,37660,0.9983
309,-25.0,37666,1.082
310,-25.0,37672,0.9461
311,68.42,38000,1.0951
312,-25.0,38006,0.8882
313,-25.0,38012,0.7406
314,-158.89,38286,1.0198
315,-25.0,38292,0.9726
316,-25.0,38298,0.9057
317,-167.06,38635,1.0905
318,-25.0,38641,0.7668
319,-25.0,38647,1.0257
320,96.84,38882,1.14
321,-25.0,38888,0.5777
322,-25.0,38894,0.8004
323,20.21,39394,1.0679
324,-224.35,39894,1.0838
325,-39.28,40300,1.0626
326,-25.0,40306,0.6128
327,-25.0,40312,0.9852
328,-18.37,40718,1.0327
329,-25.0,40724,0.9561
330,-25.0,40730,0.6618
331,-200.24,40956,1.0792
332,-25.0,40962,0.9758
333,-25.0,40968,0.7287
334,-153.68,41230,1.0233
335,-25.0,41236,0.6608
336,-25.0,41242,0.6809
337,-92.75,41402,1.0109
338,-25.0,41408,0.6849
339,-25.0,41414,0.6647
340,-143.12,41661,1.1172
341,-25.0,41667,1.1089
342,-25.0,41673,1.0535
343,52.7,41836,1.1043
344,-25.0,41842,1.0485
345,-25.0,41848,0.7776
346,-83.59,42083,1.0532
347,-25.0,42089,0.6598
348,-25.0,42095,0.6657
349,-181.8,42595,1.0766
350,188.61,42944,1.106
351,-25.0,42950,0.7365
352,-25.0,42956,0.7049
353,5.07,43456,1.0605
354,88.28,43607,1.0633
355,-25.0,43613,0.856
356,-25.0,43619,1.0146
357,-46.4,43899,1.0792
358,-25.0,43905,0.9296
359,-176.83,44179,1.0405
360,-25.0,44185,0.8977
361,-25.0,44191,1.0044
362,-163.84,44351,1.1041
363,-25.0,44357,0.9682
364,-25.0,44363,0.8783
365,32.89,44484,1.1023
366,-25.0,44490,1.0664
367,-25.0,44496,1.0568
368,-62.55,44773,1.1237
369,-25.0,44779,1.094
370,-25.0,44785,1.0529
371,-112.19,44984,1.1367
372,-25.0,44990,0.9951
373,-25.0,44996,0.7876
374,-54.74,45270,0.9958
375,-25.0,45276,1.0465
376,-25.0,45282,1.0756
377,-171.68,45490,1.0656
378,-25.0,45496,1.0086
379,-25.0,45502,0.8938
380,-111.74,46002,1.0017
381,38.27,46009,1.0213
382,-25.0,46015,0.7832
383,-91.14,46229,1.1275
384,-25.0,46235,0.5939
385,-25.0,46241,0.8435
386,-82.8,46521,1.0997
387,-25.0,46527,0.5972
388,-25.0,46533,0.7289
389,64.08,46654,0.9159
390,-25.0,46660,0.687
391,-25.0,46666,0.7524
392,-204.27,46886,1.0192
393,129.91,46989,1.093
394,-25.0,46995,0.729
395,-25.0,47001,1.0486
396,110.72,47152,0.9945
397,-25.0,47158,0.9971
398,-25.0,47164,0.7694
399,-162.33,47369,1.0907
400,-25.0,47375,1.0024
401,-25.0,47381,0.7775
402,60.78,47523,1.0952
403,-25.0,47529,0.6813
404,-25.0,47535,0.8806
405,-83.2,47968,1.1085
406,-25.0,47974,1.1194
407,-25.0,47980,1.0463
408,-168.16,48203,1.0938
409,-25.0,48209,1.124
410,-25.0,48215,0.9921
411,-140.49,48405,1.0677
412,-25.0,48411,1.0964
413,-25.0,48417,0.8965
414,-138.67,48556,1.1358
415,-25.0,48562,1.0326
416,-25.0,48568,0.585
417,-89.18,48776,1.0382
418,-25.0,48782,0.734
419,-25.0,48788,0.8955
420,-157.68,49053,1.0071
421,-25.0,49059,0.6894
422,-25.0,49065,0.7861
423,-52.02,49354,1.0857
424,-25.0,49360,0.6958
425,-25.0,49366,0.8222
426,-187.14,49697,1.0669
427,-25.0,49703,0.6193
428,-25.0,49709,0.9209
429,-117.55,50209,1.1201
430,-49.97,50339,1.0745
431,-25.0,50345,0.8935
432,-25.0,50351,0.9241
433,-139.75,50643,1.1231
434,-25.0,50649,0.9542
435,-25.0,50655,0.6379
436,-94.16,50866,0.954
437,-25.0,50872,0.6272
438,-25.0,50878,1.1606
439,53.63,51161,1.0754
440,-25.0,51167,0.9756
441,-111.03,51324,1.1292
442,-25.0,51330,0.8958
443,-25.0,51336,0.9542
444,-150.62,51499,1.1039
445,-25.0,51505,0.8234
446,-25.0,51511,0.7426
447,-177.78,51734,0.9993
448,-25.0,51740,0.9984
449,-25.0,51746,0.6669
450,-141.58,51942,1.0694
451,-25.0,51948,0.9914
452,-25.0,51954,0.8359
453,-91.55,52156,1.0276
454,-25.0,52162,0.6154
455,-25.0,52168,0.6893
456,-72.68,52481,1.0248
457,-25.0,52487,1.1682
458,-25.0,52493,1.1743
459,-157.29,52743,1.1209
460,-25.0,52749,0.9778
461,-25.0,52755,0.7013
462,172.39,53173,1.0399
463,-25.0,53179,0.6124
464,-25.0,53185,0.6384
465,-121.27,53330,1.0825
466,-25.0,53336,1.168
467,-25.0,53342,1.0629
468,-108.26,53541,1.0588
469,-25.0,53547,0.8601
470,-25.0,53553,0.784
471,94.27,53680,1.155
472,-25.0,53686,0.9695
473,-25.0,53692,0.6595
474,-84.68,53930,1.0567
475,-25.0,53936,0.9391
476,-25.0,53942,1.0347
477,-154.54,54141,1.0216
478,-25.0,54147,0.8562
479,-25.0,54153,0.6935
480,171.3,54526,1.0974
481,-25.0,54532,0.9278
482,-25.0,54538,0.9235
483,81.91,54875,1.0571
484,-25.0,54881,0.8211
485,-25.0,54887,0.7924
486,-79.73,55095,1.068
487,-25.0,55101,0.7495
488,-25.0,55107,1.1104
489,167.41,55607,1.0418
490,-195.64,56107,1.0928
491,-8.48,56222,0.8816
492,-25.0,56228,0.7806
493,-25.0,56234,1.0348
494,-122.65,56734,1.0787
495,-61.28,56915,1.0325
496,-25.0,56921,1.1277
497,-25.0,56927,0.9827
498,-160.04,57156,1.1162
499,-25.0,57162,0.9384
500,-25.0,57168,0.6409
501,-132.54,57406,1.1332
502,-25.0,57412,1.011
503,-25.0,57418,0.8417
504,-44.69,57918,1.1027
505,-31.31,57931,1.1561
506,-163.42,58118,1.0923
507,-25.0,58124,1.0155
508,-25.0,58130,0.9409
509,-166.95,58449,1.1104
510,-25.0,58455,1.0018
511,-25.0,58461,1.2735
512,-135.95,58651,1.0678
513,-25.0,58657,0.7431
514,-25.0,58663,0.6674
515,6.71,58820,1.0576
516,-25.0,58826,1.0269
517,-25.0,58832,0.8412
518,-170.62,59040,1.0559
519,-25.0,59046,1.0007
520,-25.0,59052,0.673
521,-139.4,59356,1.1361
522,-25.0,59362,0.8489
523,-25.0,59368,0.905
524,114.25,59849,1.119
525,-25.0,59855,0.9265
526,-25.0,59861,0.8652
527,-8.71,60159,1.0571
528,-25.0,60165,1.0728
529,-25.0,60171,0.6707
530,-5.05,60671,1.0268
531,-207.72,61014,1.1057
532,-25.0,61020,1.0171
533,-25.0,61026,1.1239
534,-175.73,61222,1.0052
535,-25.0,61228,0.9927
536,-25.0,61234,0.9474
537,-183.51,61409,1.0954
538,-25.0,61415,0.9253
539,-25.0,61421,0.9072
540,222.98,61641,1.0164
541,-25.0,61647,0.9407
542,-25.0,61653,0.6952
543,182.63,62153,1.0956
544,-146.17,62430,1.0795
545,-25.0,62436,0.6489
546,-25.0,62442,0.6116
547,-111.15,62656,1.0169
548,-25.0,62662,1.0239
549,-25.0,62668,0.9331
550,-66.05,63134,1.0567
551,-25.0,63140,1.0438
552,-25.0,63146,1.1156
553,-27.56,63489,1.0778
554,-25.0,63495,1.0311
555,-25.0,63501,1.044
556,86.06,63619,0.9838
557,-25.0,63625,0.976
558,-25.0,63631,1.0129
559,-60.1,64010,1.0601
560,-25.0,64016,0.9184
561,-25.0,64022,0.6963
562,-53.54,64338,1.0181
563,-25.0,64344,0.8485
564,-25.0,64350,0.6838
565,-213.72,64795,0.8708
566,-25.0,64801,0.5342
567,-25.0,64807,0.4533
568,-138.49,65063,0.8964
569,-25.0,65069,0.9805
570,-25.0,65075,0.6378
571,-118.82,65355,1.0875
572,-25.0,65361,0.6045
573,-25.0,65367,0.6851
574,-65.11,65596,1.0729
575,-25.0,65602,0.6326
576,-25.0,65608,0.6468
577,-82.41,65825,0.9802
578,-25.0,65831,0.9081
579,-25.0,65837,0.7381
580,-78.52,66132,1.0358
581,-25.0,66138,0.507
582,-25.0,66144,0.8757
1,57.95,196,0.6285
2,-25.0,202,0.5339
3,-25.0,208,0.4752
4,-93.84,708,0.5678
5,23.21,718,0.5278
6,-25.0,724,0.5525
7,-9.72,965,0.5521
8,-25.0,971,0.5028
9,-25.0,977,0.5564
10,-114.81,1143,0.5059
11,-25.0,1149,0.5215
12,-25.0,1155,0.4576
13,-151.49,1234,0.4777
14,-25.0,1240,0.4474
15,-25.0,1246,0.491
16,-154.8,1325,0.4507
17,-25.0,1331,0.3843
18,-25.0,1337,0.4446
19,-49.24,1452,0.5135
20,-25.0,1458,0.476
21,-25.0,1464,0.4681
22,17.57,1588,0.434
23,-25.0,1594,0.4575
24,-25.0,1600,0.4414
25,-144.72,2096,0.4439
26,-25.0,2102,0.4495
27,-25.0,2108,0.3877
28,153.39,2340,0.4605
29,-25.0,2346,0.5118
30,-25.0,2352,0.4965
31,91.62,2494,0.445
32,-25.0,2500,0.4753
33,-25.0,2506,0.4207
34,-68.01,3006,0.4659
35,140.5,3319,0.4973
36,-25.0,3325,0.5229
37,-25.0,3331,0.5198
38,142.19,3671,0.4563
39,-25.0,3677,0.4351
40,-25.0,3683,0.4887
41,-105.96,4183,0.4699
42,30.2,4547,0.4527
43,-25.0,4553,0.5412
44,-25.0,4559,0.4004
45,-22.87,5059,0.4408
46,-109.21,5438,0.4551
47,-25.0,5444,0.5176
48,-25.0,5450,0.6296
49,139.55,5700,0.4424
50,-25.0,5706,0.3941
51,-25.0,5712,0.3929
52,37.79,6212,0.4357
53,51.78,6450,0.4404
54,-25.0,6456,0.4323
55,-25.0,6462,0.4885
56,98.79,6817,0.4862
57,-25.0,6823,0.4612
58,-25.0,6829,0.4507
59,89.93,6950,0.4579
60,-25.0,6956,0.4484
61,-25.0,6962,0.4267
62,81.56,7170,0.4785
63,-25.0,7176,0.4703
64,-25.0,7182,0.5136
65,112.45,7591,0.4707
66,-25.0,7597,0.4356
67,-25.0,7603,0.4574
68,105.42,7799,0.4682
69,-25.0,7805,0.4325
70,-25.0,7811,0.4697
71,-6.19,7962,0.4428
72,-25.0,7968,0.4577
73,-25.0,7974,0.534
74,63.09,8185,0.4443
75,-25.0,8191,0.4673
76,-25.0,8197,0.4969
77,3.86,8306,0.4747
78,-25.0,8312,0.4538
79,-25.0,8318,0.4424
80,105.18,8439,0.4626
81,-25.0,8445,0.441
82,-25.0,8451,0.4554
83,-33.78,8704,0.4658
84,-25.0,8710,0.4169
85,-25.0,8716,0.4831
86,98.31,9216,0.4881
87,-114.9,9553,0.4553
88,-25.0,9559,0.4559
89,-25.0,9565,0.4391
90,109.2,10031,0.4347
91,-25.0,10037,0.491
92,151.99,10239,0.4459
93,-25.0,10245,0.4413
94,-25.0,10251,0.5549
95,-90.71,10510,0.4469
96,-25.0,10516,0.8418
97,-25.0,10522,0.4238
98,-39.22,10649,0.4327
99,-25.0,10655,0.4103
100,-25.0,10661,0.5018
101,-144.96,10815,0.4478
102,-25.0,10821,0.4586
103,-25.0,10827,0.4974
104,18.35,11071,0.4665
105,-25.0,11077,0.4743
106,-25.0,11083,0.5104
107,39.47,11583,0.4503
108,-203.2,11764,0.4688
109,-25.0,11770,0.4704
110,-25.0,11776,0.5081
111,100.23,12276,0.4415
112,-21.69,12613,0.4224
113,-25.0,12619,0.3902
114,-25.0,12625,0.3842
115,33.21,12740,0.4255
116,-25.0,12746,0.4531
117,-25.0,12752,0.4337
118,-94.12,13047,0.446
119,-25.0,13053,0.4608
120,-25.0,13059,0.4629
121,-14.91,13225,0.4434
122,-25.0,13231,0.446
123,-25.0,13237,0.5198
124,179.43,13430,0.5021
125,-25.0,13436,0.4291
126,-54.23,13734,0.432
127,-90.76,13837,0.4243
128,-25.0,13843,0.5595
129,-25.0,13849,0.4846
130,121.8,14003,0.4235
131,-25.0,14009,0.4509
132,-25.0,14015,0.4194
133,-132.77,14304,0.4353
134,-25.0,14310,0.4426
135,-25.0,14316,0.4646
136,-43.39,14560,0.4555
137,-25.0,14566,0.46
138,-25.0,14572,0.4474
139,32.15,14780,0.4563
140,-25.0,14786,0.4162
141,-25.0,14792,0.4428
142,0.15,14928,0.4452
143,-25.0,14934,0.4125
144,-25.0,14940,0.4305
145,-233.69,15355,0.4241
146,-25.0,15361,0.4498
147,-25.0,15367,0.4088
148,49.17,15488,0.4444
149,-25.0,15494,0.4415
150,-25.0,15500,0.4387
151,-147.84,15660,0.4179
152,-25.0,15666,0.365
153,-25.0,15672,0.4519
154,-178.21,15826,0.4469
155,-25.0,15832,0.4329
156,-113.78,15956,0.421
157,-25.0,15962,0.4415
158,-25.0,15968,0.4128
159,47.68,16170,0.4681
160,-25.0,16176,0.4163
161,-25.0,16182,0.3825
162,96.21,16444,0.4378
163,-25.0,16450,0.3796
164,-25.0,16456,0.3758
165,104.72,16956,0.4653
166,-10.3,17456,0.4898
167,-406.5,17790,0.4717
168,-25.0,17796,0.4703
169,-25.0,17802,0.462
170,-56.59,18157,0.4946
171,-25.0,18163,0.4969
172,-25.0,18169,0.5655
173,-15.24,18299,0.5288
174,-25.0,18305,0.4982
175,-25.0,18311,0.3999
176,-99.64,18681,0.4743
177,-25.0,18687,0.4917
178,-25.0,18693,0.9904
179,-22.44,19193,0.4695
180,-3.02,19437,0.4313
181,-25.0,19443,0.3517
182,-25.0,19449,0.4966
183,61.73,19949,0.4488
184,-286.24,20094,0.434
185,-25.0,20100,0.3675
186,-25.0,20106,0.3978
187,45.1,20293,0.4537
188,-25.0,20299,0.3921
189,-25.0,20305,0.4305
190,43.35,20414,0.4783
191,-25.0,20420,0.4305
192,-25.0,20426,0.3906
193,62.74,20926,0.4544
194,-68.48,21053,0.4236
195,-25.0,21059,0.4594
196,-25.0,21065,0.4334
197,-125.13,21240,0.4408
198,-25.0,21246,0.4035
199,-25.0,21252,0.4407
200,42.93,21400,0.4425
201,-25.0,21406,0.5561
202,-25.0,21412,0.384
203,-38.18,21557,0.4414
204,-25.0,21563,0.5008
205,-25.0,21569,0.4336
206,-7.06,21750,0.4616
207,-25.0,21756,0.5369
208,-25.0,21762,0.8439
209,-6.67,22262,0.4536
210,90.61,22668,0.4413
211,-25.0,22674,0.4832
212,-25.0,22680,0.4698
213,119.6,23180,0.442
214,-25.1,23186,0.5119
215,-25.0,23192,0.4404
216,-11.59,23692,0.4303
217,-54.14,23807,0.4198
218,-25.0,23813,0.4126
219,-25.0,23819,0.3758
220,109.52,23943,0.3951
221,-25.0,23949,0.3725
222,-25.0,23955,0.4193
223,-114.26,24154,0.4228
224,-25.0,24160,0.4358
225,-25.0,24166,0.4678
226,72.4,24317,0.4281
227,-25.0,24323,0.4066
228,-25.0,24329,0.409
229,20.88,24829,0.4369
230,9.69,25329,0.4444
231,-112.93,25829,0.4466
232,-56.27,26329,0.4395
233,-27.2,26744,0.4477
234,-25.1,26750,0.5773
235,-25.0,26756,0.3756
236,123.32,27051,0.4568
237,-25.0,27057,0.387
238,-25.0,27063,0.4556
239,-76.89,27563,0.4329
240,44.69,28063,0.4591
241,63.92,28563,0.4479
242,-84.25,28798,0.4787
243,-25.0,28804,0.5946
244,-25.0,28810,0.4322
245,48.46,29310,0.4739
246,-44.74,29810,0.4796
247,-65.13,30310,0.5047
248,86.94,30464,0.4559
249,-25.0,30470,0.5338
250,-25.0,30476,0.427
251,-90.3,30675,0.4265
252,-25.0,30681,0.4209
253,104.58,30802,0.4044
254,-25.0,30808,0.4151
255,-25.0,30814,0.412
256,-80.83,31112,0.4342
257,-25.0,31118,0.4283
258,-25.0,31124,0.3823
259,35.33,31449,0.4104
260,-25.0,31455,0.4174
261,-25.0,31461,0.4328
262,15.84,31780,0.4276
263,-25.0,31786,0.4154
264,-25.0,31792,0.5155
265,118.0,32292,0.4423
266,-158.96,32792,0.4176
267,26.99,33087,0.4384
268,-25.0,33093,0.4292
269,-25.0,33099,0.4368
270,127.67,33466,0.4644
271,-25.0,33472,0.5026
272,-25.0,33478,0.4031
273,82.88,33779,0.4345
274,-25.0,33785,0.4812
275,-25.0,33791,0.3895
276,151.87,34291,0.4502
277,-107.89,34409,0.4745
278,-25.0,34415,0.4962
279,-25.0,34421,0.4118
280,96.0,34806,0.4657
281,-25.0,34812,0.4237
282,-25.0,34818,0.4181
283,162.35,35116,0.4463
284,-25.0,35122,0.438
285,-25.0,35128,0.4647
286,45.57,35279,0.4797
287,-25.0,35285,0.4493
288,-25.0,35291,0.414
289,126.6,35791,0.4754
290,-128.76,35948,0.4545
291,-25.0,35954,0.4605
292,-25.0,35960,0.5154
293,24.67,36460,0.4681
294,3.29,36635,0.519
295,-25.0,36641,0.5469
296,-25.0,36647,0.6386
297,-113.7,37107,0.4806
298,-25.0,37113,0.5455
299,-25.0,37119,0.459
300,56.47,37213,0.4564
301,-25.0,37219,0.5161
302,-25.0,37225,0.4606
303,-11.5,37352,0.4734
304,-25.0,37358,0.4821
305,-25.0,37364,0.5639
306,49.67,37864,0.4844
307,-127.46,38364,0.4656
308,1.46,38864,0.4682
309,68.25,39174,0.4525
310,-25.0,39180,0.4712
311,-25.0,39186,0.4442
312,-45.81,39686,0.4677
313,-88.35,40186,0.5915
314,-86.16,40409,0.5534
315,-25.0,40415,0.555
316,-25.0,40421,0.5081
317,193.98,40809,0.556
318,-25.0,40815,0.4329
319,-25.0,40821,0.4537
320,121.17,41173,0.5082
321,-25.0,41179,0.4957
322,-25.0,41185,0.6475
323,60.65,41339,0.5391
324,-25.0,41345,0.6262
325,-25.0,41351,0.4285
326,-32.98,41851,0.5685
327,21.32,42026,0.4928
328,-25.0,42032,0.4327
329,-25.0,42038,0.4321
330,79.51,42345,0.458
331,-25.0,42351,0.4189
332,-25.0,42357,0.4277
333,36.31,42817,0.4728
334,-25.0,42823,0.4141
335,-25.0,42829,0.4161
336,15.16,43229,0.4548
337,-25.0,43235,0.4599
338,-25.0,43241,0.4399
339,126.5,43422,0.4598
340,-25.0,43428,0.439
341,-25.0,43434,0.4389
342,41.98,43934,0.4646
343,-75.14,44434,0.4584
344,-22.41,44934,0.4607
345,-3.26,45434,0.4833
346,-50.35,45934,0.4893
347,75.01,46298,0.463
348,-25.0,46304,0.4379
349,-25.0,46310,0.4079
350,68.04,46810,0.4333
351,-139.16,47310,0.4733
352,-57.52,47810,0.4641
353,119.06,48003,0.4545
354,-25.0,48009,0.4864
355,-25.0,48015,0.5417
356,37.64,48515,0.4767
357,-75.59,49015,0.4584
358,-77.25,49515,0.4645
359,154.31,49990,0.4776
360,-25.0,49996,0.4419
361,-25.0,50002,0.4857
362,161.02,50360,0.4791
363,-25.0,50366,0.464
364,-25.0,50372,0.4455
365,120.87,50730,0.4875
366,-25.0,50736,0.4228
367,-25.0,50742,0.4251
368,188.02,51121,0.4845
369,-25.0,51127,0.4807
370,-25.0,51133,0.4669
371,-69.76,51633,0.7546
372,81.43,52129,0.6322
373,-25.0,52135,1.1451
374,-25.0,52141,0.5437
375,-15.07,52641,0.576
376,73.18,53141,0.4852
377,-277.16,53493,0.481
378,-25.0,53499,0.4545
379,-25.0,53505,0.4259
380,88.95,53920,0.5439
381,-25.0,53926,0.6621
382,-25.0,53932,0.579
383,83.49,54419,0.6196
384,-25.0,54425,0.594
385,-25.0,54431,0.4599
386,24.13,54931,0.8601
387,14.98,55431,0.7443
388,-104.82,55931,0.872
389,-8.06,56431,0.9285
390,-19.35,56931,0.7483
391,41.26,57295,0.7989
392,-25.0,57301,0.706
393,-25.0,57307,0.7368
394,189.26,57476,0.9288
395,-25.0,57482,0.551
396,-25.0,57488,0.6602
397,171.78,57744,0.9308
398,-25.0,57750,0.7326
399,-25.0,57756,0.6426
400,-57.35,58165,0.9448
401,-25.0,58171,0.9044
402,-25.0,58177,0.6016
403,11.12,58677,0.8977
404,-223.96,58831,1.0842
405,-25.0,58837,0.5587
406,-25.0,58843,0.6826
407,13.95,59343,0.8605
408,13.87,59509,0.8025
409,-25.0,59515,0.5538
410,-25.0,59521,0.4402
411,-41.34,60021,0.9501
412,100.51,60223,1.0245
413,-25.0,60229,0.6978
414,-25.0,60235,0.6335
415,147.67,60437,1.0208
416,-25.0,60443,0.6909
417,-25.0,60449,0.7607
418,141.61,60723,0.8767
419,-25.0,60729,0.5407
420,-25.0,60735,0.969
421,-8.19,61087,0.9931
422,-25.0,61093,0.7702
423,-25.0,61099,0.6122
424,-104.0,61599,0.8636
425,129.59,61918,0.8816
426,-25.0,61924,0.679
427,-25.0,61930,0.6202
428,81.54,62249,0.9801
429,-25.0,62255,0.6331
430,-25.0,62261,0.7491
431,65.48,62761,0.974
432,-93.4,63261,0.8871
433,-68.89,63601,0.8824
434,-25.0,63607,0.5511
435,-25.0,63613,0.6463
436,-182.27,63836,0.8949
437,-25.0,63842,0.5775
438,-25.0,63848,0.6775
439,103.38,64191,0.9823
440,-25.0,64197,0.6078
441,-25.0,64203,0.6609
442,107.2,64408,1.1071
443,-25.0,64414,0.6369
444,-25.0,64420,0.7383
445,-167.34,64673,0.7332
446,-25.0,64679,0.6373
447,-25.0,64685,0.6482
448,194.99,64818,0.9951
449,-25.0,64824,0.7998
450,-25.0,64830,0.6561
451,-234.95,65221,0.9519
452,-25.0,65227,0.5507
453,-25.0,65233,0.6594
454,23.5,65733,0.8599
455,-159.31,66233,0.9889
456,-72.8,66733,0.948
457,211.88,66935,0.772
458,-25.0,66941,0.6498
459,-25.0,66947,0.5955
460,121.09,67392,0.8014
461,-25.0,67398,0.5878
462,-25.0,67404,0.5915
463,115.62,67558,1.0517
464,-25.0,67564,0.6728
465,-25.0,67570,0.6299
466,120.65,67805,0.9522
467,-25.0,67811,0.5061
468,-25.0,67817,0.6289
469,181.56,68317,1.0076
470,-272.03,68771,0.8876
471,-25.0,68777,0.5977
472,-25.0,68783,0.7068
473,-12.05,69283,0.9078
474,170.67,69542,1.0025
475,-25.0,69548,0.6908
476,-25.0,69554,0.5492
477,65.87,69675,0.7406
478,-25.0,69681,0.6101
479,-25.0,69687,0.6571
480,194.07,70156,0.7893
481,-25.0,70162,0.681
482,-25.0,70168,0.535
483,29.67,70451,0.8997
484,-25.0,70457,0.7972
485,-25.0,70463,0.6378
486,-105.45,70833,0.8749
487,-25.0,70839,0.5843
488,-25.0,70845,0.6389
489,86.72,71345,0.8509
490,148.5,71845,0.9312
491,-231.4,72152,0.8599
492,-25.0,72158,0.4654
493,-25.0,72164,0.6295
494,195.97,72480,0.8328
495,-25.0,72486,1.1175
496,-25.0,72492,0.6504
497,166.94,72952,0.9384
498,-25.0,72958,0.6889
499,-25.0,72964,0.6171
500,-64.72,73464,0.8254
501,197.77,73708,0.8803
502,-25.0,73714,0.66
503,-25.0,73720,0.6561
504,132.07,73853,0.9122
505,-25.0,73859,0.9069
506,-25.0,73865,0.7451
507,25.03,74365,0.9365
508,-134.46,74865,0.9068
509,195.82,75091,0.9864
510,-25.0,75097,0.6918
511,-25.0,75103,0.5982
512,195.8,75602,0.9009
513,-25.0,75608,0.6201
514,-25.0,75614,0.8638
515,157.12,75843,0.9061
516,-25.0,75849,0.8087
517,-25.0,75855,0.5493
518,65.75,76009,0.9081
519,-25.0,76015,0.5739
520,-25.0,76021,0.6471
521,77.12,76442,0.762
522,-25.0,76448,0.5867
523,-25.0,76454,0.6351
524,181.62,76776,0.8241
525,-25.0,76782,0.6677
526,-25.0,76788,0.53
527,208.05,77218,0.8646
528,-25.0,77224,0.6656
529,-25.0,77230,0.607
530,179.98,77621,0.9085
531,-25.0,77627,0.5625
532,-25.0,77633,0.6768
533,69.08,78133,0.8308
534,-29.54,78236,0.801
535,-25.0,78242,0.4472
536,-25.0,78248,0.4965
537,65.68,78447,0.8962
538,-25.0,78453,0.7789
539,-25.0,78459,0.5114
540,50.57,78700,0.7428
541,-25.0,78706,0.8045
542,-25.0,78712,0.6765
543,48.61,79118,0.7262
544,-25.0,79124,0.4745
545,-25.0,79130,0.4545
546,8.98,79630,0.5479
547,-31.99,80130,0.6075
548,5.5,80620,0.5807
549,-25.0,80626,0.4825
550,-23.46,81126,0.6196
551,85.25,81626,0.6384
552,-147.72,81972,0.6217
553,-25.0,81978,0.5771
554,-25.0,81984,0.4678
555,-113.99,82348,0.6248
556,-25.0,82354,1.4562
557,-25.0,82360,0.4453
558,-27.36,82860,0.4897
559,-47.0,83360,0.4919
560,53.3,83850,0.5076
561,-25.0,83856,0.5563
562,-25.0,83862,0.4504
563,146.68,84175,0.5911
564,-25.0,84181,0.6353
565,-25.0,84187,0.4973
566,64.51,84434,0.518
567,-25.0,84440,0.4556
568,-25.0,84446,0.5315
569,-112.53,84723,0.6036
570,-25.0,84729,0.6861
571,-25.0,84735,0.5384
572,94.0,85102,0.7206
573,-25.0,85108,0.427
574,-25.0,85114,0.7307
575,106.66,85343,0.6557
576,-25.0,85349,0.5177
577,-25.0,85355,0.4832
578,14.8,85785,0.6933
579,-25.0,85791,0.5183
580,-25.0,85797,0.4239
581,174.2,86297,0.4671
582,-256.86,86307,0.439
583,-25.0,86313,0.4797
584,29.66,86813,0.4597
585,-210.37,87313,0.4995
586,-51.82,87617,0.5051
587,-25.0,87623,0.5169
588,-25.0,87629,0.4314
589,53.76,88129,0.5014
590,-191.57,88629,0.5171
591,187.35,89050,0.4685
592,-25.0,89056,0.9458
593,-25.0,89062,0.4894
594,10.64,89456,0.4856
595,-25.0,89462,0.4678
596,-25.0,89468,0.4143
597,-123.74,89968,0.4725
598,0.36,90468,0.4815
599,-62.45,90919,0.4565
600,-25.0,90925,0.4722
601,-25.0,90931,0.5394
602,102.84,91346,0.4605
603,-25.0,91352,0.3994
604,-25.0,91358,0.4023
605,32.73,91794,0.4579
606,-25.0,91800,0.5128
607,-25.0,91806,0.4496
608,-24.51,92306,0.4543
609,23.56,92442,0.4295
610,-25.0,92448,0.4605
611,-25.0,92454,0.4362
612,41.78,92954,0.4539
613,42.63,93189,0.4654
614,-25.0,93195,0.4922
615,-25.0,93201,0.4747
616,40.81,93346,0.4736
617,-25.0,93352,0.5968
618,-25.0,93358,0.5181
619,-37.12,93858,0.4434
620,17.85,94358,0.447
621,-131.43,94858,0.4545
622,6.54,95120,0.4582
623,-25.0,95126,0.395
624,-25.0,95132,0.4434
625,170.75,95400,0.4487
626,-25.0,95406,0.3902
627,-25.0,95412,0.4169
628,129.64,95671,0.4428
629,-25.0,95677,0.4919
630,-25.0,95683,0.4926
631,17.74,96183,0.4431
632,80.31,96640,0.4548
633,-25.0,96646,0.4981
634,-25.0,96652,0.4588
635,154.98,97022,0.4201
636,-25.0,97028,0.4232
637,-25.0,97034,0.4188
638,-136.3,97530,0.4218
639,-25.0,97536,0.4049
640,-25.0,97542,0.4389
641,-49.87,98042,0.4207
642,-49.82,98542,0.4047
643,-31.56,98873,0.4297
644,-25.0,98879,0.4853
645,-25.0,98885,0.4001
646,52.62,99333,0.4077
647,-25.0,99339,0.45
648,-25.0,99345,0.464
649,56.33,99676,0.4221
650,-25.0,99682,0.4778
651,-25.0,99688,0.428
652,-55.15,100025,0.4104
653,-25.0,100031,0.4153
654,-25.0,100037,0.3944
655,78.25,100389,0.4099
656,-25.0,100395,0.3495
657,-25.0,100401,0.4459
658,-104.29,100762,0.4309
659,-25.0,100768,0.5084
660,-25.0,100774,0.5071
661,96.04,101105,0.4207
662,-25.0,101111,0.5007
663,-25.0,101117,0.4169
664,73.62,101505,0.435
665,-25.0,101511,0.4582
666,-25.0,101517,0.3983
667,108.35,101644,0.4095
668,-25.0,101650,0.3828
669,-25.0,101656,0.3755
670,-47.43,102156,0.4186
671,-140.14,102656,0.4215
672,179.94,103041,0.4268
673,-25.0,103047,0.4347
674,-25.0,103053,0.4967
675,-121.46,103204,0.4054
676,-25.0,103210,0.4051
677,-25.0,103216,0.4585
678,-90.9,103716,0.4233
679,70.98,104216,0.4259
680,-103.4,104544,0.4288
681,-25.0,104550,0.396
682,-25.0,104556,0.4545
683,-188.79,104665,0.4341
684,-25.0,104671,0.4369
685,-25.0,104677,0.4106
686,-89.94,105177,0.4232
687,-132.33,105427,0.4258
688,-25.0,105433,0.4343
689,-25.0,105439,0.4956
690,-96.02,105782,0.4107
691,-25.0,105788,0.3936
692,-25.0,105794,0.4913
693,-67.25,106188,0.4087
694,-25.0,106194,0.4638
695,-25.0,106200,0.4675
696,-26.25,106615,0.4224
697,-25.0,106621,0.3884
698,-25.0,106627,0.4789
699,-54.64,107127,0.4104
700,7.45,107302,0.4146
701,-25.0,107308,0.4677
702,-25.0,107314,0.4661
703,65.75,107789,0.4361
704,-25.0,107795,0.4458
705,-25.0,107801,0.3785
706,-34.07,108301,0.4336
707,105.09,108467,0.4304
708,-25.0,108473,0.4591
709,-25.0,108479,0.4111
710,-67.3,108979,0.4395
711,95.3,109334,0.4202
712,-25.0,109340,0.5005
713,-25.0,109346,0.4752
714,-137.9,109767,0.4306
715,-25.0,109773,0.4222
716,-25.0,109779,0.4418
717,116.61,110279,0.418
718,-127.15,110616,0.4342
719,-25.0,110622,0.4575
720,-25.0,110628,0.3958
721,-238.96,110881,0.4107
722,-25.0,110887,0.4678
723,-25.0,110893,0.3948
724,47.14,111393,0.4178
725,46.08,111781,0.4169
726,-25.0,111787,0.4038
727,-25.0,111793,0.3787
728,111.82,112293,0.4233
729,6.76,112663,0.4215
730,-25.0,112669,0.4663
731,-25.0,112675,0.4479
732,-37.98,113175,0.422
733,167.17,113326,0.4135
734,-25.0,113332,0.4241
735,-25.0,113338,0.425
736,71.57,113498,0.4108
737,-25.0,113504,0.4918
738,-25.0,113510,0.4486
739,-30.28,114010,0.4089
740,142.81,114284,0.4075
741,-25.0,114290,0.4435
742,-25.0,114296,0.4374
743,75.3,114594,0.4191
744,-25.0,114600,0.4573
745,-25.0,114606,0.4062
746,187.39,115106,0.4141
747,-363.3,115359,0.4231
748,-25.0,115365,0.3925
749,-25.0,115371,0.4106
750,37.58,115546,0.4212
751,-25.0,115552,0.4724
752,-25.0,115558,0.6018
753,-90.68,115685,0.4286
754,-25.0,115691,0.4603
755,-25.0,115697,0.6383
756,98.35,115953,0.4209
757,-25.0,115959,0.4018
758,-25.0,115965,0.4132
759,-54.93,116068,0.4232
760,-25.0,116074,0.4019
761,-25.0,116080,0.3901
762,-3.44,116438,0.4181
763,-25.0,116444,0.3764
764,-25.0,116450,0.4845
765,144.62,116694,0.4188
766,-25.0,116700,0.4993
767,-25.0,116706,0.4677
768,39.47,116827,0.414
769,-25.0,116833,0.4688
770,-25.0,116839,0.4253
771,40.27,117206,0.4362
772,-25.0,117212,0.3944
773,-25.0,117218,0.4017
774,91.6,117718,0.4284
775,-134.45,118004,0.4155
776,-25.0,118010,0.4629
777,-25.0,118016,0.3993
778,192.54,118332,0.4188
779,-25.0,118338,0.4062
780,-25.0,118344,0.3865
781,157.95,118630,0.416
782,-25.0,118636,0.4382
783,-25.0,118642,0.4237
784,-104.13,119142,0.4304
785,125.15,119578,0.4269
786,-25.0,119584,0.5049
787,-25.0,119590,0.4698
788,-249.71,120047,0.4185
789,-25.0,120053,0.4645
790,-25.0,120059,0.4716
791,93.17,120258,0.4407
792,-25.0,120264,0.4268
793,-25.0,120270,0.4598
794,68.09,120412,0.4392
795,-25.0,120418,0.4434
796,-25.0,120424,0.4311
797,-148.24,120818,0.4329
798,-25.0,120824,0.3949
799,-25.0,120830,0.4235
800,27.84,121330,0.4234
801,-300.65,121829,0.4323
802,-25.0,121835,0.3793
803,-25.0,121841,0.4173
804,-4.34,122133,0.4112
805,-25.0,122139,0.4084
806,-25.0,122145,0.4322
807,-22.15,122645,0.424
808,-55.19,122655,0.4482
809,-25.0,122661,0.4969
810,120.95,122950,0.4147
811,-25.0,122956,0.3977
812,-25.0,122962,1.3193
813,-152.81,123401,0.5962
814,-25.0,123407,1.6337
815,-25.0,123413,0.5666
816,72.04,123558,0.5949
817,-25.0,123564,0.4742
818,-25.0,123570,0.5602
819,157.11,123778,0.5433
820,-25.0,123784,0.7186
821,-25.0,123790,0.5924
822,-228.83,124109,0.7703
823,-25.0,124115,0.6294
824,-25.0,124121,0.6915
825,45.71,124621,0.689
826,-57.67,124853,0.5934
827,-25.0,124859,0.5923
828,-25.0,124865,0.4934
829,103.42,125184,0.5758
830,-25.0,125190,0.5078
831,-25.0,125196,0.4247
832,110.45,125521,0.5067
833,-25.0,125527,1.2362
834,-25.0,125533,0.4958
835,-30.24,125972,0.5841
836,-25.0,125978,0.6691
837,-25.0,125984,0.5714
838,-120.13,126204,0.6309
839,-25.0,126210,0.5841
840,-25.0,126216,0.5504
841,162.98,126484,0.5623
842,-25.0,126490,0.6498
843,-25.0,126496,0.5909
844,-206.8,126938,0.5896
845,-25.0,126944,0.46
846,-25.0,126950,0.4696
847,38.24,127236,0.5535
848,-25.0,127242,0.6042
849,-25.0,127248,0.603
850,-174.96,127615,0.6081
851,-25.0,127621,0.5223
852,-25.0,127627,0.5218
853,162.63,127907,0.6437
854,-25.0,127913,0.7151
855,-25.0,127919,0.5277
856,43.01,128181,0.5896
857,-25.0,128187,0.4466
858,-25.0,128193,0.4254
859,31.33,128693,0.6218
860,-141.94,129193,0.5986
861,59.37,129458,0.6995
862,-25.0,129464,0.4577
863,-25.0,129470,0.7083
864,37.9,129675,0.5763
865,-25.0,129681,0.5844
866,-25.0,129687,0.623
867,-39.62,130036,0.5529
868,-25.0,130042,0.5375
869,-25.0,130048,0.4006
870,-112.3,130544,0.5146
871,-25.0,130550,0.4625
872,-25.0,130556,0.4884
873,-32.12,131056,0.5901
874,27.57,131417,0.6909
875,-25.0,131423,0.5039
876,-25.0,131429,0.4383
877,106.41,131601,0.5475
878,-25.0,131607,0.5158
879,-25.0,131613,0.545
880,128.81,131800,0.589
881,-25.0,131806,0.4537
882,-25.0,131812,0.4089
883,-49.73,132080,0.5989
884,-25.0,132086,0.5202
885,-25.0,132092,0.4664
886,119.73,132381,0.7194
887,-25.0,132387,0.445
888,-25.0,132393,0.4922
889,-148.3,132544,0.6102
890,-25.0,132550,0.6304
891,-25.0,132556,0.53
892,83.64,133056,0.508
893,-95.36,133450,0.5999
894,-25.0,133456,0.7161
895,-25.0,133462,0.5082
896,128.39,133904,0.5717
897,-158.7,134064,0.5389
898,-25.0,134070,0.6509
899,-25.0,134076,0.4859
900,-17.57,134576,0.491
901,-113.43,135076,0.5128
902,-17.15,135576,0.5056
903,-148.39,135964,0.4763
904,-25.0,135970,1.4338
905,-25.0,135976,0.5005
906,-42.62,136476,0.4941
907,124.11,136669,0.5027
908,-25.0,136675,0.4788
909,-25.0,136681,0.4664
910,-165.61,137168,0.52
911,-25.0,137174,0.4773
912,-25.0,137180,0.5373
913,-142.22,137532,0.5028
914,-25.0,137538,0.5553
915,-25.0,137544,0.4984
916,81.83,137728,0.4942
917,-25.0,137734,0.4745
918,-25.0,137740,0.6694
919,-36.45,138240,0.5019
920,0.06,138740,0.4823
921,-131.86,139240,0.5137
922,-44.6,139628,0.5128
923,-25.0,139634,0.4715
924,-25.0,139640,0.5144
925,-190.89,139962,0.512
926,-25.0,139968,0.4793
927,-25.0,139974,0.3719
928,42.62,140248,0.4635
929,-25.0,140254,0.5171
930,-25.0,140260,0.468
931,-162.08,140630,0.4981
932,-25.0,140636,0.4943
933,-25.0,140642,0.4538
934,121.4,140841,0.491
935,-25.0,140847,0.5483
936,-25.0,140853,0.4872
937,139.93,141118,0.5267
938,-25.0,141124,1.1561
939,-25.0,141130,0.469
940,-31.81,141630,0.479
941,-34.44,142130,0.5512
942,109.19,142284,0.5595
943,-25.0,142290,0.4555
944,-25.0,142296,0.496
945,-61.51,142796,0.4954
946,-67.19,143296,0.4863
947,38.54,143796,0.4987
948,-19.73,144100,0.5051
949,-25.0,144106,0.3927
950,-25.0,144112,0.543
951,-171.41,144612,0.5045
952,232.49,144724,0.5072
953,-25.0,144730,0.4661
954,-25.0,144736,0.4286
955,91.14,144974,0.5281
956,-25.0,144980,0.3979
957,8.49,145480,0.5241
958,-108.73,145980,0.5007
959,-25.1,145986,0.5262
960,-25.0,145992,0.5838
961,71.76,146170,0.4672
962,-25.0,146176,0.4608
963,-25.0,146182,0.4598
964,-75.52,146549,0.5367
965,-25.0,146555,0.4957
966,-25.0,146561,0.5018
967,-64.59,146937,0.5178
968,-25.0,146943,0.5508
969,-25.0,146949,0.4463
970,-195.56,147208,0.4925
971,-25.0,147214,0.4635
972,-25.0,147220,0.485
973,150.45,147632,0.5365
974,-25.0,147638,0.4567
975,-25.0,147644,0.4966
976,134.07,147960,0.5634
977,-25.0,147966,0.6024
978,-25.0,147972,0.4558
979,14.64,148472,0.4972
980,-165.07,148971,0.4799
981,-25.0,148977,0.9411
982,-25.0,148983,0.4756
983,31.65,149194,0.444
984,-25.0,149200,0.4239
985,-25.0,149206,0.5025
986,-168.54,149645,0.4683
987,-25.0,149651,0.4658
988,-25.0,149657,0.4123
989,67.75,150157,0.5051
990,-108.23,150657,0.4747
991,76.3,151093,0.5235
992,-25.0,151099,0.3856
993,-25.0,151105,0.4889
994,-226.2,151583,0.509
995,-25.0,151589,0.4799
996,-25.0,151595,0.4635
997,78.25,151977,0.5016
998,-25.0,151983,0.4006
999,-25.0,151989,0.3998
1000,95.88,152176,0.4683
1001,-25.0,152182,0.7528
1002,-25.0,152188,0.4881
1003,-139.2,152447,0.4378
1004,-25.0,152453,0.5738
1005,-25.0,152459,0.452
1006,66.88,152673,0.4461
1007,-25.0,152679,0.5412
1008,-25.0,152685,0.447
1009,26.17,152911,0.4601
1010,-25.0,152917,0.4497
1011,-25.0,152923,0.4662
1012,59.58,153423,0.4521
1013,-137.13,153923,0.4686
1014,-52.83,154423,0.4509
1015,-75.7,154733,0.4407
1016,-25.0,154739,0.449
1017,-25.0,154745,0.5412
1018,114.73,154932,0.434
1019,-25.0,154938,1.4068
1020,-25.0,154944,0.494
1021,46.24,155065,0.4371
1022,-25.0,155071,0.439
1023,-25.0,155077,0.4982
1024,52.73,155577,0.4465
1025,-285.05,155896,0.435
1026,-25.0,155902,0.4445
1027,-25.0,155908,0.3509
1028,25.24,156044,0.4301
1029,-25.0,156050,0.4854
1030,-25.0,156056,0.4194
1031,-14.49,156504,0.4422
1032,-25.0,156510,0.8826
1033,-25.0,156516,0.5417
1034,-18.83,156766,0.4321
1035,-25.0,156772,0.4275
1036,-25.0,156778,0.4547
1037,63.87,156995,0.4433
1038,-25.0,157001,0.4837
1039,-25.0,157007,0.4262
1040,69.45,157179,0.4504
1041,-25.0,157185,0.4675
1042,-25.0,157191,0.4739
1043,-31.04,157691,0.4381
1044,-31.97,158191,0.4492
1045,95.68,158345,0.4383
1046,-25.0,158351,0.4809
1047,-25.0,158357,0.4604
1048,-25.23,158478,0.4303
1049,-25.0,158484,0.6919
1050,-25.0,158490,0.4553
1051,-9.18,158990,0.4413
1052,-0.51,159210,0.4463
1053,-25.0,159216,0.4818
1054,-25.0,159222,0.4148
1055,-2.07,159722,0.4553
1056,-171.15,160222,0.4449
1057,219.62,160451,0.4332
1058,-25.0,160457,0.4279
1059,-25.0,160463,0.442
1060,99.99,160963,0.4565
1061,-83.19,161105,0.4288
1062,-25.0,161111,0.481
1063,-25.0,161117,0.4391
1064,109.42,161379,0.4725
1065,-25.0,161385,0.463
1066,-25.0,161391,0.4685
1067,24.19,161891,0.4483
1068,21.43,162234,0.4447
1069,-25.0,162240,0.4349
1070,-25.0,162246,0.4927
1071,51.76,162445,0.4788
1072,-25.0,162451,0.4594
1073,-25.0,162457,0.8557
1074,133.09,162608,0.4346
1075,-25.0,162614,0.4418
1076,43.2,163114,0.4497
1077,66.81,163538,0.4607
1078,-25.0,163544,0.5008
1079,-25.0,163550,0.453
1080,9.5,164050,0.4397
1081,108.64,164273,0.4474
1082,-25.0,164279,0.4743
1083,-25.0,164285,0.4714
1084,44.09,164406,0.4357
1085,-25.0,164412,0.5137
1086,-25.0,164418,0.4632
1087,42.56,164918,0.467
1088,30.69,165081,0.4639
1089,-25.0,165087,0.5451
1090,-25.0,165093,0.4293
1091,11.6,165367,0.4437
1092,-25.0,165373,0.4293
1093,-25.0,165379,0.4686
1094,-13.96,165879,0.4453
1095,25.42,166240,0.4563
1096,-25.0,166246,0.4869
1097,-25.0,166252,0.505
1098,-13.45,166520,0.4585
1099,-25.0,166526,0.5313
1100,-25.0,166532,0.436
1101,79.66,167032,0.4526
1102,48.73,167207,0.4485
1103,-25.0,167213,0.4901
1104,-25.0,167219,0.564
1105,-42.47,167691,0.4973
1106,-25.0,167697,0.5226
1107,-25.0,167703,0.4878
1108,-49.82,168203,0.4559
1109,70.06,168703,0.4605
1110,-369.66,169052,0.4713
1111,-25.0,169058,0.5266
1112,-25.0,169064,0.4869
1113,36.3,169311,0.4332
1114,-25.0,169317,0.4703
1115,-25.0,169323,0.3969
1116,61.02,169570,0.4611
1117,-25.0,169576,0.4742
1118,-25.0,169582,0.4167
1119,84.41,169784,0.4766
1120,-25.0,169790,0.4715
1121,-25.0,169796,0.4699
1122,176.36,170085,0.4469
1123,-25.0,170091,0.4266
1124,-25.0,170097,0.4134
1125,-198.12,170206,0.4508
1126,-25.1,170212,0.4745
1127,-25.0,170218,0.4477
1128,50.0,170318,0.47
1129,-25.0,170324,0.5613
1130,-25.0,170330,0.4014
1131,95.11,170505,0.4512
1132,-25.0,170511,0.4848
1133,-25.0,170517,0.5851
1134,158.26,170806,0.459
1135,-25.0,170812,0.3969
1136,-25.0,170818,0.4543
1137,7.76,171248,0.4564
1138,-25.0,171254,0.4758
1139,-25.0,171260,0.3833
1140,-134.3,171444,0.4466
1141,-25.0,171450,0.4843
1142,-25.0,171456,0.4349
1143,21.37,171956,0.4587
1144,-21.05,172456,0.4322
1145,-290.62,172655,0.4479
1146,-25.0,172661,0.5113
1147,-25.0,172667,0.4137
1148,24.86,172923,0.4808
1149,-25.0,172929,0.4839
1150,-25.0,172935,0.4684
1151,-165.14,173179,0.4666
1152,-25.0,173185,0.4486
1153,-25.0,173191,0.4778
1154,-166.74,173297,0.4282
1155,-25.0,173303,0.467
1156,-25.0,173309,0.4396
1157,199.0,173532,0.4404
1158,-25.0,173538,0.5594
1159,-25.0,173544,0.47
1160,-28.61,174044,0.442
1161,-18.22,174504,0.4436
1162,-25.0,174510,0.4694
1163,-25.0,174516,0.5142
1164,63.58,174991,0.4399
1165,-25.0,174997,0.4272
1166,-25.0,175003,0.4547
1167,74.28,175503,0.4437
1168,31.05,175876,0.4367
1169,-25.0,175882,0.4466
1170,-25.0,175888,0.4166
1171,69.82,176388,0.4464
1172,-307.71,176812,0.4358
1173,-25.0,176818,0.4259
1174,-25.0,176824,0.5029
1175,-36.29,177324,0.457
1176,17.81,177824,0.4534
1177,-8.55,178311,0.454
1178,-25.0,178317,0.5242
1179,-25.0,178323,0.465
1180,-162.41,178555,0.4572
1181,-25.0,178561,0.4338
1182,-25.0,178567,0.4184
1183,2.35,179067,0.4485
1184,15.11,179567,0.4552
1185,79.34,179781,0.4415
1186,-25.0,179787,0.4851
1187,-25.0,179793,0.4004
1188,-3.94,180067,0.4698
1189,-25.0,180073,0.4263
1190,-25.0,180079,0.3928
1191,107.42,180530,0.4463
1192,-25.0,180536,0.4988
1193,-25.0,180542,0.4981
1194,-183.45,180765,0.463
1195,-25.1,180771,0.3885
1196,-25.0,180777,0.4151
1197,81.79,181024,0.4597
1198,-25.0,181030,0.6536
1199,-25.0,181036,0.4033
1200,156.88,181229,0.4355
1201,-25.0,181235,0.3819
1202,-25.0,181241,0.542
1203,-73.13,181741,0.456
1204,-90.26,181991,0.4434
1205,-25.0,181997,0.404
1206,-25.0,182003,0.5665
1207,98.71,182124,0.4316
1208,-25.0,182130,0.4599
1209,-25.0,182136,0.4402
1210,59.64,182434,0.4355
1211,-25.0,182440,0.4431
1212,-25.0,182446,0.5104
1213,134.97,182624,0.4429
1214,-25.0,182630,0.4201
1215,-25.0,182636,0.4839
1216,124.41,183045,0.4463
1217,-25.0,183051,0.4312
1218,-25.0,183057,0.5054
1219,138.95,183487,0.439
1220,-25.0,183493,0.4102
1221,-25.0,183499,0.4544
1222,124.22,183686,0.45
1223,-25.0,183692,0.4225
1224,-25.0,183698,0.487
1225,21.23,184198,0.4594
1226,-264.62,184613,0.5236
1227,-25.0,184619,0.524
1228,-25.0,184625,0.4665
1229,11.68,185125,0.4976
1230,-50.06,185625,0.473
1231,-7.82,186125,0.4702
1232,44.0,186336,0.4979
1233,-25.0,186342,0.86
1234,-25.0,186348,1.1422
1235,-102.85,186730,0.4723
1236,-25.0,186736,0.5081
1237,-25.0,186742,0.4592
1238,171.73,187103,0.4484
1239,-25.0,187109,0.4054
1240,-25.0,187115,0.4859
1241,-32.7,187615,0.4654
1242,27.06,188115,0.5982
1243,-141.44,188615,0.4759
1244,200.04,188823,0.4418
1245,-25.0,188829,0.4079
1246,-25.0,188835,0.8192
1247,-55.13,189091,0.491
1248,-25.0,189097,0.6947
1249,-25.0,189103,0.4863
1250,110.27,189302,0.5035
1251,-25.0,189308,0.4659
1252,-25.0,189314,0.6042
1253,91.48,189543,0.4857
1254,-25.0,189549,0.4968
1255,-25.0,189555,0.4667
1256,43.47,189712,0.5141
1257,-25.0,189718,0.437
1258,-25.0,189724,0.4272
1259,176.21,190091,0.4762
1260,-25.0,190097,0.4203
1261,-25.0,190103,0.4615
1262,30.67,190603,0.4792
1263,-79.3,190823,0.4459
1264,-25.0,190829,0.4559
1265,-25.0,190835,0.46
1266,120.04,191001,0.4242
1267,-149.64,191501,0.4823
1268,226.15,191994,0.5664
1269,-25.0,192000,0.6359
1270,-25.0,192006,0.5448
1271,102.61,192451,0.5737
1272,-25.0,192457,0.544
1273,-25.0,192463,0.5235
1274,34.36,192963,0.5299
1275,-108.2,193462,0.5022
1276,-25.0,193468,0.8393
1277,-25.0,193474,0.496
1278,6.59,193679,0.5294
1279,-25.0,193685,0.6811
1280,-25.0,193691,0.5028
1281,51.77,194191,0.5199
1282,-47.43,194369,0.4899
1283,-25.0,194375,0.4932
1284,-25.0,194381,0.4881
1285,114.96,194541,0.4524
1286,-25.0,194547,0.4875
1287,-25.0,194553,0.437
1288,40.52,194911,0.4345
1289,-25.0,194917,0.4863
1290,-25.0,194923,0.6286
1291,1.19,195266,0.4432
1292,-25.0,195272,0.4318
1293,192.49,195627,0.4351
1294,-25.0,195633,0.4243
1295,-25.0,195639,0.4021
1296,59.13,196006,0.4467
1297,-25.0,196012,0.5262
1298,-25.0,196018,0.4319
1299,149.94,196253,0.5208
1300,-25.0,196259,0.6116
1301,-25.0,196265,0.7374
1302,114.59,196440,0.601
1303,-25.0,196446,1.0011
1304,-25.0,196452,0.7738
1305,-3.56,196952,0.7514
1306,-16.89,197136,0.5828
1307,-25.0,197142,1.0374
1308,-25.0,197148,0.496
1309,105.59,197317,0.5829
1310,-25.0,197323,0.4794
1311,-25.0,197329,0.4753
1312,5.52,197829,0.5707
1313,-26.71,197974,0.5509
1314,-25.0,197980,0.417
1315,-25.0,197986,0.5811
1316,-11.79,198218,0.6115
1317,-25.0,198224,0.6641
1318,-25.0,198230,0.5219
1319,53.31,198438,0.616
1320,-25.0,198444,0.5436
1321,-25.0,198450,0.495
1322,11.85,198586,0.5317
1323,-25.0,198592,0.4652
1324,-25.0,198598,0.7965
1325,20.17,198758,0.5129
1326,-25.0,198764,0.5403
1327,-25.0,198770,0.5969
1328,99.69,198993,0.6074
1329,-25.0,198999,0.4573
1330,-25.0,199005,0.5077
1331,-168.59,199162,0.6145
1332,-25.0,199168,0.4296
1333,-25.0,199174,0.3937
1334,4.02,199322,0.7202
1335,-25.0,199328,0.4845
1336,-25.0,199334,0.7514
1337,27.61,199518,0.6238
1338,-25.0,199524,0.6709
1339,-25.0,199530,0.8152
1340,107.51,199714,0.685
1341,-25.0,199720,0.4954
1342,-25.0,199726,0.5109
1343,-180.64,199871,0.6807
1344,-25.0,199877,0.4204
1345,-25.0,199883,0.5308
1346,38.94,200043,0.7267
1347,-25.0,200049,0.4579
1348,-25.0,200055,0.6587
1349,-65.05,200344,0.6482
1350,-25.0,200350,0.6311
1351,-25.0,200356,0.423
1352,-1.32,200600,0.5389
1353,-25.0,200606,0.413
1354,-25.0,200612,0.5491
1355,153.18,200808,0.5171
1356,-25.0,200814,0.4554
1357,-25.0,200820,0.4356
1358,-89.21,201320,0.8498
1359,193.92,201492,0.9926
1360,-25.0,201498,0.6101
1361,-25.0,201504,0.5874
1362,220.65,201775,0.9149
1363,-25.0,201781,0.5876
1364,-25.0,201787,0.4712
1365,118.34,202214,0.9361
1366,-25.0,202220,0.4249
1367,-25.0,202226,0.4941
1368,162.33,202362,1.0213
1369,-25.0,202368,0.4933
1370,-25.0,202374,0.7935
1371,46.48,202510,0.6507
1372,-25.0,202516,0.4353
1373,-25.0,202522,0.5379
1374,-103.1,203022,0.7539
1375,177.01,203308,0.7785
1376,-25.0,203314,0.618
1377,-25.0,203320,0.5035
1378,58.09,203564,0.6261
1379,-25.0,203570,0.6244
1380,-25.0,203576,0.6195
1381,129.51,203967,0.8689
1382,-25.0,203973,0.4877
1383,-25.0,203979,0.5916
1384,153.56,204202,0.9245
1385,-25.0,204208,0.9122
1386,-25.0,204214,0.583
1387,110.18,204470,0.9867
1388,-25.0,204476,0.5818
1389,-25.0,204482,0.6222
1390,129.49,204663,0.9518
1391,-25.0,204669,0.516
1392,-25.0,204675,0.8217
1393,165.41,204826,0.7877
1394,-25.0,204832,0.4914
1395,-25.0,204838,0.5761
1396,155.2,204962,0.9945
1397,-25.0,204968,0.462
1398,136.84,205206,0.8636
1399,-25.0,205212,0.5994
1400,-25.0,205218,0.5316
1401,32.77,205387,0.9916
1402,-25.0,205393,0.6083
1403,-25.0,205399,0.5795
1404,-52.87,205899,0.9238
1405,-36.82,206399,0.8804
1406,101.56,206562,0.6935
1407,-25.0,206568,0.5545
1408,-25.0,206574,0.5944
1409,38.07,206785,0.8054
1410,-25.0,206791,0.5803
1411,-25.0,206797,0.6157
1412,168.27,207188,0.7626
1413,-25.0,207194,0.5328
1414,-25.0,207200,0.5488
1415,-87.75,207700,0.8811
1416,-0.38,208200,0.9232
1417,170.96,208384,0.9205
1418,-25.0,208390,0.6263
1419,-25.0,208396,0.5914
1420,-26.28,208896,0.9622
1421,73.06,209047,0.9043
1422,-25.0,209053,0.814
1423,-25.0,209059,0.5941
1424,25.53,209213,0.9097
1425,-25.0,209219,0.4759
1426,-25.0,209225,0.559
1427,29.63,209598,0.8716
1428,-25.0,209604,0.5948
1429,-25.0,209610,0.5742
1430,214.16,209944,0.7343
1431,-25.0,209950,0.6356
1432,-25.0,209956,0.8186
1433,136.38,210101,0.8354
1434,-25.0,210107,0.6602
1435,-25.0,210113,0.635
1436,-45.04,210613,1.0657
1437,113.76,210737,1.0704
1438,-25.0,210743,0.7477
1439,-25.0,210749,0.6482
1440,67.58,210990,1.0659
1441,-25.0,210996,0.9295
1442,-25.0,211002,0.7856
1443,128.47,211189,1.0639
1444,-25.0,211195,0.9431
1445,-25.0,211201,0.7222
1446,-12.11,211577,1.07
1447,-25.0,211583,1.0063
1448,-25.0,211589,0.5607
1449,-27.08,211809,1.0861
1450,-25.0,211815,0.6015
1451,-25.0,211821,0.5911
1452,185.71,212206,1.0057
1453,-25.0,212212,1.7335
1454,-25.0,212218,0.7203
1455,52.55,212420,1.0691
1456,-25.0,212426,0.7862
1457,-25.0,212432,0.9339
1458,-8.51,212932,1.0489
1459,54.06,213432,1.0746
1460,-168.83,213439,0.8543
1461,-25.0,213445,0.7633
1462,201.32,213935,1.0591
1463,-25.0,213941,0.7182
1464,-25.0,213947,0.9506
1465,-66.11,214447,1.1021
1466,121.77,214613,1.0924
1467,-25.0,214619,0.9648
1468,-25.0,214625,0.7923
1469,0.01,214887,1.0815
1470,-25.0,214893,0.8285
1471,-25.0,214899,0.8417
1472,87.84,215119,0.9885
1473,-25.0,215125,0.6885
1474,-25.0,215131,1.2031
1475,156.59,215351,1.0699
1476,-25.0,215357,0.9906
1477,-25.0,215363,0.8701
1478,92.37,215763,1.0222
1479,-25.0,215769,0.9235
1480,-25.0,215775,1.1839
1481,-79.17,216208,1.0839
1482,-25.0,216214,0.9312
1483,-25.0,216220,0.7244
1484,72.54,216413,1.0006
1485,-25.0,216419,1.144
1486,-25.0,216425,0.791
1487,152.28,216648,1.0347
1488,-59.61,216880,1.0434
1489,-25.0,216886,0.8548
1490,-25.0,216892,0.6798
1491,30.17,217088,1.0154
1492,-25.0,217094,0.7077
1493,-25.0,217100,0.6177
1494,-56.37,217404,1.0424
1495,-25.0,217410,0.7793
1496,-25.0,217416,0.7051
1497,220.92,217723,0.9559
1498,-25.0,217729,1.2621
1499,-25.0,217735,0.6347
1500,13.93,218033,0.9824
1501,-25.0,218039,0.6448
1502,-25.0,218045,0.5782
1503,141.32,218334,0.9224
1504,-25.0,218340,1.4189
1505,149.2,218740,1.0681
1506,-25.0,218746,1.0711
1507,-25.0,218752,1.0767
1508,-75.29,218912,1.0407
1509,-25.0,218918,0.5169
1510,-25.0,218924,0.6041
1511,74.11,219345,0.7965
1512,-25.0,219351,0.6219
1513,-25.0,219357,0.9773
1514,-246.85,219697,1.0034
1515,-25.0,219703,0.9862
1516,-25.0,219709,1.0881
1517,4.46,220209,1.0163
1518,-89.46,220709,1.0657
1519,-10.34,220830,1.083
1520,-25.0,220836,0.665
1521,-25.0,220842,0.9104
1522,-15.87,221260,0.9827
1523,-25.0,221266,0.9976
1524,-25.0,221272,0.6518
1525,-94.12,221432,1.0528
1526,-25.0,221438,0.8439
1527,-25.0,221444,0.957
1528,225.11,221652,0.9721
1529,-25.0,221658,0.7728
1530,-25.0,221664,1.5705
1531,179.14,221815,0.6263
1532,-220.48,222315,0.8404
1533,-148.81,222616,0.9178
1534,-25.0,222622,0.5898
1535,-25.0,222628,0.6723
1536,244.13,222824,1.0101
1537,-25.0,222830,0.6781
1538,-89.91,223257,0.8957
1539,-25.0,223263,0.6362
1540,-25.0,223269,0.5475
1541,-108.69,223630,0.9018
1542,-25.0,223636,0.5528
1543,-25.0,223642,0.5686
1544,138.77,223919,0.7845
1545,-25.0,223925,0.6912
1546,-25.0,223931,0.7072
1547,-14.37,224431,0.8599
1548,104.18,224666,0.7506
1549,-25.0,224672,0.4864
1550,-25.0,224678,0.6293
1551,143.7,224871,0.8156
1552,-25.0,224877,0.7237
1553,-25.0,224883,0.4989
1554,25.42,225055,0.8672
1555,-25.0,225061,0.605
1556,-25.0,225067,0.6023
1557,21.34,225203,0.6959
1558,-25.0,225209,0.5867
1559,-25.0,225215,0.6236
1560,150.0,225492,0.8872
1561,-25.0,225498,0.6636
1562,-25.0,225504,0.5782
1563,-12.31,226004,0.7371
1564,-46.64,226161,0.6541
1565,-25.0,226167,0.5901
1566,-25.0,226173,0.6336
1567,166.0,226369,0.7238
1568,-25.0,226375,0.79
1569,-25.0,226381,0.6268
1570,-76.23,226881,0.7394
1571,-19.26,227381,0.6105
1572,72.86,227881,0.6231
1573,-43.58,228278,0.6184
1574,-25.0,228284,0.5186
1575,-25.0,228290,0.4415
1576,108.06,228480,0.7138
1577,-25.0,228486,0.5375
1578,-25.0,228492,0.6476
1579,95.34,228934,0.6609
1580,-25.0,228940,0.6221
1581,-25.0,228946,0.5685
1582,92.15,229364,0.6259
1583,-25.0,229370,0.49
1584,-25.0,229376,0.4815
1585,66.65,229551,0.8712
1586,-25.0,229557,0.8809
1587,-25.0,229563,0.5017
1588,-25.46,229867,0.6481
1589,-25.0,229873,0.6012
1590,-25.0,229879,0.5792
1591,86.83,230048,0.7889
1592,-25.0,230054,0.5197
1593,-25.0,230060,0.4216
1594,0.55,230334,0.5733
1595,-25.0,230340,0.5385
1596,-25.0,230346,0.526
1597,-142.34,230494,0.6086
1598,-25.0,230500,0.4284
1599,-146.3,230579,0.5673
1600,-25.0,230585,0.5462
1601,-25.0,230591,0.623
1602,52.47,231091,0.7961
1603,70.76,231230,0.7846
1604,-25.0,231236,0.4651
1605,-25.0,231242,0.6298
1606,68.75,231447,0.634
1607,-25.0,231453,0.4741
1608,-25.0,231459,0.5232
1609,-13.25,231959,0.7252
1610,-3.17,232459,0.7024
1611,-65.77,232959,0.5415
1612,-275.0,233386,0.4913
1613,-25.0,233392,0.4944
1614,-25.0,233398,0.3876
1615,86.86,233834,0.5651
1616,-25.0,233840,0.4631
1617,-25.0,233846,0.526
1618,232.99,234048,0.7172
1619,-25.0,234054,0.6818
1620,-25.0,234060,0.482
1621,-28.13,234499,0.6007
1622,-25.0,234505,0.499
1623,-25.0,234511,0.4605
1624,37.39,235011,0.7121
1625,-245.28,235303,0.6376
1626,-25.0,235309,0.4274
1627,-25.0,235315,0.4445
1628,191.14,235526,0.6437
1629,-25.0,235532,0.5016
1630,-25.0,235538,0.5043
1631,-38.96,235755,0.733
1632,-25.0,235761,0.5451
1633,-25.0,235767,0.7914
1634,36.88,236005,0.7101
1635,-25.0,236011,0.494
1636,-25.0,236017,0.4108
1637,-213.76,236492,0.7267
1638,-25.0,236498,0.5624
1639,-25.0,236504,0.4622
1640,60.02,236724,0.7354
1641,-25.0,236730,0.4905
1642,-25.0,236736,0.6547
1643,47.39,237236,0.6963
1644,-293.86,237612,0.6996
1645,-25.0,237618,0.5085
1646,-25.0,237624,0.4118
1647,242.46,237856,0.5514
1648,-25.0,237862,0.4425
1649,-25.0,237868,0.4531
1650,55.81,237995,0.4868
1651,-25.0,238001,0.5013
1652,-25.0,238007,0.5155
1653,58.21,238507,0.549
1654,-117.23,239007,0.5198
1655,17.32,239236,0.6388
1656,-25.0,239242,0.6158
1657,-25.0,239248,0.6027
1658,-30.77,239735,0.6753
1659,-25.0,239741,0.5692
1660,-25.0,239747,0.6332
1661,41.69,240247,0.6215
1662,-70.44,240747,0.7539
1663,102.84,241153,0.6891
1664,-25.0,241159,0.3951
1665,-25.0,241165,0.5242
1666,-57.33,241409,0.6747
1667,-25.0,241415,0.519
1668,-25.0,241421,0.4544
1669,-222.71,241581,0.6633
1670,-25.0,241587,0.518
1671,-25.0,241593,0.559
1672,-56.53,241990,0.4892
1673,-25.0,241996,0.3938
1674,-25.0,242002,0.4318
1675,-8.46,242502,0.5218
1676,116.44,242869,0.5612
1677,-25.0,242875,0.4409
1678,-25.0,242881,0.4686
1679,161.36,243140,0.4844
1680,-25.0,243146,0.4748
1681,-25.0,243152,0.5238
1682,132.89,243348,0.4737
1683,-25.0,243354,0.4965
1684,-25.0,243360,0.4773
1685,53.95,243598,0.4878
1686,-25.0,243604,0.457
1687,-25.0,243610,0.4639
1688,17.18,243800,0.4731
1689,-25.0,243806,0.4612
1690,-25.0,243812,0.4921
1691,-210.28,244312,0.4915
1692,135.96,244319,0.4349
1693,-25.0,244325,0.4376
1694,114.87,244825,0.4813
1695,-51.27,245321,0.5592
1696,-25.0,245327,0.7713
1697,-25.0,245333,0.4786
1698,147.88,245604,0.5062
1699,-25.0,245610,0.4974
1700,-25.0,245616,0.5293
1701,121.3,245797,0.4766
1702,-25.0,245803,0.5126
1703,-25.0,245809,0.4655
1704,56.74,246032,0.4833
1705,-25.0,246038,0.5355
1706,-25.0,246044,0.502
1707,52.53,246276,0.4769
1708,-25.0,246282,0.4765
1709,-25.0,246288,0.4689
1710,84.67,246788,0.5016
1711,-69.33,247155,0.5102
1712,-25.0,247161,0.4266
1713,-25.0,247167,0.4207
1714,-0.46,247612,0.4795
1715,-25.0,247618,0.4549
1716,-25.0,247624,0.4444
1717,101.47,247859,0.4924
1718,-25.0,247865,0.6727
1719,-25.0,247871,0.5054
1720,0.79,248371,0.6321
1721,13.69,248513,0.74
1722,-25.0,248519,0.695
1723,-25.0,248525,1.2672
1724,97.25,249025,0.7684
1725,-217.94,249525,0.7434
1726,45.38,249799,0.6391
1727,-25.0,249805,0.616
1728,-25.0,249811,0.5727
1729,51.85,250311,0.7053
1730,-148.83,250811,0.7518
1731,-5.26,251311,0.714
1732,-20.77,251811,0.8247
1733,-1.39,252311,0.6083
1734,-20.58,252483,0.4942
1735,-25.0,252489,0.498
1736,-25.0,252495,0.4704
1737,165.35,252995,0.6115
1738,-168.17,253495,0.6629
1739,-255.38,253820,1.039
1740,-25.0,253826,1.1604
1741,-25.0,253832,0.7076
1742,201.37,254040,1.0534
1743,-25.0,254046,2.2975
1744,-25.0,254052,0.84
1745,63.86,254341,0.9047
1746,-25.0,254347,0.6378
1747,-25.0,254353,0.824
1748,-122.94,254609,0.9816
1749,-25.0,254615,0.7058
1750,-25.0,254621,0.8378
1751,107.05,255121,1.0225
1752,-133.95,255621,0.8693
1753,119.47,255829,0.6856
1754,-25.0,255835,0.556
1755,-25.0,255841,0.501
1756,68.61,256028,0.6822
1757,-25.0,256034,0.6545
1758,-25.0,256040,0.4325
1759,85.79,256540,0.7222
1760,-162.41,256976,0.732
1761,-25.0,256982,0.4641
1762,-25.0,256988,0.5326
1763,-13.24,257488,0.5985
1764,-150.18,257861,0.6091
1765,-25.0,257867,0.4255
1766,-25.0,257873,0.4907
1767,87.35,258021,0.5846
1768,-25.0,258027,0.4958
1769,-25.0,258033,1.41
1770,141.88,258238,0.6835
1771,-25.0,258244,0.7128
1772,-25.0,258250,0.419
1773,194.65,258413,0.6588
1774,-25.0,258419,0.5076
1775,-25.0,258425,0.5801
1776,174.65,258925,0.6298
1777,-25.1,258931,0.4625
1778,-25.0,258937,0.5162
1779,-127.69,259328,0.6692
1780,-25.0,259334,0.4384
1781,-25.0,259340,0.4438
1782,-66.6,259626,0.906
1783,-25.0,259632,0.7006
1784,-25.0,259638,0.8668
1785,39.09,260138,1.0107
1786,-210.94,260565,0.9996
1787,-25.0,260571,0.8045
1788,-25.0,260577,0.8874
1789,70.81,261077,0.8578
1790,-38.31,261510,0.6188
1791,-25.0,261516,0.4814
1792,-25.0,261522,0.5679
1793,-20.78,261619,0.5838
1794,-25.0,261625,0.5715
1795,-25.0,261631,0.4008
1796,104.67,261974,0.6139
1797,-25.0,261980,0.4758
1798,-25.0,261986,0.5073
1799,67.42,262122,0.6315
1800,-25.0,262128,0.4516
1801,-25.0,262134,0.5691
1802,0.16,262276,0.7242
1803,-25.0,262282,0.485
1804,-25.0,262288,0.4863
1805,56.56,262523,0.6295
1806,-25.0,262529,0.4246
1807,-25.0,262535,0.4191
1808,117.76,262845,0.6738
1809,-25.0,262851,0.5144
1810,-25.0,262857,0.5134
1811,70.38,263047,0.6714
1812,-25.0,263053,0.459
1813,-25.0,263059,0.5876
1814,120.21,263279,0.6193
1815,-25.0,263285,1.4701
1816,-25.0,263291,0.4247
1817,4.27,263547,0.6561
1818,-25.0,263553,0.513
1819,-25.0,263559,0.4691
1820,125.33,264046,0.6489
1821,-25.0,264052,0.4379
1822,-25.0,264058,0.4318
1823,90.98,264410,0.6702
1824,-25.0,264416,0.5099
1825,-25.0,264422,0.5572
1826,10.23,264873,0.4775
1827,-25.0,264879,0.4657
1828,-25.0,264885,0.4976
1829,151.34,265123,0.521
1830,-25.0,265129,0.4559
1831,-25.0,265135,0.4711
1832,-17.24,265484,0.4893
1833,-25.0,265490,0.4404
1834,-25.0,265496,0.4951
1835,148.34,265695,0.5202
1836,-25.0,265701,0.4736
1837,-25.0,265707,0.5065
1838,-0.46,265951,0.5205
1839,-25.0,265957,0.4485
1840,-25.0,265963,0.5031
1841,10.52,266258,0.5189
1842,-25.0,266264,0.5585
1843,-25.0,266270,0.4805
1844,138.63,266577,0.4807
1845,-25.0,266583,0.5188
1846,-25.0,266589,0.5071
1847,81.81,266731,0.4998
1848,-25.0,266737,0.4341
1849,-25.0,266743,0.4559
1850,150.63,266957,0.5951
1851,-25.0,266963,0.4819
1852,-25.0,266969,0.4836
1853,103.4,267469,0.6503
1854,-214.53,267806,0.6536
1855,-25.0,267812,0.5707
1856,-25.0,267818,0.6789
1857,174.02,267999,0.6231
1858,-25.0,268005,0.4231
1859,-25.0,268011,0.4683
1860,94.62,268333,0.6534
1861,-25.0,268339,0.5667
1862,-25.0,268345,0.4913
1863,60.51,268649,0.7109
1864,-134.81,268656,0.4929
1865,-25.0,268662,0.457
1866,-30.18,268975,0.6199
1867,-48.09,268982,0.4187
1868,-24.87,268989,0.6647
1869,95.96,269489,0.6544
1870,-149.48,269989,0.7019
1871,10.48,270489,0.7066
1872,-1.27,270781,0.7632
1873,-25.0,270787,0.5203
1874,-25.0,270793,0.4761
1875,97.2,271293,0.7033
1876,15.94,271522,0.608
1877,-25.0,271528,0.4459
1878,-25.0,271534,0.5301
1879,-47.5,272034,0.6463
1880,73.07,272353,0.7387
1881,-25.0,272359,0.9439
1882,-25.0,272365,0.587
1883,-70.45,272579,0.6071
1884,-25.0,272585,0.5316
1885,-25.0,272591,0.4165
1886,-74.66,272964,0.6479
1887,-25.0,272970,0.4977
1888,-25.0,272976,0.5854
1889,-151.74,273476,0.6838
1890,222.01,273684,0.6201
1891,-25.0,273690,0.4508
1892,-25.0,273696,0.453
1893,4.09,274078,0.695
1894,-25.0,274084,0.4627
1895,-25.0,274090,0.4314
1896,196.19,274343,0.7946
1897,-25.0,274349,0.5118
1898,-25.0,274355,0.4861
1899,135.56,274530,0.7279
1900,-25.0,274536,0.8326
1901,-25.0,274542,0.6954
1902,167.21,274753,0.9719
1903,-25.0,274759,0.6746
1904,-25.0,274765,0.5451
1905,13.24,274901,0.6995
1906,-25.0,274907,0.6938
1907,-25.0,274913,0.6919
1908,-33.43,275238,0.8963
1909,-25.0,275244,0.5435
1910,-25.0,275250,0.6033
1911,51.42,275455,0.8633
1912,-25.0,275461,0.4392
1913,-25.0,275467,0.5534
1914,-9.91,275967,0.6346
1915,-71.9,276467,0.7465
1916,-149.72,276699,0.8342
1917,-25.0,276705,0.6248
1918,-25.0,276711,0.4818
1919,-116.89,276988,0.8139
1920,-25.0,276994,0.5264
1921,-25.0,277000,0.518
1922,-126.25,277184,0.8488
1923,-25.0,277190,0.494
1924,-25.0,277196,1.2012
1925,92.2,277314,0.8285
1926,-25.0,277320,0.5587
1927,-25.0,277326,0.4388
1928,123.94,277609,0.8297
1929,-25.0,277615,0.4968
1930,-25.0,277621,0.4705
1931,-55.29,277757,0.7314
1932,-25.0,277763,0.7598
1933,-25.0,277769,0.5231
1934,-84.81,278016,0.6424
1935,-25.0,278022,0.553
1936,106.06,278521,0.6544
1937,-25.0,278527,0.5844
1938,-25.0,278533,0.5235
1939,200.26,278741,0.7917
1940,-25.0,278747,0.9689
1941,-25.0,278753,0.5966
1942,209.97,278937,0.6225
1943,-25.0,278943,0.6242
1944,-25.0,278949,0.4968
1945,146.15,279127,0.7259
1946,-25.0,279133,0.8862
1947,-25.0,279139,0.4667
1948,-7.43,279377,0.7422
1949,-25.0,279383,0.4221
1950,-25.0,279389,0.4852
1951,122.78,279561,0.7899
1952,-25.0,279567,0.5392
1953,-25.0,279573,0.6376
1954,-14.74,279712,0.6017
1955,-52.04,279719,0.5574
1956,-25.0,279725,0.6301
1957,-69.02,280225,0.7287
1958,233.7,280388,0.6759
1959,-25.0,280394,0.415
1960,-25.0,280400,0.7007
1961,59.57,280584,0.6227
1962,-25.0,280590,0.4104
1963,-25.0,280596,0.544
1964,66.65,280810,0.5977
1965,-25.0,280816,0.5941
1966,-25.0,280822,0.4057
1967,-99.35,281322,0.5578
1968,210.22,281638,0.5472
1969,-25.0,281644,0.5219
1970,-25.0,281650,0.4292
1971,39.95,281858,0.5675
1972,-25.0,281864,0.7378
1973,-25.0,281870,0.4281
1974,-125.82,282054,0.4966
1975,-25.0,282060,0.5385
1976,-25.0,282066,0.4343
1977,-85.06,282217,0.5522
1978,-25.0,282223,0.7895
1979,-25.0,282229,0.5467
1980,12.34,282419,0.5296
1981,-25.0,282425,0.4473
1982,-25.0,282431,0.4032
1983,-1.06,282849,0.5493
1984,-25.0,282855,0.4196
1985,-25.0,282861,0.4831
1986,-122.73,283258,0.5042
1987,-25.0,283264,0.4701
1988,-25.0,283270,0.4728
1989,16.77,283451,0.5258
1990,-25.0,283457,0.4587
1991,-25.0,283463,0.4723
1992,6.05,283963,0.9448
1993,44.44,284267,1.1031
1994,-25.0,284273,0.9444
1995,-25.0,284279,0.5808
1996,47.88,284685,1.1081
1997,-25.0,284691,0.566
1998,-25.0,284697,0.6836
1999,177.78,284854,1.0311
2000,-25.0,284860,0.6453
2001,-25.0,284866,1.0144
2002,-19.97,285071,0.96
2003,-25.0,285077,0.7887
2004,-25.0,285083,0.701
2005,118.72,285318,1.0252
2006,-25.0,285324,0.7349
2007,-25.0,285330,1.1211
2008,53.41,285466,1.1268
2009,-25.0,285472,0.8989
2010,-25.0,285478,0.5951
2011,162.03,285620,1.0027
2012,-25.0,285626,0.878
2013,-25.0,285632,0.7156
2014,-56.0,285855,0.9917
2015,-25.0,285861,0.6175
2016,-25.0,285867,0.8283
2017,-157.72,286123,1.0416
2018,-25.0,286129,0.9439
2019,-25.0,286135,0.6743
2020,11.83,286547,1.0383
2021,-25.0,286553,1.0398
2022,-25.0,286559,0.8162
2023,134.69,287059,1.0445
2024,-174.16,287165,1.0185
2025,-25.0,287171,0.6948
2026,-25.0,287177,0.7628
2027,111.39,287439,1.0191
2028,-25.0,287445,0.9388
2029,-25.0,287451,0.9712
2030,137.97,287779,1.0101
2031,-25.0,287785,0.6528
2032,-25.0,287791,0.6017
2033,-23.87,287942,1.0453
2034,-25.0,287948,0.5622
2035,-25.0,287954,0.6226
2036,-33.27,288454,1.0753
2037,138.85,288731,1.0589
2038,-25.0,288737,0.9315
2039,-25.0,288743,1.01
2040,57.61,288927,0.9985
2041,-25.0,288933,0.6657
2042,-25.0,288939,0.7871
2043,-32.44,289165,1.0352
2044,-25.0,289171,0.6803
2045,-25.0,289177,0.5937
2046,133.02,289298,1.0566
2047,-25.0,289304,0.9122
2048,-25.0,289310,0.938
2049,-11.58,289425,1.0368
2050,-25.0,289431,0.6738
2051,-25.0,289437,0.6349
2052,176.73,289582,1.0633
2053,-25.0,289588,0.8719
2054,-25.0,289594,0.7174
2055,105.56,289709,1.0864
2056,-25.0,289715,0.9023
2057,-25.0,289721,0.9034
2058,168.08,290118,1.0664
2059,-25.0,290124,0.6629
2060,-25.0,290130,0.9687
2061,280.33,290374,1.0482
2062,-25.0,290380,0.6685
2063,-25.0,290386,0.7233
2064,198.43,290531,1.0818
2065,-25.0,290537,0.6442
2066,-25.0,290543,0.4801
2067,-55.29,290718,1.0765
2068,-25.0,290724,0.8382
2069,-25.0,290730,1.6256
2070,150.43,291230,1.1027
2071,-168.75,291468,1.0443
2072,-25.0,291474,0.833
2073,-25.0,291480,0.7552
2074,-41.51,291736,0.6755
2075,-25.0,291742,0.429
2076,-25.0,291748,0.4738
2077,-207.86,292076,0.8312
2078,-25.0,292082,0.5342
2079,-25.0,292088,0.4537
2080,196.34,292278,0.459
2081,-25.0,292284,0.5208
2082,-25.0,292290,0.4424
2083,103.45,292477,0.4554
2084,-25.0,292483,0.4379
2085,-25.0,292489,0.9088
2086,180.73,292787,0.4877
2087,-25.0,292793,0.4908
2088,-25.0,292799,0.6081
2089,-118.18,293022,0.4828
2090,-25.0,293028,0.5253
2091,-25.0,293034,0.4946
2092,206.67,293221,0.4732
2093,-25.0,293227,0.4142
2094,-25.0,293233,0.4763
2095,57.33,293606,0.4601
2096,-25.0,293612,0.4378
2097,-25.0,293618,0.3694
2098,-84.14,293781,0.4018
2099,-25.0,293787,0.4498
2100,-25.0,293793,0.414
2101,79.36,294250,0.4257
2102,-25.0,294256,0.4078
2103,-25.0,294262,0.3798
2104,159.23,294503,0.488
2105,-25.0,294509,0.4606
2106,-25.0,294515,0.424
2107,169.24,294870,0.4753
2108,-25.0,294876,0.4157
2109,-25.0,294882,0.4469
2110,55.67,295093,0.5017
2111,-25.0,295099,0.4459
2112,-25.0,295105,0.4763
2113,84.27,295340,0.4346
2114,-25.0,295346,0.4247
2115,-25.0,295352,0.5358
2116,-145.36,295503,0.4306
2117,-25.0,295509,0.4186
2118,-25.0,295515,0.6745
2119,165.22,295984,0.445
2120,-25.0,295990,0.5322
2121,-25.0,295996,2.6508
2122,149.15,296165,0.5447
2123,-25.0,296171,0.4266
2124,-25.0,296177,0.4371
2125,124.13,296322,0.437
2126,-25.0,296328,0.4652
2127,-25.0,296334,0.4251
2128,210.5,296506,0.4345
2129,-25.0,296512,0.5357
2130,-25.0,296518,0.4156
2131,171.94,296729,0.4318
2132,-25.0,296735,0.5091
2133,-25.0,296741,0.4755
2134,213.52,296931,0.4257
2135,-25.0,296937,0.402
2136,-25.0,296943,0.4457
2137,233.02,297136,0.4502
2138,-25.0,297142,0.4097
2139,-25.0,297148,0.4445
2140,34.21,297584,0.4503
2141,-25.0,297590,0.4366
2142,-25.0,297596,0.4248
2143,152.07,297819,0.4178
2144,-25.0,297825,0.4002
2145,-25.0,297831,0.4187
2146,203.42,298009,0.4269
2147,-25.0,298015,0.4572
2148,-25.0,298021,0.5758
2149,38.04,298400,0.4451
2150,-25.0,298406,0.4598
2151,-25.0,298412,0.4797
2152,135.79,298554,0.5075
2153,-25.0,298560,0.4095
2154,-25.0,298566,0.6123
2155,206.66,298756,0.4526
2156,-25.0,298762,0.4004
2157,-25.0,298768,0.4324
2158,-110.72,299078,0.4784
2159,-25.0,299084,0.5139
2160,-25.0,299090,0.4079
2161,42.39,299220,0.4464
2162,-25.1,299226,0.501
2163,-25.0,299232,0.4741
2164,26.32,299732,0.4822
2165,-330.11,300150,0.465
2166,-25.0,300156,0.4045
2167,-25.0,300162,0.4565
2168,-121.04,300662,0.4631
2169,144.19,301162,0.46
2170,-19.22,301436,0.4522
2171,-25.0,301442,0.4384
2172,-25.0,301448,0.6043
2173,232.24,301659,0.4681
2174,-25.0,301665,0.4189
2175,-25.0,301671,0.5391
2176,14.34,301909,0.4911
2177,-25.0,301915,0.4592
2178,-25.0,301921,0.3908
2179,-103.82,302156,0.4551
2180,-25.0,302162,0.4689
2181,-25.0,302168,0.3855
2182,151.98,302454,0.4649
2183,-25.0,302460,0.5327
2184,-25.0,302466,1.0675
2185,-154.51,302617,0.4131
2186,-25.0,302623,0.4798
2187,-25.0,302629,0.4507
2188,88.8,302966,0.4504
2189,-25.0,302972,0.6434
2190,-25.0,302978,0.5308
2191,-150.8,303174,0.4446
2192,-25.0,303180,0.4678
2193,-25.0,303186,0.4163
2194,187.84,303343,0.444
2195,-25.0,303349,0.4889
2196,-25.0,303355,0.4248
2197,100.69,303689,0.4381
2198,-25.0,303695,0.4324
2199,-25.0,303701,0.5391
2200,-189.31,304143,0.4864
2201,-25.0,304149,0.4517
2202,-25.0,304155,0.4537
2203,36.85,304513,0.4155
2204,-25.0,304519,1.0778
2205,-25.0,304525,0.4125
2206,41.38,305025,0.4337
2207,-79.08,305176,0.4428
2208,-25.0,305182,0.5614
2209,-25.0,305188,0.4332
2210,-72.86,305426,0.4874
2211,-25.0,305432,0.4424
2212,-25.0,305438,0.3824
2213,53.72,305601,0.4635
2214,-25.0,305607,0.4639
2215,-25.0,305613,0.4928
2216,207.0,305770,0.5108
2217,-25.0,305776,0.4681
2218,-25.0,305782,0.4793
2219,115.25,306044,0.501
2220,-25.0,306050,0.4597
2221,-25.0,306056,0.4239
2222,-84.83,306279,0.4185
2223,-25.0,306285,0.4707
2224,-25.0,306291,0.4154
2225,147.12,306493,0.4636
2226,-25.0,306499,0.5874
2227,-25.0,306505,0.4209
2228,206.45,307005,0.4724
2229,-444.62,307138,0.4723
2230,-25.0,307144,0.4366
2231,-25.0,307150,0.4983
2232,112.43,307277,0.4803
2233,-25.0,307283,0.5535
2234,-25.0,307289,0.4267
2235,-54.41,307572,0.47
2236,-25.0,307578,0.4402
2237,-25.0,307584,0.3971
2238,-84.17,307831,0.451
2239,-25.0,307837,0.4899
2240,-25.0,307843,0.4922
2241,154.11,308297,0.4751
2242,-25.0,308303,0.4494
2243,-25.0,308309,0.406
2244,237.97,308544,0.4582
2245,-25.0,308550,0.5191
2246,-25.0,308556,0.6245
2247,-41.49,309056,0.5143
2248,-133.35,309168,0.4594
2249,-25.0,309174,0.5482
2250,-25.0,309180,0.418
2251,89.55,309469,0.4336
2252,-25.0,309475,0.5363
2253,-25.0,309481,0.4848
2254,67.89,309926,0.4418
2255,-25.0,309932,0.3873
2256,-25.0,309938,0.4186
2257,178.46,310110,0.4251
2258,-25.0,310116,0.4727
2259,-25.0,310122,0.5142
2260,191.61,310486,0.4474
2261,-25.0,310492,0.4387
2262,-25.0,310498,0.4782
2263,-116.92,310769,0.5544
2264,-25.0,310775,0.402
2265,-25.0,310781,0.5323
2266,202.21,311070,0.5438
2267,-25.0,311076,0.478
2268,-25.0,311082,0.3873
2269,2.07,311582,0.5953
2270,-2.46,311712,0.5161
2271,-25.0,311718,0.4618
2272,-25.0,311724,0.651
2273,-105.08,311953,0.5879
2274,-25.0,311959,0.7232
2275,-25.0,311965,0.4813
2276,-159.85,312104,0.4735
2277,-25.0,312110,0.4124
2278,-25.0,312116,0.4216
2279,84.2,312616,0.4602
2280,-22.29,313055,0.4359
2281,-25.0,313061,0.4475
2282,-25.0,313067,0.4456
2283,213.26,313419,0.4663
2284,-25.0,313425,0.4449
2285,-25.0,313431,0.3629
2286,-101.23,313579,0.464
2287,-25.0,313585,0.4088
2288,-25.0,313591,0.6571
2289,151.58,313952,0.4671
2290,-25.0,313958,0.4918
2291,-25.0,313964,0.4676
2292,-60.15,314325,0.4717
2293,-25.0,314331,0.4481
2294,-25.0,314337,0.5004
2295,1.82,314837,0.452
2296,-25.6,314982,0.4874
2297,-25.0,314988,0.4313
2298,-25.0,314994,0.4029
2299,95.84,315292,0.4482
2300,-25.0,315298,0.4257
2301,-25.0,315304,0.4129
2302,211.46,315704,0.4319
2303,-25.0,315710,0.4252
2304,-25.0,315716,0.4551
2305,-189.9,315894,0.4752
2306,-25.0,315900,0.4249
2307,-25.0,315906,0.4988
2308,-87.55,316183,0.4792
2309,-25.0,316189,0.5388
2310,-25.0,316195,0.4298
2311,-49.03,316695,0.4556
2312,110.09,316894,0.4441
2313,-25.0,316900,0.447
2314,-25.0,316906,0.442
2315,88.25,317084,0.4565
2316,-25.0,317090,0.5053
2317,-25.0,317096,0.4059
2318,74.59,317596,0.4501
2319,-34.64,318041,0.4258
2320,-25.0,318047,0.4717
2321,-25.0,318053,0.4958
2322,85.51,318183,0.4161
2323,-25.0,318189,0.4919
2324,-25.0,318195,0.5562
2325,-138.67,318328,0.4419
2326,-25.0,318334,0.4134
2327,-25.0,318340,0.3887
2328,-144.17,318840,0.4288
2329,-98.89,319219,0.4353
2330,-25.0,319225,0.3754
2331,-25.0,319231,0.4089
2332,79.31,319385,0.434
2333,-25.0,319391,0.4874
2334,-25.0,319397,0.4345
2335,112.16,319575,0.4437
2336,-25.0,319581,0.4617
2337,-25.0,319587,0.4319
2338,-45.76,320087,0.4382
2339,18.01,320238,0.4483
2340,-25.0,320244,0.4423
2341,-25.0,320250,0.4688
2342,118.51,320419,0.4348
2343,-25.0,320425,0.4143
2344,-25.0,320431,0.3816
2345,206.69,320651,0.4461
2346,-25.0,320657,0.4699
2347,-25.0,320663,0.4411
2348,-145.91,321163,0.4429
2349,202.58,321383,0.4358
2350,-25.0,321389,0.4432
2351,-25.0,321395,0.4577
2352,-121.11,321498,0.4453
2353,-25.0,321504,0.4361
2354,-25.0,321510,0.5065
2355,155.14,321688,0.4472
2356,-25.0,321694,0.5484
2357,-25.0,321700,0.3751
2358,48.32,321980,0.4277
2359,-25.0,321986,0.4386
2360,-25.0,321992,0.4542
2361,-175.38,322492,0.4477
2362,392.54,322721,0.4536
2363,-25.0,322727,0.4372
2364,148.89,323025,0.4225
2365,-25.0,323031,0.5318
2366,-25.0,323037,0.5929
2367,190.35,323537,0.4373
2368,-175.64,323865,0.4965
2369,-25.0,323871,0.5145
2370,-25.0,323877,0.5975
2371,51.43,324370,0.4657
2372,-25.0,324376,0.4467
2373,-25.0,324382,0.4846
2374,247.73,324596,0.4198
2375,-25.0,324602,0.4924
2376,-25.0,324608,0.4298
2377,-117.87,324948,0.4572
2378,-25.0,324954,0.45
2379,-25.0,324960,0.4641
2380,28.19,325132,0.4623
2381,-25.0,325138,0.4507
2382,-25.0,325144,0.4422
2383,-38.89,325644,0.4737
2384,-79.9,325765,0.4484
2385,-25.0,325771,0.4263
2386,-25.0,325777,0.477
2387,157.28,326081,0.4512
2388,-25.0,326087,0.4317
2389,-25.0,326093,0.5048
2390,249.67,326583,0.505
2391,-25.0,326589,0.4611
2392,-25.0,326595,0.4313
2393,85.44,327043,0.4683
2394,-25.0,327049,0.4593
2395,-25.0,327055,0.5573
2396,64.22,327317,0.4543
2397,-25.0,327323,0.3923
2398,-25.0,327329,0.5335
2399,-26.08,327495,0.4264
2400,-25.0,327501,0.3586
2401,-25.0,327507,0.3591
2402,-147.19,327898,0.4058
2403,-25.0,327904,0.4111
2404,-25.0,327910,0.4934
2405,-51.24,328019,0.4856
2406,-25.0,328025,0.5992
2407,-25.0,328031,0.6291
2408,-91.65,328531,0.4482
2409,47.04,328832,0.4559
2410,-25.0,328838,0.4562
2411,-25.0,328844,0.4371
2412,40.14,329112,0.4524
2413,-25.0,329118,0.4421
2414,-25.0,329124,0.4569
2415,-100.58,329491,0.4363
2416,-25.0,329497,0.4419
2417,-25.0,329503,0.375
2418,172.69,330003,0.4375
2419,-25.0,330009,0.4164
2420,-25.0,330015,0.4402
2421,25.0,330496,0.451
2422,-25.0,330502,0.4285
2423,-25.0,330508,0.4867
2424,164.49,331008,0.435
2425,-39.11,331429,0.4423
2426,-25.0,331435,0.4811
2427,-25.0,331441,0.4262
2428,252.59,331655,0.4845
2429,-25.0,331661,0.3885
2430,-25.0,331667,0.3996
2431,83.68,331827,0.4385
2432,-25.0,331833,0.4493
2433,-25.0,331839,0.4548
2434,-156.68,331924,0.4505
2435,-25.0,331930,0.4856
2436,-25.0,331936,0.4491
2437,165.76,332264,0.4689
2438,-25.0,332270,0.4688
2439,-25.0,332276,0.8897
2440,12.35,332776,0.4524
2441,-85.81,333266,0.4756
2442,-25.0,333272,0.4013
2443,-25.0,333278,0.4541
2444,89.88,333423,0.4202
2445,-25.0,333429,0.4208
2446,-25.0,333435,0.4
2447,-156.73,333652,0.3989
2448,-25.0,333658,0.4292
2449,-25.0,333664,0.4108
2450,-142.55,333998,0.3879
2451,-25.0,334004,0.4338
2452,-25.0,334010,0.3931
2453,278.39,334296,0.4125
2454,-25.0,334302,0.4502
2455,-25.0,334308,0.4439
2456,-197.82,334801,0.4105
2457,-25.0,334807,0.5892
2458,-25.0,334813,1.1354
2459,62.53,335057,0.4458
2460,-25.0,335063,0.4051
2461,-25.0,335069,0.5066
2462,242.24,335289,0.4143
2463,-25.0,335295,0.3984
2464,-25.0,335301,0.4404
2465,54.63,335641,0.4105
2466,-25.0,335647,0.4056
2467,-25.0,335653,0.4022
2468,95.21,335810,0.4042
2469,-25.0,335816,0.3759
2470,-25.0,335822,0.48
2471,186.42,336012,0.4068
2472,-25.0,336018,0.6454
2473,-25.0,336024,0.4776
2474,-34.48,336373,0.4239
2475,-25.0,336379,0.4599
2476,-25.0,336385,0.4424
2477,191.19,336626,0.4241
2478,-25.0,336632,0.5118
2479,-25.0,336638,0.5447
2480,-143.99,336978,0.5064
2481,-25.0,336984,0.5422
2482,-25.0,336990,0.5343
2483,81.62,337306,0.5048
2484,-25.0,337312,0.4594
2485,-25.0,337318,0.3923
2486,114.67,337448,0.5782
2487,-25.0,337454,1.0238
2488,-25.0,337460,0.7573
2489,128.76,337869,0.509
2490,-25.0,337875,0.6402
2491,-25.0,337881,0.4897
2492,202.27,338050,0.4825
2493,-25.0,338056,0.4394
2494,-25.0,338062,1.5484
2495,-1.98,338414,0.4677
2496,-25.0,338420,0.5305
2497,-25.0,338426,0.6568
2498,154.55,338592,0.4651
2499,-25.0,338598,0.4423
2500,-25.0,338604,0.4403
2501,101.47,338728,0.4535
2502,-25.0,338734,0.4658
2503,-25.0,338740,0.4532
2504,91.81,338915,0.4746
2505,-25.0,338921,0.4752
2506,-25.0,338927,0.4709
2507,-15.16,339087,0.4485
2508,-25.0,339093,0.4516
2509,-25.0,339099,0.5543
2510,212.6,339367,0.4467
2511,-25.0,339373,0.4222
2512,-25.0,339379,0.6562
2513,-161.05,339551,0.4744
2514,-25.0,339557,0.4011
2515,-25.0,339563,0.4493
2516,-95.66,339744,0.4998
2517,-25.0,339750,0.6846
2518,-25.0,339756,0.4164
2519,94.6,339964,0.4682
2520,-25.0,339970,0.4294
2521,-25.0,339976,0.4904
2522,118.16,340097,0.438
2523,-25.0,340103,0.4802
2524,-25.0,340109,0.4547
2525,164.6,340248,0.4663
2526,-25.0,340254,0.4571
2527,-25.0,340260,0.4258
2528,36.99,340441,0.4526
2529,-25.0,340447,0.4514
2530,-25.0,340453,0.4544
2531,83.52,340607,0.4732
2532,-25.0,340613,0.4756
2533,-25.0,340619,0.4478
2534,62.34,340878,0.4618
2535,-25.0,340884,0.4205
2536,-25.0,340890,0.3565
2537,57.87,340999,0.4439
2538,-25.0,341005,0.4836
2539,-25.0,341011,0.5437
2540,93.26,341132,0.4852
2541,-25.0,341138,0.3945
2542,-25.0,341144,0.4456
2543,-42.0,341331,0.4604
2544,-25.0,341337,0.4817
2545,-25.0,341343,0.5605
2546,-16.24,341843,0.4645
2547,-222.23,342273,0.4624
2548,-25.0,342279,0.4589
2549,-25.0,342285,0.4441
2550,-122.14,342785,0.469
2551,-30.23,343285,0.4545
2552,180.42,343694,0.4787
2553,-25.0,343700,0.4794
2554,-25.0,343706,0.4653
2555,68.04,343899,0.489
2556,-25.0,343905,0.6759
2557,-25.0,343911,0.4684
2558,106.37,344371,0.4893
2559,-25.0,344377,0.495
2560,-25.0,344383,0.4743
2561,-181.56,344627,0.5022
2562,-25.0,344633,0.5076
2563,-25.0,344639,1.2504
2564,62.01,344961,0.5118
2565,-25.0,344967,0.4608
2566,-25.0,344973,0.4787
2567,90.3,345139,0.4714
2568,-25.0,345145,0.4427
2569,-25.0,345151,0.4315
2570,78.37,345290,0.4949
2571,-25.0,345296,0.4549
2572,-25.0,345302,0.4539
2573,164.54,345648,0.5003
2574,-25.0,345654,0.4954
2575,-25.0,345660,0.4694
2576,-5.75,346132,0.4658
2577,-25.0,346138,0.5205
2578,-25.0,346144,0.4244
2579,21.69,346352,0.4658
2580,-25.0,346358,0.411
2581,-25.0,346364,0.4997
2582,96.75,346641,0.4615
2583,-25.0,346647,0.4002
2584,-25.0,346653,0.4125
2585,-153.6,346786,0.4659
2586,-25.0,346792,0.4194
2587,-25.0,346798,0.6918
2588,93.29,346937,0.4672
2589,-25.0,346943,0.4278
2590,-25.0,346949,0.4784
2591,-115.75,347139,0.4644
2592,-25.0,347145,0.534
2593,-25.0,347151,1.3971
2594,123.8,347293,0.4437
2595,-25.0,347299,0.5897
2596,-25.0,347305,0.4277
2597,-54.17,347805,0.4373
2598,219.57,348277,0.4483
2599,-25.0,348283,0.3909
2600,-25.0,348289,0.4079
2601,249.07,348710,0.4398
2602,-25.0,348716,0.4545
2603,74.78,349002,0.4327
2604,-25.0,349008,0.5046
2605,-25.0,349014,0.4283
2606,-132.82,349180,0.4495
2607,-25.0,349186,0.4019
2608,-25.0,349192,0.4434
2609,100.77,349403,0.4782
2610,-25.0,349409,0.461
2611,-25.0,349415,0.6901
2612,-80.12,349791,0.4593
2613,-25.0,349797,0.4787
2614,-25.0,349803,0.4665
2615,-77.99,349927,0.4512
2616,-25.0,349933,0.427
2617,-25.0,349939,0.4365
2618,20.23,350439,0.4544
2619,138.85,350821,0.4406
2620,-25.0,350827,0.4815
2621,-25.0,350833,0.545
2622,-148.03,351296,0.4667
2623,-25.0,351302,0.388
2624,-25.0,351308,0.4772
2625,170.18,351808,0.4758
2626,-25.1,351814,0.4645
2627,-25.0,351820,0.4086
2628,113.63,352010,0.4689
2629,-25.0,352016,0.4982
2630,-25.0,352022,0.4137
2631,176.89,352236,0.4601
2632,-25.0,352242,0.4526
2633,-25.0,352248,0.5134
2634,-181.37,352693,0.5112
2635,-25.0,352699,0.6525
2636,-25.0,352705,0.4667
2637,25.98,353123,0.558
2638,-25.0,353129,0.6755
2639,-25.0,353135,0.5232
2640,20.66,353529,0.5581
2641,-25.0,353535,0.5415
2642,-25.0,353541,1.1856
2643,182.5,353749,0.5964
2644,-25.0,353755,0.3996
2645,-25.0,353761,0.4824
2646,63.18,354179,0.5296
2647,-25.0,354185,2.0142
2648,-25.0,354191,0.7602
2649,200.08,354336,0.6286
2650,-25.0,354342,0.5319
2651,-25.0,354348,0.5426
2652,-58.81,354628,0.5632
2653,-25.0,354634,0.506
2654,-25.0,354640,0.7597
2655,44.65,355140,0.5926
2656,-264.49,355378,1.1142
2657,-25.0,355384,0.8074
2658,-25.0,355390,1.1699
2659,-68.49,355637,0.9705
2660,-25.1,355643,1.1116
2661,147.75,355770,0.9417
2662,-25.0,355776,0.5976
2663,-25.0,355782,0.3941
2664,122.32,355933,0.5961
2665,-25.0,355939,0.5448
2666,-25.0,355945,1.3021
2667,173.11,356108,0.5231
2668,-25.0,356114,0.439
2669,-25.0,356120,0.5534
2670,-12.33,356325,0.5149
2671,-25.0,356331,0.4503
2672,-25.0,356337,0.4844
2673,81.71,356575,0.5123
2674,-25.0,356581,0.4592
2675,-25.0,356587,0.4084
2676,-168.95,356744,0.4773
2677,-25.0,356750,0.4655
2678,-25.0,356756,0.4383
2679,1.38,356880,0.5424
2680,-25.0,356886,0.5233
2681,-25.0,356892,0.4246
2682,-147.11,357022,0.5389
2683,-25.0,357028,0.5186
2684,-25.0,357034,0.4701
2685,119.05,357170,0.4933
2686,-25.0,357176,0.4144
2687,-25.0,357182,0.5957
2688,-164.3,357381,0.6097
2689,-25.0,357387,0.4541
2690,-25.0,357393,0.4301
2691,77.01,357553,0.6067
2692,-25.0,357559,0.4181
2693,-25.0,357565,0.4612
2694,95.19,357692,0.5907
2695,-25.0,357698,0.694
2696,-25.0,357704,0.7088
2697,121.77,357924,0.6852
2698,-25.0,357930,0.4425
2699,-25.0,357936,0.6168
2700,288.66,358222,0.5134
2701,-25.0,358228,0.4592
2702,-25.0,358234,0.4506
2703,21.99,358733,0.5649
2704,-25.0,358739,0.5165
2705,-25.0,358745,0.4492
2706,30.55,359079,0.7053
2707,-25.0,359085,0.4353
2708,-25.0,359091,0.4007
2709,143.59,359230,0.5133
2710,-25.0,359236,0.5325
2711,-25.0,359242,0.706
2712,-41.4,359417,0.5861
2713,-25.0,359423,0.4336
2714,-25.0,359429,0.4881
2715,142.76,359589,0.4648
2716,-25.1,359595,0.4172
2717,-25.0,359601,0.6046
2718,55.95,360088,0.4408
2719,-25.0,360094,0.4227
2720,-25.0,360100,0.434
2721,99.45,360227,0.4408
2722,-25.0,360233,0.3882
2723,-25.0,360239,0.3786
2724,120.73,360399,0.4741
2725,-25.0,360405,0.3927
2726,-25.0,360411,0.4726
2727,66.14,360763,0.4452
2728,-25.0,360769,0.4902
2729,-25.0,360775,0.4366
2730,126.02,360941,0.4546
2731,-25.0,360947,0.3973
2732,-25.0,360953,0.4481
2733,139.72,361383,0.471
2734,-25.0,361389,0.4866
2735,-25.0,361395,0.5262
2736,117.96,361885,0.48
2737,-25.0,361891,0.3928
2738,-25.0,361897,0.5522
2739,134.57,362051,0.5031
2740,-25.0,362057,0.4457
2741,-25.0,362063,0.4257
2742,17.54,362244,0.4883
2743,-25.0,362250,0.5156
2744,-25.0,362256,0.4627
2745,91.97,362377,0.4435
2746,-25.0,362383,0.3821
2747,-25.0,362389,0.4815
2748,55.28,362876,0.4863
2749,-25.0,362882,0.4663
2750,-25.0,362888,0.474
2751,123.25,363009,0.4913
2752,-25.0,363015,0.3864
2753,-25.0,363021,0.5187
2754,5.28,363521,0.495
2755,-68.75,363642,0.4293
2756,-25.0,363648,0.5078
2757,-25.0,363654,0.397
2758,-41.83,363916,0.5657
2759,-25.0,363922,0.6377
2760,-25.0,363928,0.5662
2761,-1.89,364076,0.5237
2762,-25.0,364082,0.4064
2763,-25.0,364088,0.5251
2764,-161.09,364392,0.5059
2765,-25.0,364398,0.4408
2766,-25.0,364404,0.4968
2767,53.04,364904,0.5322
2768,-269.14,365109,0.4979
2769,-25.0,365115,0.4972
2770,-25.0,365121,0.4936
2771,-82.47,365449,0.5218
2772,-25.0,365455,0.6012
2773,-25.0,365461,0.5385
2774,75.1,365720,0.4727
2775,-25.0,365726,0.5055
2776,-25.0,365732,0.5107
2777,-34.1,366156,0.5436
2778,-25.0,366162,0.4385
2779,-25.0,366168,0.5237
2780,125.0,366331,0.5053
2781,-25.0,366337,0.5141
2782,-25.0,366343,0.441
2783,39.2,366557,0.5315
2784,-25.0,366563,0.5144
2785,-25.0,366569,0.4128
2786,46.13,366966,0.5359
2787,-25.0,366972,0.4889
2788,-25.0,366978,0.5198
2789,-193.79,367237,0.5248
2790,-25.0,367243,0.4769
2791,-25.0,367249,0.4088
2792,100.21,367397,0.5624
2793,-25.0,367403,0.4699
2794,-25.0,367409,0.4446
2795,40.95,367578,0.579
2796,-25.0,367584,0.5098
2797,-25.0,367590,0.5238
2798,54.22,367783,0.5066
2799,-25.0,367789,0.3704
2800,-25.0,367795,0.595
2801,513.08,368088,0.504
2802,-47.93,368254,0.5308
2803,-25.0,368260,0.5718
2804,-25.0,368266,0.4933
2805,100.86,368417,0.5143
2806,-25.0,368423,0.4103
2807,-25.0,368429,0.4604
2808,67.31,368583,0.4928
2809,-25.0,368589,0.4027
2810,-25.0,368595,0.5934
2811,-88.92,369095,0.5027
2812,-122.14,369555,0.5497
2813,-25.0,369561,0.5573
2814,-25.0,369567,0.5056
2815,143.94,369748,0.54
2816,-25.0,369754,0.5
2817,-25.0,369760,0.5244
2818,-186.8,370034,0.5184
2819,64.28,370338,0.4907
2820,-25.0,370344,0.4321
2821,-25.0,370350,0.5257
2822,60.43,370850,0.5241
2823,-108.55,371112,0.5328
2824,-25.0,371118,0.5036
2825,-25.0,371124,0.4955
2826,80.34,371257,0.5192
2827,-25.0,371263,0.4548
2828,-25.0,371269,0.4424
2829,-122.86,371648,0.5335
2830,-25.0,371654,0.435
2831,-25.0,371660,0.4988
2832,20.1,371874,0.517
2833,-25.0,371880,0.4548
2834,-25.0,371886,0.4265
2835,226.84,372082,0.5021
2836,-25.0,372088,0.5233
2837,-25.0,372094,0.4068
2838,21.91,372263,0.5133
2839,-25.0,372269,0.4734
2840,-25.0,372275,0.365
2841,16.67,372498,0.471
2842,-25.0,372504,0.4858
2843,-25.0,372510,0.476
2844,96.15,372625,0.4975
2845,-25.0,372631,0.4493
2846,-25.0,372637,0.4485
2847,-160.47,372794,0.5199
2848,-25.0,372800,0.5432
2849,-25.0,372806,0.6049
2850,45.08,372942,0.4651
2851,-25.0,372948,0.4975
2852,-25.0,372954,0.4945
2853,-152.1,373123,0.4724
2854,-25.0,373129,0.5213
2855,-25.0,373135,0.4418
2856,160.51,373298,0.5456
2857,-25.0,373304,0.4973
2858,-25.0,373310,0.488
2859,-111.93,373638,0.5423
2860,-25.0,373644,0.4443
2861,-25.0,373650,0.4178
2862,79.82,373807,0.5113
2863,-25.0,373813,0.5668
2864,-25.0,373819,0.6093
2865,16.16,374024,0.5197
2866,-25.0,374030,0.3642
2867,-25.0,374036,0.4523
2868,154.32,374232,0.5204
2869,-25.0,374238,0.4317
2870,-25.0,374244,0.5103
2871,-127.39,374473,0.5166
2872,-25.0,374479,0.5032
2873,-25.0,374485,0.4617
2874,-98.5,374816,0.54
2875,-25.0,374822,0.5076
2876,-25.0,374828,0.6589
2877,108.55,375030,0.496
2878,-25.0,375036,0.5334
2879,-25.0,375042,0.4692
2880,109.31,375241,0.4913
2881,-25.0,375247,0.5615
2882,-25.0,375253,0.4679
2883,135.49,375398,0.4918
2884,-25.0,375404,0.6288
2885,-25.0,375410,0.5574
2886,89.67,375555,0.5655
2887,-25.0,375561,0.4532
2888,-25.0,375567,0.511
2889,9.97,376067,0.5181
2890,25.32,376194,0.5393
2891,-25.0,376200,0.4641
2892,-25.0,376206,0.4602
2893,23.56,376531,0.5286
2894,-25.0,376537,0.4766
2895,-25.0,376543,0.48
2896,143.97,376682,0.5303
2897,-25.0,376688,0.4267
2898,-25.0,376694,0.4163
2899,-69.44,376926,0.5466
2900,-25.0,376932,0.5396
2901,-25.0,376938,0.5291
2902,125.64,377086,0.5549
2903,-25.0,377092,0.4846
2904,-25.0,377098,0.5673
2905,-11.83,377462,0.555
2906,-25.0,377468,0.4184
2907,-25.0,377474,0.4962
2908,-4.85,377727,0.5352
2909,-25.0,377733,0.4596
2910,-25.0,377739,0.4146
2911,8.2,378013,0.5173
2912,-25.0,378019,0.4266
2913,-25.0,378025,0.4599
2914,164.44,378215,0.5328
2915,-25.0,378221,0.4094
2916,-25.0,378227,0.4443
2917,80.77,378363,0.5213
2918,-25.0,378369,0.5645
2919,-25.0,378375,0.5825
2920,-117.09,378875,0.5223
2921,-25.65,379375,0.521
2922,59.29,379838,0.5352
2923,-25.0,379844,0.4156
2924,-25.0,379850,0.4556
2925,-52.34,380350,0.5324
2926,168.62,380528,0.4952
2927,-25.0,380534,0.3593
2928,-25.0,380540,0.441
2929,77.26,380982,0.5336
2930,-25.0,380988,0.4073
2931,-25.0,380994,0.5423
2932,147.19,381148,0.4499
2933,-25.0,381154,0.5531
2934,-25.0,381160,0.5155
2935,111.99,381284,0.5944
2936,-25.0,381290,0.4201
2937,-25.0,381296,0.4806
2938,123.45,381441,0.4365
2939,-25.0,381447,0.3959
2940,-25.0,381453,0.4443
2941,-124.48,381646,0.504
2942,-25.0,381652,0.4972
2943,-25.0,381658,0.3992
2944,-82.34,382158,0.5059
2945,7.27,382165,0.561
2946,-25.0,382171,0.5472
2947,135.27,382478,0.5413
2948,-25.0,382484,0.5947
2949,-25.0,382490,0.4887
2950,76.79,382635,0.5741
2951,-25.0,382641,0.5791
2952,-25.0,382647,0.533
2953,37.05,383146,0.5056
2954,-25.0,383152,0.4112
2955,-25.0,383158,0.5409
2956,-10.22,383579,0.5179
2957,-25.0,383585,0.5523
2958,-25.0,383591,0.5089
2959,161.55,383913,0.5424
2960,-25.0,383919,0.4866
2961,-25.0,383925,0.4057
2962,23.08,384049,0.593
2963,-25.0,384055,0.4259
2964,-25.0,384061,0.5312
2965,68.42,384561,0.535
2966,-223.85,384778,0.5535
2967,-25.0,384784,0.5798
2968,-25.0,384790,0.668
2969,92.71,384989,0.5058
2970,-25.0,384995,0.4752
2971,-25.0,385001,0.58
2972,84.82,385209,0.4979
2973,-25.0,385215,0.5897
2974,-25.0,385221,0.5414
2975,43.59,385721,0.5353
2976,-24.67,386221,0.5575
2977,-266.15,386721,0.5581
2978,173.14,386914,0.5522
2979,-25.0,386920,0.5446
2980,-25.0,386926,0.7113
2981,150.57,387146,0.481
2982,-25.0,387152,0.4609
2983,-25.0,387158,0.3636
2984,73.48,387393,0.5413
2985,-25.0,387399,0.5086
2986,-25.0,387405,0.5121
2987,173.24,387646,0.4833
2988,-25.0,387652,0.4282
2989,-25.0,387658,0.5494
2990,5.96,388016,0.5477
2991,-25.0,388022,0.5051
2992,-25.0,388028,0.4663
2993,111.36,388197,0.5131
2994,-25.0,388203,0.511
2995,-25.0,388209,0.5216
2996,86.53,388477,0.4783
2997,-25.0,388483,0.5292
2998,-25.0,388489,0.5245
2999,43.21,388745,0.541
3000,-25.0,388751,0.5177
3001,-25.0,388757,0.4559
3002,210.5,388911,0.5053
3003,-25.0,388917,0.5267
3004,-25.0,388923,0.4727
3005,-70.23,389423,0.5033
3006,103.24,389676,0.5085
3007,-25.0,389682,0.483
3008,-25.0,389688,0.5155
3009,189.0,390157,0.5091
3010,-25.0,390163,0.4058
3011,-25.0,390169,0.3804
3012,96.61,390371,0.5224
3013,-25.0,390377,0.5553
3014,-25.0,390383,0.606
3015,182.85,390666,0.5582
3016,-25.0,390672,0.4577
3017,-25.0,390678,0.4192
3018,131.77,390877,0.5366
3019,-25.0,390883,0.4597
3020,-25.0,390889,0.4779
3021,127.85,391190,0.6003
3022,-25.0,391196,0.4696
3023,-25.0,391202,0.4995
3024,204.77,391485,0.562
3025,-25.0,391491,0.474
3026,-25.0,391497,0.5328
3027,45.62,391813,0.5105
3028,-33.65,391988,0.5074
3029,-25.0,391994,0.4346
3030,-25.0,392000,0.4467
3031,50.94,392250,0.531
3032,-25.0,392256,0.4361
3033,-25.0,392262,0.4064
3034,83.04,392416,0.5248
3035,-25.0,392422,0.505
3036,-25.0,392428,0.5109
3037,-181.2,392543,0.4413
3038,-25.0,392549,0.518
3039,-25.0,392555,0.456
3040,77.31,392736,0.5303
3041,-25.0,392742,0.4948
3042,-25.0,392748,0.5332
3043,0.12,393248,0.555
3044,104.93,393546,0.5195
3045,-25.0,393552,0.5075
3046,-25.0,393558,0.5641
3047,69.59,393664,0.544
3048,-25.0,393670,0.4394
3049,-25.0,393676,0.5011
3050,45.89,393794,0.5497
3051,-25.0,393800,0.4868
3052,-25.0,393806,0.4172
3053,98.37,394029,0.5286
3054,-25.0,394035,0.5181
3055,-25.0,394041,0.4809
3056,-71.28,394267,0.496
3057,-25.0,394273,0.5177
3058,-25.0,394279,0.4648
3059,45.2,394430,0.5015
3060,-25.0,394436,0.4679
3061,-25.0,394442,0.538
3062,33.0,394758,0.5302
3063,-25.0,394764,0.4069
3064,-25.0,394770,0.4479
3065,149.86,394960,0.5147
3066,-25.0,394966,0.5662
3067,-25.0,394972,0.4402
3068,33.86,395234,0.5271
3069,-109.99,395241,0.571
3070,-25.1,395247,0.4969
3071,-33.67,395539,0.5386
3072,-25.0,395545,0.4617
3073,-25.0,395551,0.5667
3074,-198.96,395861,0.5222
3075,-25.0,395867,0.4369
3076,-25.0,395873,0.4297
3077,219.15,396084,0.5263
3078,-25.0,396090,0.4473
3079,-25.0,396096,0.4366
3080,112.31,396292,0.5246
3081,-25.0,396298,0.406
3082,-25.0,396304,0.539
3083,-71.21,396804,0.5479
3084,133.12,396988,0.5443
3085,-25.0,396994,0.5937
3086,-25.0,397000,0.4623
3087,202.93,397187,0.5509
3088,-25.0,397193,0.4139
3089,-25.0,397199,0.4234
3090,-10.05,397699,0.5163
3091,32.25,397961,0.5241
3092,-25.0,397967,0.6248
3093,-25.0,397973,0.5423
3094,78.15,398130,0.5109
3095,-25.0,398136,0.45
3096,-25.0,398142,0.483
3097,-98.52,398458,0.5554
3098,12.24,398468,0.493
3099,-25.1,398474,0.3884
3100,-15.52,398676,0.5181
3101,-25.0,398682,0.4365
3102,-25.0,398688,0.508
3103,41.77,399031,0.5111
3104,-25.0,399037,0.5402
3105,-25.0,399043,0.5131
3106,130.61,399380,0.5663
3107,-25.0,399386,0.5302
3108,-25.0,399392,0.5878
3109,173.82,399540,0.5913
3110,-25.0,399546,0.5665
3111,-25.0,399552,0.4862
3112,-75.05,399724,0.4745
3113,-25.0,399730,0.4024
3114,-25.0,399736,0.4062
3115,126.24,400236,0.5257
3116,-57.4,400369,0.5358
3117,-25.0,400375,0.5497
3118,-25.0,400381,0.4633
3119,107.71,400556,0.5438
3120,-25.0,400562,0.626
3121,-25.0,400568,0.4953
3122,35.61,400722,0.5226
3123,-25.0,400728,0.4947
3124,-25.0,400734,0.4396
3125,-76.19,401234,0.5587
3126,-25.1,401240,0.5183
3127,-25.0,401246,0.4399
3128,20.56,401397,0.5074
3129,-25.0,401403,0.5381
3130,-25.0,401409,0.5551
3131,-169.31,401909,0.5335
3132,173.8,402036,0.5856
3133,-25.0,402042,0.5115
3134,-25.0,402048,0.5031
3135,223.02,402226,0.5497
3136,-25.0,402232,0.5041
3137,-25.0,402238,0.5003
3138,-57.58,402419,0.4731
3139,-25.0,402425,0.3499
3140,-25.0,402431,0.4821
3141,-204.79,402903,0.5112
3142,-25.0,402909,0.4956
3143,-25.0,402915,0.5591
3144,-62.54,403415,0.5659
3145,152.88,403674,0.5136
3146,-25.0,403680,0.4733
3147,-25.0,403686,0.5156
3148,0.66,404134,0.4664
3149,-25.0,404140,0.4575
3150,-25.0,404146,0.5144
3151,180.44,404312,0.4694
3152,-25.0,404318,0.5431
3153,-25.0,404324,0.4822
3154,-166.94,404589,0.475
3155,-25.0,404595,0.4651
3156,-25.0,404601,0.6253
3157,59.44,405101,0.5105
3158,82.18,405297,0.5422
3159,-25.0,405303,0.4722
3160,-25.0,405309,0.4033
3161,128.23,405574,0.561
3162,-25.0,405580,0.4414
3163,-25.0,405586,0.5406
3164,2.45,405824,0.5478
3165,-25.0,405830,0.4725
3166,-25.0,405836,0.4948
3167,-110.33,405990,0.5624
3168,-25.0,405996,0.5351
3169,-25.0,406002,0.4707
3170,42.25,406171,0.5837
3171,-25.0,406177,0.469
3172,-25.0,406183,0.506
3173,-188.82,406466,0.5018
3174,-25.0,406472,0.4742
3175,-25.0,406478,0.4819
3176,-61.24,406978,0.508
3177,-60.3,407478,0.5011
3178,-114.34,407978,0.5007
3179,311.85,408177,0.5128
3180,-25.0,408183,0.514
3181,-25.0,408189,0.4768
3182,190.71,408370,0.5007
3183,-25.0,408376,0.5181
3184,-25.0,408382,0.4406
3185,187.37,408551,0.5016
3186,-25.0,408557,0.628
3187,-25.0,408563,0.5229
3188,88.74,408771,0.6018
3189,-25.0,408777,0.4082
3190,-25.0,408783,0.4435
3191,51.63,408964,0.5497
3192,-25.0,408970,0.5161
3193,-25.0,408976,0.6019
3194,67.93,409133,0.5071
3195,-25.0,409139,0.6121
3196,-25.0,409145,0.5855
3197,176.74,409488,0.5241
3198,-25.0,409494,0.4886
3199,-25.0,409500,0.536
3200,54.75,409714,0.5191
3201,-25.0,409720,0.5929
3202,-25.0,409726,0.5032
3203,135.75,410216,0.5216
3204,-25.0,410222,0.598
3205,-25.0,410228,0.6027
3206,-61.16,410466,0.5338
3207,-25.0,410472,0.5512
3208,-25.0,410478,0.6486
3209,112.4,410650,0.5524
3210,-25.0,410656,0.453
3211,-25.0,410662,0.4878
3212,123.19,410951,0.5389
3213,-25.0,410957,0.4217
3214,-25.0,410963,0.4306
3215,129.38,411357,0.497
3216,-25.0,411363,0.434
3217,-25.0,411369,0.4945
3218,40.17,411565,0.5096
3219,-25.0,411571,0.5183
3220,-25.0,411577,0.5386
3221,-28.41,412077,0.5185
3222,125.36,412264,0.6012
3223,-25.0,412270,0.5412
3224,-25.0,412276,0.5334
3225,139.67,412469,0.511
3226,-25.0,412475,0.4433
3227,-25.0,412481,0.4329
3228,154.36,412911,0.512
3229,-25.0,412917,0.421
3230,-25.0,412923,0.5525
3231,100.27,413107,0.5261
3232,-25.0,413113,0.565
3233,-25.0,413119,0.4843
3234,141.98,413444,0.5063
3235,-25.0,413450,0.4535
3236,-25.0,413456,0.4842
3237,104.59,413631,0.5716
3238,-25.0,413637,0.6098
3239,-25.0,413643,0.5688
3240,150.7,413860,0.5124
3241,-25.0,413866,0.4786
3242,-25.0,413872,0.5186
3243,70.26,413978,0.4873
3244,-25.0,413984,0.421
3245,-25.0,413990,0.4893
3246,114.58,414192,0.5185
3247,-25.0,414198,0.5381
3248,-25.0,414204,0.5202
3249,80.71,414499,0.5359
3250,-25.0,414505,0.4533
3251,-25.0,414511,0.4417
3252,154.2,414695,0.5061
3253,-25.0,414701,0.4852
3254,-25.0,414707,0.5132
3255,69.87,414867,0.5024
3256,-25.0,414873,0.49
3257,-25.0,414879,0.4117
3258,-25.57,415192,0.5169
3259,-25.0,415198,0.4456
3260,-25.0,415204,0.4687
3261,40.05,415704,0.5137
3262,-159.7,415852,0.5195
3263,-25.0,415858,0.4286
3264,-25.0,415864,0.4734
3265,61.68,415979,0.5399
3266,-25.0,415985,0.497
3267,-25.0,415991,0.5079
3268,-158.3,416121,0.5131
3269,-25.0,416127,0.45
3270,-25.0,416133,0.4674
3271,-70.36,416329,0.5591
3272,-25.0,416335,0.535
3273,-25.0,416341,0.4468
3274,-132.63,416714,0.499
3275,-25.0,416720,0.4761
3276,-25.0,416726,0.4298
3277,69.82,417075,0.5744
3278,-25.0,417081,0.4012
3279,-25.0,417087,0.5118
3280,44.84,417223,0.5142
3281,-25.0,417229,0.5267
3282,-25.0,417235,0.4614
3283,87.04,417560,0.5214
3284,-25.0,417566,0.477
3285,-25.0,417572,0.5059
3286,161.59,417783,0.5116
3287,-25.0,417789,0.5742
3288,-25.0,417795,0.5142
3289,53.65,418295,0.5053
3290,-55.7,418431,0.5099
3291,-25.0,418437,0.6041
3292,-25.0,418443,0.4979
3293,65.34,418943,0.4954
3294,-123.7,419133,0.5309
3295,-25.0,419139,0.4809
3296,-25.0,419145,0.559
3297,-32.06,419645,0.5327
3298,-43.21,419655,0.5296
3299,-25.0,419661,0.4322
3300,205.65,419848,0.5169
3301,-25.0,419854,0.497
3302,-25.0,419860,0.4552
3303,83.99,420152,0.5215
3304,-25.0,420158,0.4304
3305,-25.0,420164,0.4432
3306,-122.06,420276,0.5154
3307,-25.0,420282,0.5052
3308,-25.0,420288,0.6178
3309,120.76,420649,0.5452
3310,-25.0,420655,0.4859
3311,-25.0,420661,0.5883
3312,129.51,420824,0.5869
3313,-25.0,420830,0.4172
3314,-25.0,420836,0.5444
3315,12.96,421089,0.5192
3316,-25.0,421095,0.4936
3317,-25.0,421101,0.4714
3318,36.21,421601,0.5724
3319,-294.44,422101,0.5175
3320,238.47,422315,0.4976
3321,-25.0,422321,0.456
3322,-25.0,422327,0.5045
3323,49.64,422469,0.5015
3324,-25.0,422475,0.5579
3325,-25.0,422481,0.4849
3326,130.87,422752,0.5225
3327,-25.0,422758,0.5487
3328,-25.0,422764,0.472
3329,64.32,423080,0.5118
3330,-25.0,423086,0.4779
3331,58.06,423375,0.5117
3332,-25.0,423381,0.5181
3333,-25.0,423387,0.4884
3334,77.02,423619,0.5199
3335,-25.0,423625,0.3872
3336,-25.0,423631,0.4318
3337,-91.78,424103,0.5123
3338,-25.0,424109,1.1895
3339,-25.0,424115,0.5326
3340,5.48,424500,0.5126
3341,-25.0,424506,0.5263
3342,-25.0,424512,0.536
3343,-171.83,424891,0.5298
3344,-25.0,424897,0.4697
3345,-25.0,424903,0.4502
3346,186.86,425048,0.4925
3347,-25.0,425054,0.5148
3348,-25.0,425060,0.4559
3349,-208.34,425307,0.5092
3350,-25.0,425313,0.471
3351,-25.0,425319,0.5573
3352,145.29,425524,0.5229
3353,-25.0,425530,0.5597
3354,-25.0,425536,0.5497
3355,-159.98,425885,0.5118
3356,-25.0,425891,0.5365
3357,-25.0,425897,0.4768
3358,-140.83,426165,0.497
3359,-25.0,426171,0.4256
3360,-25.0,426177,0.4408
3361,191.31,426394,0.5177
3362,-25.0,426400,0.5063
3363,-25.0,426406,0.5192
3364,197.77,426569,0.4922
3365,-25.0,426575,0.4934
3366,-25.0,426581,0.4842
3367,37.92,426726,0.5456
3368,-25.0,426732,0.5281
3369,-25.0,426738,0.5072
3370,145.02,426982,0.5287
3371,-25.0,426988,0.5277
3372,-25.0,426994,0.4739
3373,-241.46,427262,0.5316
3374,-25.0,427268,0.5207
3375,-25.0,427274,0.4339
3376,-64.78,427774,0.5165
3377,92.58,428147,0.5301
3378,-25.0,428153,0.4997
3379,-25.0,428159,0.3963
3380,-108.17,428659,0.5283
3381,173.14,428816,0.4986
3382,-25.0,428822,0.5163
3383,-25.0,428828,0.4536
3384,-38.38,429328,0.5291
3385,105.25,429647,0.5433
3386,-25.0,429653,0.4803
3387,-25.0,429659,0.4834
3388,135.42,429798,0.5105
3389,-25.0,429804,0.3825
3390,-25.0,429810,0.5049
3391,-19.22,430310,0.5281
3392,7.22,430810,0.5294
3393,-14.63,430943,0.4964
3394,-25.0,430949,0.5014
3395,-25.0,430955,0.4097
3396,-155.82,431340,0.5146
3397,-25.0,431346,0.5198
3398,-25.0,431352,0.4729
3399,121.03,431584,0.5637
3400,-25.0,431590,0.5831
3401,-25.0,431596,0.5309
3402,188.22,432014,0.5087
3403,-25.0,432020,0.4666
3404,-25.0,432026,0.594
3405,-149.17,432315,0.547
3406,-25.0,432321,0.504
3407,-25.0,432327,0.61
3408,187.11,432520,0.4586
3409,-25.0,432526,0.5187
3410,-25.0,432532,0.5399
3411,159.17,432674,0.531
3412,-25.0,432680,0.5336
3413,-25.0,432686,0.5303
3414,-200.37,432888,0.5356
3415,-25.0,432894,0.5008
3416,-25.0,432900,0.3698
3417,-35.36,433078,0.557
3418,-25.0,433084,0.5838
3419,-25.0,433090,0.536
3420,-199.3,433358,0.5437
3421,-25.0,433364,0.4143
3422,-25.0,433370,0.3604
3423,-14.76,433821,0.5578
3424,-25.0,433827,0.5327
3425,-25.0,433833,0.4964
3426,-221.54,434239,0.5274
3427,-25.0,434245,0.5104
3428,-25.0,434251,0.4308
3429,192.24,434531,0.5291
3430,-25.0,434537,0.4335
3431,-25.0,434543,0.52
3432,-226.03,434973,0.5344
3433,-25.0,434979,0.4681
3434,-25.0,434985,0.5163
3435,65.95,435130,0.4667
3436,-25.0,435136,0.5073
3437,-25.0,435142,0.5338
3438,179.99,435287,0.4674
3439,-25.0,435293,0.3903
3440,-25.0,435299,0.4158
3441,99.77,435429,0.4953
3442,-25.0,435435,0.3774
3443,-25.0,435441,0.6594
3444,216.12,435595,0.5232
3445,-25.0,435601,0.428
3446,-25.0,435607,0.3478
3447,182.2,435920,0.5015
3448,-25.0,435926,0.5557
3449,-25.0,435932,0.4601
3450,69.07,436432,0.5488
3451,-157.23,436604,0.5333
3452,-25.0,436610,0.5034
3453,-25.0,436616,0.4573
3454,-1.71,436827,0.5179
3455,-25.0,436833,0.5319
3456,-25.0,436839,0.6021
3457,217.3,437140,0.5323
3458,-25.0,437146,0.4236
3459,-25.0,437152,0.4925
3460,188.58,437333,0.5132
3461,-25.0,437339,0.4456
3462,-25.0,437345,0.5261
3463,141.55,437571,0.5149
3464,-25.0,437577,0.4473
3465,-25.0,437583,0.4325
3466,99.23,437869,0.5106
3467,-25.0,437875,0.5598
3468,-25.0,437881,0.6031
3469,-158.16,438257,0.5562
3470,-25.0,438263,0.512
3471,-25.0,438269,0.493
3472,66.34,438759,0.5029
3473,-25.0,438765,0.4579
3474,-25.0,438771,0.5808
3475,192.21,439153,0.5333
3476,-25.0,439159,0.5367
3477,-25.0,439165,0.5367
3478,-70.66,439358,0.4771
3479,-25.0,439364,0.4161
3480,-25.0,439370,0.6263
3481,-219.71,439869,0.5447
3482,-25.0,439875,0.5109
3483,-25.0,439881,0.4007
3484,-4.52,440077,0.5232
3485,-25.0,440083,0.4691
3486,-25.0,440089,0.4717
3487,88.25,440429,0.5705
3488,-25.0,440435,0.4526
3489,-25.0,440441,0.4561
3490,-97.5,440941,0.5289
3491,180.54,441230,0.5251
3492,-25.0,441236,0.4179
3493,-25.0,441242,0.3906
3494,66.32,441612,0.5389
3495,-25.0,441618,0.477
3496,-25.0,441624,0.4132
3497,-14.59,441796,0.5053
3498,-25.0,441802,0.4759
3499,-25.0,441808,0.5228
3500,-42.54,442308,0.5325
3501,-82.62,442808,0.5177
3502,45.68,443226,0.5114
3503,-25.0,443232,0.5274
3504,-25.0,443238,0.487
3505,35.36,443446,0.5196
3506,-25.0,443452,0.463
3507,-25.0,443458,0.4596
3508,157.66,443663,0.5268
3509,-25.0,443669,0.4207
3510,-25.0,443675,0.4347
3511,105.08,444175,0.5199
3512,36.15,444563,0.5464
3513,-25.0,444569,0.464
3514,-25.0,444575,0.5165
3515,71.87,444915,0.5054
3516,-25.0,444921,0.51
3517,-25.0,444927,0.485
3518,121.31,445111,0.5009
3519,-25.0,445117,0.5742
3520,-25.0,445123,0.4179
3521,133.75,445268,0.5125
3522,-25.0,445274,0.5253
3523,-25.0,445280,0.4372
3524,79.46,445419,0.4933
3525,-25.0,445425,0.4919
3526,-25.0,445431,0.4472
3527,156.26,445729,0.5192
3528,-25.0,445735,0.4978
3529,-25.0,445741,0.462
3530,102.49,445928,0.5174
3531,-25.0,445934,0.4524
3532,-25.0,445940,0.518
3533,182.95,446088,0.5482
3534,-25.0,446094,0.4335
3535,-25.0,446100,0.4286
3536,103.23,446344,0.5001
3537,-25.0,446350,0.4892
3538,-25.0,446356,0.4637
3539,-41.63,446856,0.5311
3540,56.1,447274,0.5365
3541,-25.0,447280,1.0559
3542,-25.0,447286,0.569
3543,-201.63,447786,0.5568
3544,80.26,448189,0.5283
3545,-25.0,448195,0.6234
3546,-25.0,448201,0.5386
3547,191.41,448442,0.5498
3548,-25.0,448448,0.3847
3549,-25.0,448454,0.5489
3550,-78.35,448954,0.539
3551,38.76,449454,0.5325
3552,142.22,449632,0.491
3553,-25.0,449638,0.4306
3554,-25.0,449644,0.3826
3555,83.13,450119,0.5297
3556,-25.0,450125,0.479
3557,-42.91,450625,0.5251
3558,-68.37,450731,0.6287
3559,-25.0,450737,0.5328
3560,-25.0,450743,0.4269
3561,65.23,451113,0.52
3562,-25.0,451119,0.4878
3563,-25.0,451125,0.5168
3564,46.7,451625,0.5027
3565,-242.55,452125,0.5364
3566,-81.26,452525,0.5441
3567,-25.0,452531,0.452
3568,-25.0,452537,0.4562
3569,16.54,453037,0.5304
3570,-29.76,453290,0.5644
3571,-25.0,453296,0.4314
3572,-25.0,453302,0.4514
3573,-79.02,453633,0.525
3574,-25.0,453639,0.498
3575,-25.0,453645,0.4893
3576,49.64,453982,0.5177
3577,-25.0,453988,0.4058
3578,-25.0,453994,0.5603
3579,132.23,454175,0.5616
3580,-25.0,454181,0.5524
3581,-25.0,454187,0.4854
3582,83.73,454332,0.534
3583,-25.1,454338,0.464
3584,73.78,454807,0.5156
3585,-25.0,454813,0.5363
3586,-93.8,455228,0.5339
3587,-25.0,455234,0.5109
3588,-25.0,455240,0.4581
3589,143.92,455412,0.5144
3590,-25.0,455418,0.5058
3591,-25.0,455424,0.4332
3592,167.84,455623,0.4883
3593,-25.0,455629,0.5015
3594,-25.0,455635,0.5442
3595,148.52,455828,0.5295
3596,-25.0,455834,0.4802
3597,-25.0,455840,0.5451
3598,56.6,455994,0.5797
3599,-25.0,456000,0.4853
3600,-25.0,456006,0.5314
3601,-124.24,456154,0.5064
3602,-25.0,456160,0.442
3603,-25.0,456166,0.4868
3604,82.91,456341,0.5637
3605,-25.0,456347,0.6046
3606,-25.0,456353,0.4513
3607,255.34,456849,0.4913
3608,-25.0,456855,0.5329
3609,-25.0,456861,0.4862
3610,-153.7,457361,0.5347
3611,15.87,457791,0.556
3612,-25.0,457797,0.5377
3613,-25.0,457803,0.5226
3614,80.9,458122,0.5422
3615,-25.0,458128,0.6236
3616,-25.0,458134,0.498
3617,93.55,458381,0.5476
3618,-25.0,458387,0.4932
3619,-25.0,458393,0.4977
3620,-16.46,458893,0.5236
3621,152.31,459206,0.5537
3622,-25.0,459212,0.4308
3623,-25.0,459218,0.5237
3624,89.15,459462,0.5167
3625,-25.0,459468,0.3866
3626,-25.0,459474,0.4995
3627,20.02,459974,0.5467
3628,5.88,460353,0.5165
3629,-25.0,460359,0.5332
3630,-25.0,460365,0.5666
3631,69.41,460552,0.4972
3632,-25.0,460558,0.4381
3633,-25.0,460564,0.4647
3634,-122.17,460787,0.5269
3635,-25.0,460793,0.4279
3636,-25.0,460799,0.5195
3637,-51.69,461130,0.5065
3638,-25.0,461136,0.4442
3639,-25.0,461142,0.3896
3640,-171.69,461560,0.5371
3641,-25.0,461566,0.4369
3642,-25.0,461572,0.4346
3643,-123.26,462072,0.4913
3644,287.09,462262,0.5214
3645,-25.0,462268,0.5347
3646,-25.0,462274,0.3993
3647,19.04,462506,0.5127
3648,-25.0,462512,0.5189
3649,-25.0,462518,0.4984
3650,116.65,462690,0.5183
3651,-25.0,462696,0.5417
3652,-25.0,462702,0.3973
3653,166.18,462841,0.4942
3654,-25.0,462847,0.5594
3655,-25.0,462853,0.5097
3656,176.89,463037,0.5259
3657,-25.0,463043,0.5063
3658,-25.0,463049,0.5765
3659,65.35,463549,0.5398
3660,-99.45,464049,0.5233
3661,-53.84,464549,0.5547
3662,-74.66,464700,0.5718
3663,-25.0,464706,0.6163
3664,-25.0,464712,0.4848
3665,119.43,465007,0.4846
3666,-25.0,465013,0.4022
3667,-25.0,465019,0.4776
3668,137.11,465239,0.5438
3669,-25.0,465245,0.3737
3670,-25.0,465251,0.4421
3671,123.37,465751,0.5213
3672,-200.41,465758,0.5297
3673,-25.0,465764,0.5751
3674,36.82,466264,0.5331
3675,-45.51,466688,0.5293
3676,-25.0,466694,0.444
3677,-25.0,466700,0.4818
3678,-53.88,467157,0.5066
3679,-25.0,467163,0.4485
3680,-25.0,467169,0.4501
3681,141.08,467341,0.5095
3682,-25.0,467347,0.5555
3683,-25.0,467353,0.5359
3684,73.62,467543,0.4891
3685,-25.0,467549,0.4482
3686,-25.0,467555,0.4345
3687,105.76,467781,0.507
3688,-25.0,467787,0.4496
3689,-25.0,467793,0.4451
3690,103.42,467986,0.526
3691,-25.0,467992,0.5881
3692,-25.0,467998,0.5324
3693,43.84,468287,0.5375
3694,-25.0,468293,0.4411
3695,-25.0,468299,0.3918
3696,-34.0,468799,0.5218
3697,-13.15,469299,0.5264
3698,20.6,469594,0.506
3699,-25.0,469600,0.4653
3700,-25.0,469606,0.5701
3701,76.73,470106,0.514
3702,-2.36,470437,0.5101
3703,-25.0,470443,0.5376
3704,-25.0,470449,0.5175
3705,-163.51,470648,0.5648
3706,-25.0,470654,0.4163
3707,-25.0,470660,0.5028
3708,-139.57,470976,0.4946
3709,-25.0,470982,0.4605
3710,-25.0,470988,0.4289
3711,134.39,471121,0.5542
3712,-25.0,471127,1.0156
3713,-25.0,471133,0.4149
3714,138.0,471633,0.4993
3715,-25.1,471639,0.4997
3716,-25.0,471645,0.4483
3717,-113.77,471889,0.5116
3718,-25.0,471895,0.4648
3719,-25.0,471901,0.5084
3720,10.63,472401,0.5043
3721,-84.15,472555,0.5138
3722,-25.0,472561,0.4374
3723,-25.0,472567,0.5332
3724,-75.58,473067,0.5156
3725,206.05,473269,0.5162
3726,-25.0,473275,0.4961
3727,-25.0,473281,0.5174
3728,10.46,473781,0.5484
3729,-6.8,474281,0.5156
3730,-103.97,474462,0.5513
3731,-25.0,474468,0.4404
3732,-25.0,474474,0.5618
3733,89.27,474679,0.455
3734,76.15,474968,0.4409
3735,-25.0,474974,0.4459
3736,78.69,475474,0.4509
3737,-196.99,475853,0.4453
3738,-25.0,475859,0.4304
3739,-25.0,475865,0.455
3740,17.83,476214,0.4664
3741,-25.0,476220,0.4754
3742,-25.0,476226,0.4198
3743,192.33,476548,0.4562
3744,-25.0,476554,0.5568
3745,-25.0,476560,0.4532
3746,111.31,476936,0.4579
3747,-25.0,476942,0.4148
3748,-25.0,476948,0.51
3749,-187.22,477366,0.4488
3750,-25.0,477372,0.3683
3751,-25.0,477378,0.4242
3752,126.69,477529,0.4721
3753,-25.0,477535,0.5451
3754,-25.0,477541,0.4912
3755,109.32,477800,0.4685
3756,-25.0,477806,0.5366
3757,-25.0,477812,0.4329
3758,101.0,477966,0.4953
3759,-25.0,477972,0.3751
3760,-25.0,477978,0.417
3761,199.69,478180,0.5072
3762,-25.0,478186,0.6039
3763,-25.0,478192,0.626
3764,8.68,478373,0.5028
3765,-25.0,478379,0.5605
3766,-25.0,478385,0.9585
3767,-156.8,478632,0.4759
3768,-25.0,478638,0.5062
3769,-25.0,478644,0.4965
3770,156.07,478813,0.4709
3771,-25.0,478819,0.4271
3772,-25.0,478825,0.4284
3773,36.5,479325,0.4565
3774,75.96,479488,0.4535
3775,-25.0,479494,0.4759
3776,-25.0,479500,0.519
3777,178.1,479627,0.4301
3778,-25.0,479633,0.4345
3779,-25.0,479639,0.5212
3780,74.29,479979,0.4649
3781,-102.54,480479,0.4609
3782,-0.43,480765,0.4577
3783,-25.0,480771,0.4668
3784,-25.0,480777,0.4891
3785,36.86,481150,0.4681
3786,-25.0,481156,0.5107
3787,-25.0,481162,0.4678
3788,24.87,481385,0.4604
3789,-25.0,481391,0.4517
3790,-25.0,481397,0.4511
3791,183.36,481695,0.4794
3792,-25.0,481701,0.4871
3793,-25.0,481707,0.5684
3794,42.33,482119,0.5177
3795,-25.0,482125,0.5482
3796,-25.0,482131,0.5155
3797,26.55,482276,0.5437
3798,-25.0,482282,0.6684
3799,-25.0,482288,0.5354
3800,47.22,482445,0.4849
3801,-25.0,482451,0.4132
3802,-25.0,482457,0.4738
3803,120.5,482953,0.539
3804,-25.1,482959,0.6641
3805,-25.0,482965,0.4551
3806,-9.0,483356,0.5428
3807,-25.0,483362,0.3939
3808,-25.0,483368,0.4218
3809,-165.57,483744,0.5132
3810,-25.0,483750,0.4525
3811,-25.0,483756,0.4951
3812,37.14,483958,0.5204
3813,-25.0,483964,0.4597
3814,-25.0,483970,0.553
3815,92.44,484265,0.534
3816,-25.0,484271,0.4545
3817,-25.0,484277,0.4677
3818,77.43,484647,0.4699
3819,-25.0,484653,0.4168
3820,-25.0,484659,0.4912
3821,201.8,484954,0.5469
3822,-25.0,484960,0.5111
3823,-25.0,484966,0.5704
3824,80.68,485261,0.5656
3825,-25.0,485267,0.4915
3826,-25.0,485273,0.4433
3827,-73.22,485773,0.5079
3828,4.7,486146,0.4992
3829,-25.0,486152,0.3914
3830,-25.0,486158,0.4208
3831,81.88,486273,0.4926
3832,-25.0,486279,0.5425
3833,-25.0,486285,0.453
3834,-66.96,486715,0.526
3835,-25.0,486721,0.5367
3836,-25.0,486727,0.5166
3837,28.76,486998,0.5082
3838,-102.57,487005,0.4047
3839,-25.1,487011,0.4021
3840,157.33,487192,0.4899
3841,-25.0,487198,0.4682
3842,-25.0,487204,0.4278
3843,-22.11,487704,0.5279
3844,110.72,487903,0.5695
3845,-25.0,487909,0.7086
3846,-25.0,487915,0.4913
3847,93.53,488111,0.5222
3848,-25.0,488117,0.5598
3849,-25.0,488123,0.4578
3850,151.07,488415,0.5404
3851,-25.0,488421,0.4684
3852,-25.0,488427,0.4899
3853,154.98,488635,0.5157
3854,-25.0,488641,0.4245
3855,-25.0,488647,0.4541
3856,-38.39,489147,0.4995
3857,111.84,489421,0.4756
3858,-25.0,489427,0.4124
3859,-25.0,489433,0.5325
3860,-134.44,489827,0.5129
3861,50.69,489834,0.5968
3862,-25.0,489840,0.573
3863,148.46,489982,0.5587
3864,-25.0,489988,0.4548
3865,-25.0,489994,0.5651
3866,33.35,490494,0.5021
3867,48.25,490708,0.5643
3868,-25.0,490714,0.4116
3869,-25.0,490720,0.5045
3870,181.61,491078,0.4752
3871,-25.0,491084,0.5194
3872,-25.0,491090,0.5226
3873,17.52,491271,0.5364
3874,-25.0,491277,0.4821
3875,-25.0,491283,0.6179
3876,-119.71,491545,0.5865
3877,-25.0,491551,0.4817
3878,-25.0,491557,0.5197
3879,-121.04,492057,0.4915
3880,155.54,492199,0.5062
3881,-25.0,492205,0.5701
3882,-25.0,492211,0.5113
3883,141.39,492617,0.5212
3884,-25.0,492623,0.4239
3885,-25.0,492629,0.5198
3886,106.67,493044,0.4947
3887,-25.0,493050,0.4629
3888,-25.0,493056,0.4217
3889,69.99,493228,0.523
3890,-25.0,493234,0.6016
3891,-25.0,493240,0.4967
3892,-27.46,493619,0.5108
3893,-25.0,493625,0.4957
3894,-25.0,493631,0.5563
3895,-173.24,494007,0.5197
3896,-25.0,494013,0.6204
3897,-25.0,494019,0.5499
3898,177.36,494218,0.5263
3899,-25.0,494224,0.4331
3900,-25.0,494230,0.4203
3901,-3.39,494730,0.5486
3902,-198.34,494947,0.4966
3903,-25.0,494953,0.5653
3904,-25.0,494959,0.5599
3905,-60.65,495459,0.5099
3906,148.26,495862,0.5448
3907,-25.0,495868,0.5249
3908,-25.0,495874,0.4835
3909,-26.78,496139,0.5663
3910,-25.0,496145,0.49
3911,-25.0,496151,0.5228
3912,154.28,496350,0.5326
3913,-25.0,496356,0.3948
3914,-25.0,496362,0.5126
3915,150.1,496579,0.4895
3916,-25.0,496585,0.5319
3917,-25.0,496591,0.5203
3918,123.44,496769,0.5756
3919,-25.0,496775,0.6358
3920,-25.0,496781,0.4845
3921,72.21,497058,0.4805
3922,-25.0,497064,0.488
3923,-25.0,497070,0.4483
3924,120.71,497251,0.5167
3925,-25.0,497257,0.4505
3926,-25.0,497263,0.5548
3927,185.8,497414,0.4828
3928,-25.0,497420,0.4253
3929,-25.0,497426,0.4256
3930,-59.84,497880,0.5205
3931,-25.0,497886,0.504
3932,-25.0,497892,0.5184
3933,82.83,498214,0.5225
3934,-25.0,498220,0.4422
3935,-25.0,498226,0.5477
3936,86.83,498476,0.5207
3937,-25.0,498482,0.4928
3938,-25.0,498488,0.4805
3939,100.92,498720,0.5212
3940,30.59,498862,0.4817
3941,-25.0,498868,0.4074
3942,-25.0,498874,0.4416
3943,174.26,499103,0.4902
3944,-25.0,499109,0.4389
3945,-25.0,499115,0.5022
3946,-65.95,499332,0.5664
3947,-25.0,499338,0.4637
3948,-25.0,499344,0.5447
3949,98.31,499795,0.5098
3950,-25.0,499801,0.4928
3951,-25.0,499807,0.64
3952,-101.06,500307,0.507
3953,131.46,500755,0.5054
3954,-25.0,500761,0.4059
3955,-25.0,500767,0.5239
3956,167.65,500972,0.5311
3957,-25.0,500978,0.567
3958,-25.0,500984,0.5476
3959,-25.02,501484,0.5106
3960,-48.34,501908,0.5181
3961,-25.0,501914,0.6255
3962,-25.0,501920,0.5402
3963,112.76,502104,0.5662
3964,-25.0,502110,0.4669
3965,-25.0,502116,0.6072
3966,16.07,502616,0.5348
3967,-89.29,503116,0.5003
3968,81.16,503282,0.56
3969,-25.0,503288,0.482
3970,-25.0,503294,0.6153
3971,8.29,503484,0.5381
3972,-25.0,503490,0.4507
3973,-25.0,503496,0.4203
3974,161.43,503716,0.528
3975,-25.0,503722,0.4854
3976,-25.0,503728,0.5361
3977,87.1,504032,0.5485
3978,-25.0,504038,0.6229
3979,-25.0,504044,0.6006
3980,260.5,504528,0.5359
3981,-376.15,504691,0.5089
3982,-25.0,504697,0.3756
3983,-25.0,504703,0.3927
3984,184.12,504857,0.6011
3985,-25.0,504863,0.4831
3986,-25.0,504869,0.4621
3987,-81.47,505161,0.4985
3988,-25.1,505167,0.4858
3989,-25.0,505173,0.536
3990,21.58,505673,0.5443
3991,-272.42,505932,0.5335
3992,-25.1,505938,0.5423
3993,124.18,506179,0.5047
3994,-25.0,506185,0.5387
3995,-25.0,506191,0.4212
3996,188.22,506414,0.5405
3997,-25.0,506420,0.4523
3998,-25.0,506426,0.4695
3999,75.86,506661,0.5194
4000,-25.0,506667,0.5084
4001,-25.0,506673,0.4911
4002,-48.58,507124,0.5274
4003,-25.0,507130,0.4382
4004,-25.0,507136,0.4608
4005,-34.12,507479,0.4767
4006,-25.0,507485,0.4779
4007,-25.0,507491,0.5026
4008,91.02,507756,0.5298
4009,-25.0,507762,0.3969
4010,-25.0,507768,0.4551
4011,133.01,507982,0.4884
4012,-25.0,507988,0.524
4013,-25.0,507994,0.5162
4014,94.44,508157,0.5019
4015,-25.0,508163,0.5807
4016,-25.0,508169,0.4712
4017,-213.5,508458,0.5043
4018,-25.0,508464,0.5297
4019,-25.0,508470,0.4187
4020,78.51,508963,0.5313
4021,-25.0,508969,0.4821
4022,-25.0,508975,0.4902
4023,-18.2,509129,0.4996
4024,-25.1,509135,0.4443
4025,-25.0,509141,0.5072
4026,6.43,509292,0.5235
4027,-25.0,509298,0.5245
4028,-25.0,509304,0.5515
4029,123.95,509464,0.5054
4030,-25.0,509470,0.5736
4031,-25.0,509476,0.5078
4032,124.42,509696,0.4827
4033,-25.1,509702,0.539
4034,-25.0,509708,0.473
4035,-110.11,509970,0.5069
4036,-25.0,509976,0.4332
4037,-25.0,509982,0.4066
4038,-44.11,510482,0.5326
4039,105.39,510690,0.5274
4040,-25.0,510696,0.4808
4041,-25.0,510702,0.4096
4042,-114.58,510970,0.4942
4043,-25.0,510976,0.4887
4044,-25.0,510982,0.4131
4045,206.49,511259,0.5527
4046,-25.0,511265,0.4038
4047,-25.0,511271,0.4866
4048,156.09,511446,0.5276
4049,-25.0,511452,0.546
4050,-25.0,511458,0.526
4051,70.42,511852,0.545
4052,-25.0,511858,0.4691
4053,-25.0,511864,0.4542
4054,175.33,512042,0.4554
4055,-25.0,512048,0.552
4056,-25.0,512054,0.4137
4057,129.44,512256,0.5077
4058,-25.0,512262,0.5193
4059,-25.0,512268,0.3732
4060,-128.12,512768,0.4661
4061,-22.46,513045,0.5753
4062,-25.0,513051,0.4976
4063,-25.0,513057,1.0354
4064,27.97,513460,0.5324
4065,-25.0,513466,0.5644
4066,-25.0,513472,0.5666
4067,134.81,513686,0.4913
4068,-25.0,513692,0.4783
4069,-25.0,513698,0.4665
4070,58.15,514198,0.5044
4071,-64.3,514698,0.499
4072,-94.25,514813,0.5043
4073,-25.0,514819,0.4859
4074,-25.0,514825,0.4504
4075,101.48,515021,0.4791
4076,-25.0,515027,0.5212
4077,-25.0,515033,0.5228
4078,-43.21,515533,0.514
4079,-201.8,515744,0.5503
4080,-25.0,515750,0.5166
4081,-25.0,515756,0.422
4082,143.09,516135,0.509
4083,-25.0,516141,0.5064
4084,-25.0,516147,0.5252
4085,94.5,516364,0.5209
4086,-25.0,516370,0.5044
4087,-25.0,516376,0.4237
4088,-199.52,516578,0.4779
4089,-25.0,516584,0.3758
4090,-25.0,516590,0.4269
4091,-247.26,516960,0.5299
4092,-25.0,516966,0.5224
4093,-25.0,516972,0.481
4094,71.4,517249,0.5545
4095,-25.0,517255,0.4002
4096,-25.0,517261,0.4139
4097,175.92,517463,0.5095
4098,-25.0,517469,0.5237
4099,-25.0,517475,0.4609
4100,-213.67,517782,0.5093
4101,-25.0,517788,0.5712
4102,-25.0,517794,0.5172
4103,125.65,517993,0.4642
4104,-25.0,517999,0.4162
4105,-25.0,518005,0.5769
4106,133.96,518171,0.4866
4107,-25.0,518177,0.454
4108,-25.0,518183,0.5359
4109,117.3,518328,0.5118
4110,-25.0,518334,0.5403
4111,-25.0,518340,0.4261
4112,-133.25,518701,0.532
4113,-25.0,518707,0.4828
4114,-25.0,518713,0.4792
4115,142.96,518885,0.5466
4116,-25.0,518891,0.6041
4117,-25.0,518897,0.561
4118,112.15,519397,0.5239
4119,45.64,519593,0.5092
4120,-25.0,519599,0.5095
4121,-25.0,519605,0.4332
4122,194.68,519951,0.5248
4123,-25.0,519957,0.4432
4124,-25.0,519963,0.5681
4125,149.29,520246,0.4952
4126,-25.0,520252,0.3555
4127,-25.0,520258,0.5539
4128,-127.6,520451,0.5098
4129,-25.0,520457,0.426
4130,-25.0,520463,0.4852
4131,-115.13,520869,0.5118
4132,-25.0,520875,0.4604
4133,-25.0,520881,0.5567
4134,231.55,521197,0.5255
4135,-25.0,521203,0.4163
4136,-25.0,521209,0.4958
4137,-223.19,521546,0.4962
4138,265.25,522046,0.5121
4139,-45.67,522197,0.5017
4140,-25.0,522203,0.4241
4141,-25.0,522209,0.5074
4142,83.7,522709,0.5367
4143,-355.7,523070,0.5227
4144,-25.0,523076,0.4496
4145,-25.0,523082,0.4931
4146,-238.98,523521,0.5058
4147,-25.0,523527,0.4545
4148,-25.0,523533,0.5097
4149,17.22,524033,0.5354
4150,-96.99,524460,0.5187
4151,-25.0,524466,0.4629
4152,-25.0,524472,0.5336
4153,96.77,524972,0.5068
4154,-378.98,525228,0.5021
4155,-25.0,525234,0.4358
4156,-25.0,525240,0.5374
4157,48.47,525445,0.4812
4158,-25.0,525451,0.5007
4159,-25.0,525457,0.4771
4160,114.27,525596,0.5659
4161,-25.0,525602,0.6287
4162,-25.0,525608,0.4737
4163,75.51,525789,0.4594
4164,-25.0,525795,1.418
4165,-25.0,525801,0.4723
4166,105.07,525976,0.4479
4167,-25.0,525982,0.3953
4168,116.41,526436,0.4632
4169,-25.0,526442,0.4308
4170,-25.0,526448,0.4722
4171,74.46,526671,0.4508
4172,-25.0,526677,0.5047
4173,-25.0,526683,0.4748
4174,130.75,526843,0.4587
4175,-25.0,526849,0.5015
4176,-25.0,526855,0.4336
4177,2.32,527355,0.4564
4178,23.76,527855,0.4526
4179,-0.39,528355,0.4512
4180,-142.08,528855,0.4814
4181,53.49,529018,0.518
4182,-25.0,529024,0.5853
4183,-25.0,529030,0.5049
4184,-10.1,529530,0.5299
4185,-20.96,529957,0.5597
4186,-25.0,529963,0.5738
4187,-25.0,529969,0.4721
4188,68.23,530156,0.4952
4189,-25.0,530162,0.5337
4190,-25.0,530168,0.3504
4191,-29.16,530487,0.5298
4192,-25.0,530493,0.4996
4193,-25.0,530499,0.5123
4194,78.37,530845,0.5427
4195,-25.0,530851,0.5251
4196,-25.0,530857,0.5197
4197,-49.57,531357,0.5163
4198,-23.73,531364,0.392
4199,-25.0,531370,0.5654
4200,135.81,531866,0.5276
4201,-25.0,531872,0.5902
4202,-25.0,531878,0.5265
4203,134.49,532257,0.506
4204,-25.0,532263,0.386
4205,-25.0,532269,0.4412
4206,236.44,532769,0.53
4207,-54.8,532998,0.5759
4208,-25.0,533004,0.5004
4209,-25.0,533010,0.5116
4210,-188.81,533482,0.5158
4211,-25.0,533488,0.4291
4212,-25.0,533494,0.5205
4213,143.46,533672,0.543
4214,-25.0,533678,0.4902
4215,-25.0,533684,0.6422
4216,153.26,533898,0.4858
4217,-25.0,533904,0.4793
4218,-25.0,533910,0.5733
4219,139.85,534133,0.4963
4220,-25.0,534139,0.4424
4221,-25.0,534145,0.4103
4222,125.32,534515,0.5104
4223,-25.0,534521,0.5278
4224,-25.0,534527,0.4238
4225,116.57,534795,0.5085
4226,-25.0,534801,0.4827
4227,-25.0,534807,0.4545
4228,-208.03,534955,0.5791
4229,-25.0,534961,0.5268
4230,-25.0,534967,0.5644
4231,121.77,535163,0.5341
4232,-25.0,535169,0.4587
4233,-25.0,535175,0.5356
4234,-248.22,535398,0.4786
4235,-25.0,535404,0.547
4236,-25.0,535410,0.5014
4237,-230.85,535657,0.5033
4238,-25.0,535663,0.5244
4239,-25.0,535669,0.5188
4240,129.07,535835,0.4907
4241,-25.0,535841,0.4238
4242,-25.0,535847,0.4401
4243,195.84,536001,0.491
4244,-25.0,536007,0.3846
4245,-25.0,536013,0.4958
4246,88.12,536212,0.5276
4247,-25.0,536218,0.5655
4248,-25.0,536224,0.527
4249,-169.21,536429,0.5099
4250,-25.0,536435,0.6235
4251,-25.0,536441,0.4437
4252,93.85,536583,0.5297
4253,-25.0,536589,0.5599
4254,-25.0,536595,0.4941
4255,61.65,537070,0.5102
4256,-25.0,537076,0.4711
4257,-25.0,537082,0.4573
4258,169.85,537314,0.449
4259,-25.0,537320,0.521
4260,-25.0,537326,0.4816
4261,-210.13,537630,0.474
4262,-25.0,537636,0.4664
4263,-25.0,537642,0.6289
4264,-91.61,538142,0.5033
4265,220.86,538338,0.5139
4266,-25.0,538344,0.5367
4267,-25.0,538350,0.4798
4268,179.73,538546,0.5701
4269,-25.0,538552,0.5139
4270,-25.0,538558,0.4945
4271,190.32,538850,0.4752
4272,-25.0,538856,0.4925
4273,-25.0,538862,0.5357
4274,-110.9,539362,0.5045
4275,131.6,539540,0.4819
4276,-25.0,539546,0.4815
4277,-25.0,539552,0.4949
4278,196.19,539748,0.5216
4279,-25.0,539754,0.4572
4280,-25.0,539760,0.5298
4281,87.9,540211,0.5514
4282,-25.0,540217,0.4747
4283,-25.0,540223,0.4404
4284,26.87,540723,0.5156
4285,58.47,540883,0.4877
4286,-25.0,540889,0.4969
4287,-25.0,540895,0.4583
4288,200.6,541133,0.5191
4289,-25.0,541139,0.4015
4290,-25.0,541145,0.4664
4291,35.86,541380,0.4988
4292,-25.0,541386,0.399
4293,-25.0,541392,0.4592
4294,175.73,541585,0.5088
4295,-25.0,541591,0.52
4296,-25.0,541597,0.5067
4297,73.28,541775,0.513
4298,-25.0,541781,0.4777
4299,-25.0,541787,0.4361
4300,4.18,541947,0.5097
4301,-25.0,541953,0.5055
4302,-25.0,541959,0.4863
4303,81.26,542269,0.4929
4304,-25.0,542275,0.3773
4305,-25.0,542281,0.577
4306,-40.43,542781,0.5392
4307,91.84,543281,0.5059
4308,-49.85,543462,0.4983
4309,-274.98,543886,0.5053
4310,-25.0,543892,0.4696
4311,-25.0,543898,0.4337
4312,155.7,544043,0.4989
4313,-25.0,544049,0.5462
4314,-25.0,544055,0.5097
4315,143.61,544389,0.498
4316,-25.0,544395,0.5211
4317,-25.0,544401,0.4902
4318,105.04,544603,0.4838
4319,-25.0,544609,0.4891
4320,-25.0,544615,0.472
4321,-30.89,544925,0.4893
4322,-25.0,544931,0.5444
4323,-25.0,544937,0.4918
4324,69.51,545109,0.5542
4325,-25.0,545115,0.58
4326,-25.0,545121,0.4235
4327,-86.72,545545,0.5211
4328,-25.0,545551,0.4344
4329,-25.0,545557,0.4825
4330,166.81,545906,0.5045
4331,-25.0,545912,0.5445
4332,-25.0,545918,0.5369
4333,120.69,546063,0.4903
4334,-25.0,546069,0.4319
4335,-25.0,546075,0.4921
4336,90.5,546268,0.5077
4337,-25.0,546274,0.4686
4338,-25.0,546280,0.4546
4339,41.68,546587,0.4793
4340,-25.0,546593,0.5372
4341,-25.0,546599,0.5409
4342,125.75,546924,0.5275
4343,-25.0,546930,0.4709
4344,-25.0,546936,0.4269
4345,-100.95,547436,0.4834
4346,191.14,547626,0.463
4347,-25.0,547632,0.4111
4348,-25.0,547638,0.5161
4349,182.13,548116,0.4637
4350,-25.0,548122,0.5282
4351,-25.0,548128,0.4954
4352,-141.13,548567,0.454
4353,-25.0,548573,0.5545
4354,-25.0,548579,0.4951
4355,-183.21,548745,0.47
4356,-25.0,548751,0.4926
4357,-25.0,548757,0.5397
4358,255.27,548965,0.4744
4359,-25.0,548971,0.4567
4360,-25.0,548977,0.427
4361,292.33,549257,0.4635
4362,-25.0,549263,0.4297
4363,-25.0,549269,0.5235
4364,151.13,549423,0.4536
4365,-25.0,549429,0.5094
4366,-25.0,549435,0.4896
4367,114.48,549592,0.4852
4368,-25.0,549598,0.5192
4369,-25.0,549604,0.5444
4370,-266.13,550082,0.466
4371,-25.0,550088,0.4928
4372,-25.0,550094,0.5217
4373,98.74,550359,0.4661
4374,-25.0,550365,0.5491
4375,-25.0,550371,0.5255
4376,32.75,550603,0.4486
4377,-25.0,550609,0.417
4378,-25.0,550615,0.5058
4379,-73.73,551081,0.4631
4380,-25.0,551087,0.5096
4381,-25.0,551093,0.4019
4382,-152.72,551367,0.4564
4383,67.5,551377,0.3863
4384,124.02,551570,0.4637
4385,-25.0,551576,0.4406
4386,-25.0,551582,0.432
4387,95.89,552082,0.463
4388,7.63,552326,0.4609
4389,-25.0,552332,0.4583
4390,-25.0,552338,0.4736
4391,116.83,552546,0.4453
4392,-25.0,552552,0.4899
4393,-25.0,552558,0.4015
4394,220.75,552889,0.4485
4395,-25.0,552895,0.4623
4396,-25.0,552901,0.4707
4397,153.67,553373,0.4471
4398,-25.0,553379,0.4698
4399,-25.0,553385,0.4646
4400,-150.77,553710,0.4506
4401,-25.0,553716,0.4922
4402,-25.0,553722,0.492
4403,-148.32,554170,0.4742
4404,-25.1,554176,0.4313
4405,-25.0,554182,0.4943
4406,-94.1,554618,0.455
4407,-25.0,554624,0.4421
4408,-25.0,554630,0.4589
4409,87.44,554805,0.4384
4410,-25.0,554811,0.3864
4411,-25.0,554817,0.4443
4412,-4.36,555025,0.4604
4413,-25.0,555031,0.4611
4414,-25.0,555037,0.4896
4415,-80.29,555537,0.4543
4416,-103.26,556000,0.4553
4417,-25.0,556006,0.5056
4418,-25.0,556012,0.4675
4419,70.86,556512,0.4599
4420,-118.7,556654,0.4684
4421,-25.0,556660,0.4287
4422,-25.0,556666,0.5275
4423,105.38,556802,0.4796
4424,-25.0,556808,0.3613
4425,-25.0,556814,0.4403
4426,62.15,557013,0.4539
4427,-25.0,557019,0.4871
4428,-25.0,557025,0.4304
4429,200.58,557194,0.4868
4430,-25.0,557200,0.5348
4431,-25.0,557206,0.4224
4432,154.68,557414,0.5125
4433,-25.0,557420,0.3764
4434,-25.0,557426,0.412
4435,136.21,557580,0.4848
4436,-25.0,557586,0.5219
4437,-25.0,557592,0.5203
4438,108.61,557752,0.4795
4439,-25.0,557758,0.3994
4440,-25.0,557764,0.5329
4441,183.08,557912,0.5385
4442,-25.0,557918,0.4737
4443,-25.0,557924,0.5023
4444,96.81,558189,0.5047
4445,-25.0,558195,0.5521
4446,-25.0,558201,0.4822
4447,-179.91,558595,0.5015
4448,99.75,558602,0.3899
4449,-25.0,558608,0.4503
4450,184.53,559068,0.5234
4451,-25.0,559074,0.5253
4452,-25.0,559080,0.4488
4453,-140.15,559345,0.5083
4454,-25.0,559351,0.4723
4455,-25.0,559357,0.5383
4456,-64.14,559857,0.5223
4457,86.71,560056,0.534
4458,-25.0,560062,0.5079
4459,-25.0,560068,0.4733
4460,-51.47,560568,0.4742
4461,97.66,560818,0.4648
4462,-25.0,560824,0.4589
4463,-25.0,560830,0.4488
4464,128.6,560990,0.4494
4465,-25.0,560996,0.4675
4466,-25.0,561002,0.3986
4467,-178.56,561318,0.4458
4468,-25.0,561324,0.4998
4469,-25.0,561330,0.5129
4470,-101.97,561550,0.4384
4471,-25.0,561556,0.3567
4472,-25.0,561562,0.4892
4473,142.02,561734,0.4444
4474,-25.0,561740,0.4648
4475,-25.0,561746,0.4768
4476,86.96,562122,0.4578
4477,-25.0,562128,0.4332
4478,-25.0,562134,0.4452
4479,90.97,562294,0.4571
4480,-25.0,562300,0.4604
4481,-25.0,562306,0.4356
4482,-77.63,562724,0.4598
4483,-25.0,562730,0.3867
4484,-25.0,562736,0.4067
4485,140.16,562902,0.4432
4486,-25.0,562908,0.4669
4487,-25.0,562914,0.5508
4488,-82.68,563414,0.4691
4489,241.84,563565,0.4401
4490,-25.0,563571,0.3941
4491,-25.0,563577,0.4991
4492,71.03,563911,0.4372
4493,-25.0,563917,0.3858
4494,-25.0,563923,0.5505
4495,193.95,564125,0.4668
4496,-25.0,564131,0.4336
4497,-25.0,564137,0.3702
4498,-120.36,564637,0.4564
4499,157.0,564797,0.4671
4500,-25.0,564803,0.438
4501,-25.0,564809,0.3861
4502,177.36,564999,0.4527
4503,-25.0,565005,0.5682
4504,-25.0,565011,0.4749
4505,68.34,565234,0.4666
4506,-25.0,565240,0.5423
4507,-25.0,565246,0.4554
4508,-22.03,565400,0.4309
4509,-25.0,565406,0.5157
4510,-25.0,565412,0.4921
4511,-69.28,565728,0.4672
4512,-25.0,565734,0.4157
4513,-25.0,565740,0.5233
4514,-108.93,566152,0.4802
4515,-25.0,566158,0.4853
4516,-25.0,566164,0.3974
4517,-58.88,566664,0.5248
4518,22.73,566899,0.4847
4519,-25.0,566905,0.4592
4520,-25.0,566911,0.4244
4521,40.77,567411,0.51
4522,96.41,567589,0.536
4523,-25.0,567595,0.4537
4524,-25.0,567601,0.5625
4525,86.23,567767,0.4927
4526,-25.0,567773,0.433
4527,-25.0,567779,0.397
4528,-200.01,568092,0.479
4529,-25.0,568098,0.4388
4530,-25.0,568104,0.4939
4531,224.61,568282,0.5479
4532,-25.0,568288,0.4392
4533,-25.0,568294,0.57
4534,-112.21,568601,0.533
4535,-25.0,568607,0.4817
4536,-25.0,568613,0.5379
4537,-75.96,569013,0.5314
4538,-25.0,569019,0.4445
4539,-25.0,569025,0.4518
4540,24.86,569335,0.4827
4541,-25.0,569341,0.44
4542,-25.0,569347,0.473
4543,-3.8,569546,0.5147
4544,-25.0,569552,0.5306
4545,-25.0,569558,0.4412
4546,78.3,569673,0.5199
4547,-25.0,569679,0.5434
4548,-25.0,569685,0.4974
4549,129.91,570034,0.4971
4550,-25.0,570040,0.4198
4551,-25.0,570046,0.5392
4552,36.84,570284,0.5587
4553,-25.0,570290,0.5098
4554,-25.0,570296,0.4875
4555,171.79,570471,0.5229
4556,-25.0,570477,0.5293
4557,-25.0,570483,0.4307
4558,-227.86,570766,0.4761
4559,-25.0,570772,0.5468
4560,-25.0,570778,0.5289
4561,60.64,571025,0.539
4562,-25.0,571031,0.4534
4563,-25.0,571037,0.5546
4564,157.93,571245,0.5147
4565,-25.0,571251,0.3477
4566,-25.0,571257,0.5326
4567,141.26,571453,0.515
4568,-25.0,571459,0.497
4569,-25.0,571465,0.4587
4570,-145.64,571835,0.5185
4571,-25.0,571841,0.4742
4572,-25.0,571847,0.4428
4573,-137.28,572190,0.5034
4574,-25.0,572196,0.493
4575,-25.0,572202,0.4538
4576,92.14,572467,0.4919
4577,-25.0,572473,0.3714
4578,-25.0,572479,0.4454
4579,57.56,572636,0.5166
4580,-25.0,572642,0.5524
4581,-25.0,572648,0.5685
4582,164.02,572874,0.5223
4583,-25.0,572880,0.6146
4584,-25.0,572886,0.4628
4585,-1.45,573193,0.5033
4586,-25.0,573199,0.4666
4587,-25.0,573205,0.4847
4588,30.02,573705,0.5517
4589,34.65,573901,0.5038
4590,-25.0,573907,0.6046
4591,-25.0,573913,0.5604
4592,100.5,574202,0.5445
4593,-25.0,574208,0.5173
4594,-25.0,574214,0.5948
4595,55.23,574572,0.5029
4596,-25.0,574578,0.5096
4597,-25.0,574584,0.5938
4598,91.02,574735,0.5632
4599,-25.0,574741,0.4886
4600,61.69,574862,0.5538
4601,-25.0,574868,0.5016
4602,-25.0,574874,0.4046
4603,-44.28,575160,0.4628
4604,-25.0,575166,0.4765
4605,-25.0,575172,0.4418
4606,-138.33,575672,0.449
4607,272.61,575832,0.4278
4608,-25.0,575838,0.4481
4609,-25.0,575844,0.4114
4610,95.07,576344,0.4483
4611,-58.33,576477,0.4434
4612,-25.0,576483,0.3598
4613,-25.0,576489,0.4453
4614,115.82,576796,0.4554
4615,-25.0,576802,0.5001
4616,-25.0,576808,0.47
4617,167.64,577232,0.4628
4618,-25.0,577238,0.406
4619,-25.0,577244,0.4545
4620,-142.0,577419,0.4367
4621,-25.0,577425,0.3888
4622,-25.0,577431,0.5341
4623,142.66,577576,0.4811
4624,-25.0,577582,0.493
4625,-25.0,577588,0.4604
4626,87.1,577778,0.4543
4627,-25.0,577784,0.4212
4628,-25.0,577790,0.3819
4629,71.52,578256,0.5118
4630,-25.0,578262,0.435
4631,-25.0,578268,0.4612
4632,175.92,578632,0.517
4633,-25.0,578638,0.5082
4634,-25.0,578644,0.4494
4635,-184.29,579080,0.564
4636,-25.0,579086,0.6137
4637,-25.0,579092,0.5073
4638,11.28,579592,0.5136
4639,138.75,579764,0.5315
4640,-25.0,579770,0.4405
4641,-25.0,579776,0.5441
4642,119.92,579933,0.5284
4643,-25.0,579939,0.5176
4644,-25.0,579945,0.451
4645,221.68,580177,0.5481
4646,-25.0,580183,0.63
4647,-25.0,580189,0.4078
4648,-127.4,580415,0.4787
4649,-25.0,580421,0.4888
4650,-25.0,580427,0.4611
4651,116.3,580578,0.57
4652,-25.0,580584,0.5423
4653,-25.0,580590,0.4859
4654,198.31,580786,0.5026
4655,-25.0,580792,0.4964
4656,-25.0,580798,0.4482
4657,-26.45,581298,0.4906
4658,147.86,581434,0.4915
4659,-25.0,581440,0.4654
4660,-25.0,581446,0.5082
4661,104.15,581588,0.5648
4662,-25.0,581594,0.5548
4663,-25.0,581600,0.5303
4664,94.9,581763,0.4947
4665,-25.0,581769,0.4368
4666,-25.0,581775,0.4155
4667,82.07,581950,0.4976
4668,-25.0,581956,0.5186
4669,-25.0,581962,0.5136
4670,186.33,582152,0.4881
4671,-25.0,582158,0.57
4672,-25.0,582164,0.5759
4673,50.8,582549,0.5904
4674,-25.0,582555,0.4702
4675,-25.0,582561,0.5257
4676,102.6,582769,0.4816
4677,-25.0,582775,0.4262
4678,-25.0,582781,0.4221
4679,141.5,582926,0.5268
4680,-25.0,582932,0.4347
4681,-25.0,582938,0.4452
4682,112.5,583083,0.4959
4683,-25.0,583089,0.5111
4684,-25.0,583095,0.4524
4685,226.91,583291,0.5137
4686,-25.0,583297,0.4543
4687,-25.0,583303,0.3727
4688,116.49,583700,0.4781
4689,-25.0,583706,0.5128
4690,-25.0,583712,0.5174
4691,191.54,583956,0.53
4692,-25.0,583962,0.5064
4693,-25.0,583968,0.6172
4694,116.25,584140,0.5301
4695,-25.0,584146,0.4832
4696,-25.0,584152,0.5469
4697,101.06,584342,0.5673
4698,-25.0,584348,0.5012
4699,-25.0,584354,0.5746
4700,-168.55,584682,0.5149
4701,-25.0,584688,0.4924
4702,-25.0,584694,0.4962
4703,-182.88,585194,0.5274
4704,109.16,585207,0.4578
4705,-79.28,585472,0.5053
4706,-25.0,585478,0.5089
4707,-25.0,585484,0.5139
4708,224.19,585698,0.472
4709,-25.0,585704,0.5494
4710,-25.0,585710,0.5051
4711,102.11,585876,0.5772
4712,-25.0,585882,0.5046
4713,-25.0,585888,0.4429
4714,89.55,586066,0.5564
4715,-25.0,586072,0.4679
4716,-25.0,586078,0.5495
4717,27.76,586172,0.514
4718,-25.0,586178,0.4951
4719,-25.0,586184,0.4331
4720,-80.0,586305,0.496
4721,-25.0,586311,0.3484
4722,-25.0,586317,0.4118
4723,180.46,586498,0.5276
4724,-25.0,586504,0.5781
4725,-25.0,586510,0.5142
4726,123.3,586688,0.5371
4727,-25.0,586694,0.5
4728,-25.0,586700,0.5053
4729,-172.0,586869,0.4994
4730,-25.0,586875,0.4176
4731,-25.0,586881,0.3734
4732,-211.04,587266,0.5036
4733,-25.0,587272,0.4939
4734,-25.0,587278,0.428
4735,-61.46,587495,0.4854
4736,-25.0,587501,0.3686
4737,-25.0,587507,0.4961
4738,59.94,587910,0.5272
4739,-25.0,587916,0.597
4740,-25.0,587922,0.5694
4741,33.96,588085,0.4791
4742,-25.0,588091,0.564
4743,-25.0,588097,0.4482
4744,55.76,588597,0.5243
4745,-41.84,589057,0.5258
4746,-25.0,589063,0.5357
4747,-25.0,589069,0.4989
4748,106.11,589241,0.5472
4749,-25.0,589247,0.5279
4750,-25.0,589253,0.4727
4751,-129.6,589566,0.528
4752,-25.0,589572,0.5176
4753,-25.0,589578,0.5033
4754,39.18,589678,0.5163
4755,-25.0,589684,0.4495
4756,-25.0,589690,0.415
4757,216.0,589940,0.4848
4758,-25.0,589946,0.5278
4759,-25.0,589952,0.5494
4760,-85.14,590452,0.5133
4761,145.22,590675,0.5504
4762,-25.0,590681,0.4394
4763,-25.0,590687,0.5163
4764,-13.75,591102,0.514
4765,-25.0,591108,0.4601
4766,-25.0,591114,0.5292
4767,-134.67,591322,0.5634
4768,-25.0,591328,0.4794
4769,-25.0,591334,0.5532
4770,-40.17,591473,0.4818
4771,-25.0,591479,0.4415
4772,-25.0,591485,0.3967
4773,-3.16,591985,0.4995
4774,38.82,592485,0.5368
4775,-48.95,592630,0.5505
4776,-25.0,592636,0.431
4777,-25.0,592642,0.4105
4778,112.26,592754,0.5055
4779,-25.0,592760,0.5261
4780,-25.0,592766,0.4851
4781,251.39,593085,0.5027
4782,-25.0,593091,0.4335
4783,59.84,593591,0.5267
4784,-34.87,593751,0.4853
4785,-25.0,593757,0.5915
4786,-25.0,593763,0.5043
4787,89.9,593971,0.4938
4788,-25.0,593977,0.4095
4789,-25.0,593983,0.5496
4790,127.8,594176,0.4916
4791,-25.0,594182,0.4135
4792,-25.0,594188,0.5107
4793,37.74,594309,0.5236
4794,-25.0,594315,0.5926
4795,-25.0,594321,0.3701
4796,-147.11,594691,0.5529
4797,-25.0,594697,0.4888
4798,-25.0,594703,0.3475
4799,118.05,594887,0.537
4800,-25.0,594893,0.596
4801,-25.0,594899,0.5512
4802,43.4,595152,0.5493
4803,-25.0,595158,0.4209
4804,-25.0,595164,0.5225
4805,104.76,595336,0.498
4806,-25.0,595342,0.4683
4807,-25.0,595348,0.4243
4808,203.99,595583,0.5295
4809,-25.0,595589,0.4603
4810,-25.0,595595,0.5137
4811,-196.32,596010,0.5447
4812,-25.0,596016,0.5317
4813,-25.0,596022,0.5105
4814,-150.21,596263,0.5756
4815,-25.0,596269,0.4266
4816,-25.0,596275,0.6112
4817,-87.1,596456,0.4926
4818,-25.0,596462,0.5151
4819,-25.0,596468,0.5926
4820,196.17,596679,0.534
4821,-25.0,596685,0.4585
4822,-57.47,597004,0.521
4823,-25.0,597010,0.4774
4824,-25.0,597016,0.4384
4825,57.3,597203,0.4979
4826,-25.0,597209,0.5448
4827,-25.0,597215,0.3539
4828,-27.25,597534,0.5083
4829,-25.0,597540,0.4496
4830,-25.0,597546,0.5099
4831,30.34,597679,0.4781
4832,-25.0,597685,0.4601
4833,-25.0,597691,0.5058
4834,59.57,597914,0.5215
4835,-25.0,597920,0.6002
4836,-25.0,597926,0.5376
4837,185.45,598173,0.4796
4838,-25.0,598179,0.4195
4839,-25.0,598185,0.4287
4840,107.75,598411,0.5191
4841,-25.0,598417,0.4664
4842,-25.0,598423,0.4515
4843,19.11,598523,0.4916
4844,-25.0,598529,0.4777
4845,-25.0,598535,0.3949
4846,-6.2,598725,0.5335
4847,-25.0,598731,0.4876
4848,-25.0,598737,0.4817
4849,-11.56,599161,0.5199
4850,-25.0,599167,0.5277
4851,-25.0,599173,0.5175
4852,-59.27,599673,0.4827
4853,115.94,599863,0.515
4854,-25.0,599869,0.4943
4855,-25.0,599875,0.453
4856,10.67,600032,0.6011
4857,-25.0,600038,0.4502
4858,-25.0,600044,0.5502
4859,54.25,600156,0.5519
4860,-25.0,600162,0.5339
4861,-25.0,600168,0.5542
4862,125.22,600668,0.4838
4863,-112.14,600870,0.5174
4864,-25.0,600876,0.447
4865,-25.0,600882,0.4138
4866,92.99,601060,0.5205
4867,-25.0,601066,0.5245
4868,-25.0,601072,0.5118
4869,153.79,601226,0.5305
4870,-25.0,601232,0.5059
4871,-25.0,601238,0.4909
4872,-73.66,601503,0.5235
4873,-25.0,601509,0.5097
4874,-25.0,601515,0.4748
4875,-48.81,601999,0.4942
4876,-25.0,602005,0.5014
4877,-25.0,602011,0.5508
4878,4.59,602375,0.5344
4879,-25.0,602381,0.5016
4880,-25.0,602387,0.5157
4881,19.38,602887,0.5258
4882,-45.67,603014,0.522
4883,-25.0,603020,0.6117
4884,-25.0,603026,0.6221
4885,-16.82,603526,0.5037
4886,98.06,603683,0.5047
4887,-25.0,603689,0.4749
4888,-25.0,603695,0.4259
4889,-36.3,603915,0.5612
4890,-25.0,603921,0.4688
4891,-25.0,603927,0.415
4892,-5.3,604024,0.5177
4893,-25.0,604030,0.4853
4894,-25.0,604036,0.5445
4895,23.92,604241,0.5065
4896,-25.0,604247,0.496
4897,-25.0,604253,0.5422
4898,18.5,604665,0.5296
4899,-25.0,604671,0.5695
4900,-25.0,604677,0.4998
4901,49.95,605177,0.5077
4902,-123.68,605289,0.4618
4903,-25.0,605295,0.5303
4904,-25.0,605301,0.4001
4905,75.86,605422,0.5537
4906,-25.0,605428,0.5438
4907,-25.0,605434,0.4582
4908,-2.04,605567,0.5597
4909,-25.0,605573,0.5788
4910,-25.0,605579,0.6057
4911,74.47,605787,0.5509
4912,-25.0,605793,0.4319
4913,-25.0,605799,0.516
4914,-240.9,606043,0.505
4915,-25.0,606049,0.4253
4916,-25.0,606055,0.497
4917,-98.35,606548,0.5322
4918,-25.0,606554,0.5268
4919,-25.0,606560,0.465
4920,-42.7,606783,0.5577
4921,-25.0,606789,0.4424
4922,-25.0,606795,0.5133
4923,80.96,606937,0.5117
4924,-25.0,606943,0.5391
4925,-25.0,606949,0.4113
4926,-63.07,607082,0.5447
4927,-25.0,607088,0.3755
4928,-25.0,607094,0.505
4929,77.3,607299,0.5001
4930,-25.0,607305,0.3899
4931,-25.0,607311,0.3747
4932,-226.73,607591,0.5087
4933,-25.0,607597,0.4403
4934,-188.61,607712,0.5011
4935,-25.0,607718,0.4686
4936,-25.0,607724,0.5113
4937,-42.35,607848,0.5037
4938,-25.0,607854,0.455
4939,-25.0,607860,0.5312
4940,-6.73,607978,0.474
4941,-25.0,607984,0.5257
4942,-25.0,607990,0.4648
4943,47.8,608120,0.4783
4944,-25.0,608126,0.613
4945,-25.0,608132,0.5213
4946,-101.06,608325,0.4498
4947,-25.0,608331,0.4591
4948,-25.0,608337,0.5083
4949,-75.61,608563,0.5134
4950,-47.08,608906,0.5086
4951,-25.0,608912,0.511
4952,-25.0,608918,0.5141
4953,-12.35,609060,0.5
4954,-25.0,609066,0.4754
4955,-25.0,609072,0.408
4956,2.03,609334,0.4894
4957,-25.0,609340,0.5756
4958,-25.0,609346,0.4773
4959,-67.6,609846,0.4945
4960,10.95,610303,0.5403
4961,-25.0,610309,0.4939
4962,-25.0,610315,0.454
4963,-18.39,610733,0.4944
4964,-25.0,610739,0.4801
4965,-25.0,610745,0.4363
4966,142.04,610914,0.5298
4967,-25.0,610920,0.5229
4968,-25.0,610926,0.5385
4969,-136.75,611426,0.534
4970,-25.1,611432,0.5559
4971,-25.0,611438,0.5391
4972,-167.68,611553,0.5104
4973,-25.0,611559,0.4486
4974,-25.0,611565,0.5146
4975,-94.07,611860,0.5292
4976,-25.0,611866,0.3815
4977,-25.0,611872,0.468
4978,113.7,612047,0.4905
4979,-25.0,612053,0.5433
4980,-25.0,612059,0.437
4981,-174.69,612228,0.5034
4982,-25.0,612234,0.5746
4983,-25.0,612240,0.4887
4984,42.41,612391,0.5489
4985,-25.0,612397,0.5352
4986,-25.0,612403,0.5941
4987,215.58,612593,0.5248
4988,-25.0,612599,0.4963
4989,-25.0,612605,0.4525
4990,255.1,612987,0.5178
4991,-25.0,612993,0.5345
4992,-25.0,612999,0.3964
4993,15.02,613186,0.4977
4994,-25.0,613192,0.4121
4995,-25.0,613198,0.5027
4996,129.31,613364,0.5122
4997,-25.0,613370,0.5546
4998,-25.0,613376,0.4657
4999,-72.52,613587,0.4675
5000,-25.0,613593,0.5147
5001,-25.0,613599,0.3872
5002,-43.04,613849,0.4902
5003,-25.0,613855,0.3943
5004,-25.0,613861,0.4787
5005,63.59,614195,0.5081
5006,-25.0,614201,0.4194
5007,-25.0,614207,0.4483
5008,-197.58,614400,0.4862
5009,-25.0,614406,0.469
5010,-25.0,614412,0.6258
5011,110.15,614560,0.5209
5012,-25.0,614566,0.4471
5013,-25.0,614572,0.469
5014,-123.11,614705,0.5448
5015,-25.0,614711,0.5706
5016,-25.0,614717,0.6903
5017,86.11,614901,0.5403
5018,-25.0,614907,0.4968
5019,-25.0,614913,0.5056
5020,217.77,615413,0.5245
5021,-202.72,615534,0.5051
5022,-25.0,615540,0.3981
5023,-25.0,615546,0.5039
5024,34.98,616046,0.5656
5025,113.26,616395,0.5189
5026,-25.0,616401,0.403
5027,-25.0,616407,0.4348
5028,-127.32,616531,0.4895
5029,-25.0,616537,0.4313
5030,-25.0,616543,0.4785
5031,54.18,616910,0.4892
5032,-25.0,616916,0.3853
5033,-25.0,616922,0.3899
5034,22.79,617055,0.5452
5035,-25.0,617061,0.5886
5036,-25.0,617067,0.4046
5037,-53.74,617206,0.5211
5038,-25.0,617212,0.4011
5039,-25.0,617218,0.5689
5040,101.94,617396,0.477
5041,-25.0,617402,1.4026
5042,-25.0,617408,0.5863
5043,-21.5,617559,0.5055
5044,-25.0,617565,0.4431
5045,-25.0,617571,0.4975
5046,208.46,617797,0.5107
5047,-25.0,617803,0.4876
5048,-25.0,617809,0.5252
5049,-85.01,617993,0.4822
5050,-25.0,617999,0.4348
5051,-25.0,618005,0.4218
5052,96.39,618378,0.5079
5053,-25.0,618384,0.4291
5054,-25.0,618390,0.4799
5055,9.56,618490,0.4668
5056,-25.0,618496,0.4501
5057,-25.0,618502,0.4208
5058,110.33,618638,0.4961
5059,-25.0,618644,0.5199
5060,-25.0,618650,0.5586
5061,33.98,618771,0.4738
5062,-25.0,618777,0.3947
5063,-25.0,618783,0.4721
5064,-46.47,618877,0.5508
5065,-25.0,618883,0.5456
5066,-25.0,618889,0.3803
5067,37.93,619004,0.4913
5068,-25.0,619010,0.4986
5069,-25.0,619016,0.4816
5070,-61.68,619167,0.5237
5071,-25.0,619173,0.4429
5072,-25.0,619179,0.4608
5073,-188.97,619411,0.4805
5074,-25.0,619417,0.4841
5075,-25.0,619423,0.4354
5076,-13.39,619607,0.5022
5077,-25.0,619613,0.5096
5078,-25.0,619619,0.528
5079,99.71,619743,0.5799
5080,-25.0,619749,0.6599
5081,-25.0,619755,0.5844
5082,100.59,620248,0.5357
5083,-25.0,620254,0.4989
5084,-25.0,620260,0.4565
5085,84.42,620471,0.5137
5086,-25.0,620477,0.6277
5087,-25.0,620483,0.4936
5088,66.94,620634,0.496
5089,-25.0,620640,0.4416
5090,-25.0,620646,0.4246
5091,0.7,620812,0.5114
5092,-25.0,620818,0.4649
5093,-25.0,620824,0.3889
5094,61.01,621324,0.515
5095,12.35,621463,0.5882
5096,-25.0,621469,0.4487
5097,-25.0,621475,0.5405
5098,24.26,621975,0.5074
5099,-25.0,621981,0.5364
5100,-25.0,621987,0.496
5101,83.15,622324,0.5132
5102,-25.0,622330,0.5859
5103,-25.0,622336,0.4624
5104,103.45,622836,0.5526
5105,-25.1,622842,0.4578
5106,-25.0,622848,0.4727
5107,50.83,623104,0.4953
5108,-25.0,623110,0.4421
5109,-25.0,623116,0.4558
5110,14.6,623378,0.5073
5111,-25.0,623384,0.423
5112,-25.0,623390,0.4829
5113,19.57,623890,0.544
5114,-54.22,623996,0.5044
5115,-25.0,624002,0.4427
5116,-25.0,624008,0.414
5117,116.72,624508,0.5427
5118,-361.9,624665,0.5365
5119,-25.0,624671,0.4682
5120,-25.0,624677,0.4984
5121,211.42,624864,0.5433
5122,-25.0,624870,0.4787
5123,-25.0,624876,0.4279
5124,121.99,625018,0.5204
5125,-25.0,625024,0.4049
5126,-25.0,625030,0.458
5127,50.38,625187,0.4948
5128,-25.0,625193,0.5337
5129,-25.0,625199,0.5024
5130,114.65,625479,0.4944
5131,-25.0,625485,0.4971
5132,69.95,625690,0.5259
5133,-25.0,625696,0.5028
5134,-25.0,625702,0.4027
5135,220.49,626084,0.5484
5136,-25.0,626090,0.5118
5137,-25.0,626096,0.5404
5138,17.4,626596,0.5274
5139,-144.78,627020,0.5047
5140,-25.0,627026,0.6092
5141,-25.0,627032,0.5607
5142,34.64,627183,0.5212
5143,-25.0,627189,0.4369
5144,-25.0,627195,0.5346
5145,-33.53,627313,0.5957
5146,-25.0,627319,0.5462
5147,-25.0,627325,0.4983
5148,143.74,627455,0.4939
5149,-25.0,627461,0.4221
5150,-25.0,627467,0.629
5151,209.42,627666,0.5229
5152,-25.0,627672,0.467
5153,-25.0,627678,0.5416
5154,140.87,627856,0.5011
5155,-25.0,627862,0.4495
5156,-25.0,627868,0.5146
5157,-10.58,628160,0.5336
5158,-25.0,628166,0.5147
5159,-25.0,628172,0.5502
5160,179.32,628410,0.5074
5161,-25.0,628416,0.4803
5162,-25.0,628422,0.431
5163,-122.76,628882,0.528
5164,-25.0,628888,0.3496
5165,-25.0,628894,0.451
5166,57.87,629057,0.5055
5167,-25.0,629063,0.3978
5168,-25.0,629069,0.4686
5169,-189.56,629298,0.5286
5170,-25.0,629304,0.4826
5171,-25.0,629310,0.4252
5172,171.14,629545,0.4921
5173,-25.0,629551,0.5161
5174,-25.0,629557,0.4821
5175,60.23,629717,0.5421
5176,-25.0,629723,0.4657
5177,-25.0,629729,0.4521
5178,66.3,629949,0.5058
5179,-25.0,629955,0.4696
5180,-25.0,629961,0.6203
5181,53.06,630172,0.518
5182,-25.0,630178,0.5208
5183,-25.0,630184,0.4851
5184,-161.67,630374,0.4823
5185,-25.0,630380,0.4329
5186,-25.0,630386,0.5042
5187,153.88,630555,0.5281
5188,-25.0,630561,0.5376
5189,-25.0,630567,0.4449
5190,-62.9,630694,0.5419
5191,-25.0,630700,0.4388
5192,-25.0,630706,0.3671
5193,99.39,630875,0.4846
5194,-25.0,630881,0.6176
5195,-25.0,630887,0.6355
5196,-37.38,631026,0.4808
5197,-25.0,631032,0.5064
5198,-25.0,631038,0.4623
5199,180.98,631207,0.4734
5200,-25.0,631213,0.533
5201,-25.0,631219,0.4526
5202,139.36,631719,0.5242
5203,-52.53,631927,0.4951
5204,-25.0,631933,0.5582
5205,-25.0,631939,0.4751
5206,111.6,632129,0.5186
5207,-25.0,632135,0.5549
5208,-25.0,632141,0.5462
5209,175.34,632403,0.4833
5210,-25.0,632409,0.4213
5211,-25.0,632415,0.4273
5212,145.64,632701,0.5439
5213,-25.0,632707,0.5921
5214,-25.0,632713,0.5326
5215,122.49,632867,0.4844
5216,-25.0,632873,0.5506
5217,-25.0,632879,0.4386
5218,173.35,633042,0.4645
5219,-25.0,633048,0.5037
5220,-25.0,633054,0.3836
5221,-29.31,633229,0.4775
5222,-25.0,633235,0.5155
5223,-25.0,633241,0.4332
5224,42.58,633482,0.5252
5225,-25.0,633488,0.4829
5226,-25.0,633494,0.5311
5227,91.95,633726,0.4567
5228,-25.0,633732,0.4165
5229,-25.0,633738,0.4574
5230,95.12,633868,0.4727
5231,-25.0,633874,0.5334
5232,-25.0,633880,0.5295
5233,124.65,634037,0.45
5234,-25.0,634043,0.4957
5235,-25.0,634049,0.4043
5236,-12.52,634263,0.5101
5237,-25.0,634269,0.4947
5238,-25.0,634275,0.4995
5239,99.46,634396,0.5064
5240,-25.0,634402,0.4419
5241,-25.0,634408,0.4263
5242,46.58,634523,0.4987
5243,-25.0,634529,0.5108
5244,-25.0,634535,0.4765
5245,213.88,634749,0.4725
5246,-25.0,634755,0.4634
5247,-25.0,634761,0.5615
5248,120.84,634933,0.517
5249,-25.0,634939,0.4235
5250,-25.0,634945,0.4373
5251,128.77,635090,0.5014
5252,-25.0,635096,0.4958
5253,-25.0,635102,0.3945
5254,-137.35,635238,0.4772
5255,-25.0,635244,0.4965
5256,-25.0,635250,0.4375
5257,-113.45,635383,0.5129
5258,-25.0,635389,0.468
5259,-25.0,635395,0.5366
5260,21.87,635516,0.5076
5261,-25.0,635522,0.541
5262,-25.0,635528,0.5082
5263,39.35,635685,0.5815
5264,-25.0,635691,0.5359
5265,-25.0,635697,0.4904
5266,121.53,635863,0.5989
5267,-25.0,635869,0.5105
5268,-25.0,635875,0.5165
5269,63.28,636020,0.5465
5270,-25.0,636026,0.4636
5271,-25.0,636032,0.564
5272,90.74,636150,0.5223
5273,-25.0,636156,0.47
5274,-25.0,636162,0.3866
5275,-73.12,636655,0.5311
5276,-25.0,636661,0.4601
5277,-25.0,636667,0.4146
5278,55.86,636773,0.5857
5279,-25.0,636779,0.4739
5280,-25.0,636785,0.3994
5281,50.06,637149,0.5099
5282,-25.0,637155,0.471
5283,-25.0,637161,0.5439
5284,-66.92,637330,0.5707
5285,-25.0,637336,0.5025
5286,-25.0,637342,0.4704
5287,87.6,637842,0.4922
5288,-99.47,638059,0.5483
5289,-25.0,638065,0.5318
5290,-25.0,638071,0.5402
5291,133.02,638279,0.562
5292,-25.0,638285,0.4755
5293,-25.0,638291,0.5486
5294,48.33,638562,0.5078
5295,-25.0,638568,0.5356
5296,-25.0,638574,0.5496
5297,-27.02,638794,0.5406
5298,-25.0,638800,0.4213
5299,-25.0,638806,0.5188
5300,55.89,638954,0.4982
5301,-25.0,638960,0.5415
5302,-25.0,638966,0.5649
5303,-7.58,639264,0.5521
5304,-25.0,639270,0.5048
5305,-25.0,639276,0.4626
5306,122.95,639409,0.58
5307,-25.0,639415,0.5419
5308,-25.0,639421,0.5132
5309,98.21,639563,0.5367
5310,-25.0,639569,0.4626
5311,-25.0,639575,0.4669
5312,30.08,639888,0.5191
5313,-25.0,639894,0.5395
5314,-25.0,639900,0.5023
5315,235.54,640108,0.4828
5316,-25.0,640114,0.4402
5317,-25.0,640120,0.4923
5318,54.72,640310,0.4898
5319,-25.0,640316,0.5696
5320,-25.0,640322,0.4999
5321,42.42,640698,0.534
5322,-25.0,640704,0.4514
5323,-25.0,640710,0.4956
5324,-85.23,640846,0.5789
5325,-25.0,640852,0.4105
5326,-25.0,640858,0.3743
5327,81.83,641066,0.4849
5328,-25.0,641072,0.3939
5329,-25.0,641078,0.4281
5330,-26.63,641349,0.4935
5331,-25.0,641355,0.3751
5332,-25.0,641361,0.5018
5333,17.41,641482,0.5297
5334,-25.0,641488,0.4771
5335,-25.0,641494,0.5702
5336,34.97,641699,0.5318
5337,-25.0,641705,0.5197
5338,-25.0,641711,0.3596
5339,26.74,641907,0.5034
5340,-25.0,641913,0.4129
5341,-25.0,641919,0.4815
5342,-183.11,642082,0.5046
5343,-25.0,642088,0.5115
5344,-25.0,642094,0.5411
5345,105.52,642242,0.522
5346,-25.0,642248,0.4888
5347,-25.0,642254,0.4929
5348,109.72,642372,0.5566
5349,-25.0,642378,0.499
5350,-25.0,642384,0.5532
5351,-207.79,642574,0.5527
5352,-25.0,642580,0.4512
5353,-25.0,642586,0.5872
5354,96.67,642743,0.5575
5355,-25.0,642749,0.4103
5356,-25.0,642755,0.4689
5357,-0.85,642846,0.502
5358,-25.0,642852,0.441
5359,-25.0,642858,0.4121
5360,88.71,642991,0.5696
5361,-25.0,642997,0.4967
5362,-25.0,643003,0.5044
5363,234.15,643205,0.528
5364,-25.0,643211,0.4294
5365,-25.0,643217,0.4602
5366,-142.73,643365,0.5229
5367,-25.0,643371,0.4236
5368,-25.0,643377,0.5174
5369,23.31,643576,0.5675
5370,-25.0,643582,0.3932
5371,-25.0,643588,0.489
5372,112.06,643739,0.5515
5373,-25.0,643745,0.4061
5374,-25.0,643751,0.503
5375,-157.65,643851,0.5302
5376,-25.0,643857,0.507
5377,-25.0,643863,0.4599
5378,45.42,644038,0.4633
5379,-25.0,644044,0.4881
5380,-25.0,644050,0.5618
5381,10.45,644453,0.5063
5382,-25.0,644459,0.3613
5383,-25.0,644465,0.531
5384,156.15,644631,0.5397
5385,-25.0,644637,0.4912
5386,-25.0,644643,0.5316
5387,95.68,644839,0.5038
5388,-25.0,644845,0.4623
5389,-25.0,644851,0.506
5390,-50.51,644981,0.5019
5391,-25.0,644987,0.5676
5392,-25.0,644993,0.5388
5393,6.13,645177,0.5103
5394,-25.0,645183,0.5048
5395,-25.0,645189,0.4861
5396,27.41,645331,0.6048
5397,-25.0,645337,0.5179
5398,-25.0,645343,0.4212
5399,69.92,645635,0.545
5400,-25.0,645641,0.4434
5401,-25.0,645647,0.3764
5402,-135.94,645822,0.5478
5403,-25.0,645828,0.4143
5404,-25.0,645834,0.5533
5405,105.58,646006,0.5086
5406,-25.0,646012,0.4293
5407,-25.0,646018,0.4894
5408,125.59,646256,0.523
5409,-25.0,646262,0.4812
5410,-25.0,646268,0.4497
5411,30.85,646593,0.5555
5412,-25.0,646599,0.4094
5413,-25.0,646605,0.549
5414,220.27,646792,0.5468
5415,-25.0,646798,0.583
5416,-25.0,646804,0.4481
5417,110.04,647033,0.5522
5418,-25.0,647039,0.5154
5419,-25.0,647045,0.5492
5420,203.54,647355,0.5423
5421,-25.0,647361,0.4808
5422,-25.0,647367,0.4053
5423,131.68,647530,0.5326
5424,-25.0,647536,0.5161
5425,-25.0,647542,0.4631
5426,107.68,647696,0.4981
5427,-25.0,647702,0.4837
5428,-25.0,647708,0.5485
5429,-86.93,648105,0.5347
5430,-25.0,648111,0.4512
5431,-25.0,648117,0.633
5432,236.16,648298,0.5027
5433,-25.0,648304,0.443
5434,-25.0,648310,0.4155
5435,178.59,648503,0.6361
5436,-25.0,648509,0.4329
5437,-25.0,648515,0.4742
5438,-168.89,648798,0.4991
5439,-25.0,648804,0.514
5440,-25.0,648810,0.3544
5441,36.4,649030,0.5056
5442,-25.0,649036,0.4235
5443,-25.0,649042,0.4751
5444,137.34,649208,0.5616
5445,-25.0,649214,0.4773
5446,-25.0,649220,0.4522
5447,-171.28,649428,0.4708
5448,-25.0,649434,0.4741
5449,-25.0,649440,0.5922
5450,46.6,649582,0.5076
5451,-25.0,649588,0.4692
5452,-25.0,649594,0.5056
5453,57.44,649772,0.5064
5454,-25.0,649778,0.5031
5455,-25.0,649784,0.5923
5456,-18.27,649911,0.5818
5457,-25.0,649917,0.4906
5458,-25.0,649923,0.4495
5459,177.95,650113,0.4725
5460,-25.0,650119,0.5149
5461,-25.0,650125,0.4135
5462,-42.52,650225,0.525
5463,-25.0,650231,0.4699
5464,-25.0,650237,0.5346
5465,-29.06,650352,0.484
5466,-25.0,650358,0.5688
5467,-25.0,650364,0.459
5468,-60.35,650467,0.544
5469,-25.0,650473,0.5521
5470,-25.0,650479,0.5221
5471,-25.98,650621,0.515
5472,-25.0,650627,0.5519
5473,-25.0,650633,0.4975
5474,-241.28,650898,0.5152
5475,-25.0,650904,0.6717
5476,-25.0,650910,0.4923
5477,-156.72,651220,0.5537
5478,-25.0,651226,0.3553
5479,-25.0,651232,0.4223
5480,-2.21,651732,0.5399
5481,-251.63,652030,0.5718
5482,-25.0,652036,0.5801
5483,-25.0,652042,0.5215
5484,-21.5,652139,0.4839
5485,-25.0,652145,0.5487
5486,-25.0,652151,0.4665
5487,-164.93,652278,0.4895
5488,-25.0,652284,0.4185
5489,-25.0,652290,0.5489
5490,123.95,652438,0.6985
5491,-25.0,652444,0.5654
5492,-25.0,652450,0.4667
5493,110.68,652784,0.5645
5494,-25.0,652790,0.4038
5495,-25.0,652796,0.4927
5496,147.77,653178,0.6019
5497,-25.0,653184,0.3946
5498,-25.0,653190,0.4585
5499,144.39,653440,0.5635
5500,-25.0,653446,0.471
5501,-25.0,653452,0.5723
5502,-21.94,653561,0.4861
5503,-25.0,653567,0.5259
5504,-25.0,653573,0.5459
5505,17.36,653682,0.57
5506,-25.0,653688,0.4645
5507,-25.0,653694,0.4062
5508,59.28,653926,0.5022
5509,-25.0,653932,0.5947
5510,-25.0,653938,0.5256
5511,-127.18,654377,0.502
5512,-25.0,654383,0.5906
5513,-25.0,654389,0.5506
5514,99.56,654531,0.4819
5515,-25.0,654537,0.6897
5516,-25.0,654543,0.3979
5517,95.14,654685,0.5808
5518,-25.0,654691,0.4595
5519,-25.0,654697,0.4327
5520,92.61,654863,0.5213
5521,-25.0,654869,0.5596
5522,-25.0,654875,0.4827
5523,101.48,654987,0.5553
5524,-25.0,654993,0.4157
5525,-25.0,654999,0.4579
5526,153.89,655150,0.4695
5527,-25.0,655156,0.4151
5528,-25.0,655162,0.4772
5529,-73.43,655262,0.49
5530,-25.0,655268,0.5444
5531,-25.0,655274,0.5853
5532,175.03,655467,0.4863
5533,-25.0,655473,0.5538
5534,-25.0,655479,0.5601
5535,121.2,655756,0.502
5536,-25.0,655762,0.4631
5537,-25.0,655768,0.4818
5538,-43.81,656174,0.4935
5539,-25.0,656180,0.5401
5540,-25.0,656186,0.4711
5541,142.38,656355,0.4943
5542,-205.78,656362,0.4508
5543,-25.0,656368,0.5018
5544,182.56,656591,0.5126
5545,-25.0,656597,0.466
5546,-25.0,656603,0.4638
5547,78.05,656763,0.6025
5548,-25.0,656769,0.5916
5549,-25.0,656775,0.4342
5550,-206.66,657073,0.4988
5551,-25.1,657079,0.5353
5552,-25.0,657085,0.4679
5553,117.65,657311,0.5738
5554,-25.0,657317,0.4921
5555,-25.0,657323,0.4946
5556,-43.05,657474,0.4345
5557,-25.0,657480,0.5601
5558,-25.0,657486,0.4142
5559,-12.52,657661,0.4861
5560,-25.0,657667,0.5194
5561,-25.0,657673,0.5642
5562,126.0,657800,0.5752
5563,-25.0,657806,0.4531
5564,-25.0,657812,0.5235
5565,173.48,658071,0.558
5566,-25.0,658077,0.4213
5567,-25.0,658083,0.555
5568,217.06,658420,0.4922
5569,-25.0,658426,0.4561
5570,-25.0,658432,0.5494
5571,77.02,658703,0.4683
5572,-25.0,658709,0.4244
5573,-25.0,658715,0.5128
5574,39.61,659215,0.4536
5575,-21.87,659411,0.4461
5576,-25.0,659417,0.5372
5577,-25.0,659423,0.3955
5578,-54.63,659607,0.4727
5579,-25.0,659613,0.516
5580,-25.0,659619,0.5028
5581,155.45,659857,0.449
5582,-25.0,659863,0.5026
5583,-25.0,659869,0.428
5584,-30.01,660203,0.4533
5585,-25.0,660209,0.5273
5586,-25.0,660215,0.3557
5587,22.9,660384,0.4254
5588,-25.0,660390,0.4872
5589,-25.0,660396,0.4546
5590,67.28,660607,0.4396
5591,-25.0,660613,0.4545
5592,-25.0,660619,0.432
5593,-6.57,660932,0.4564
5594,-25.0,660938,0.4312
5595,-25.0,660944,0.5349
5596,15.38,661119,0.4749
5597,-25.0,661125,0.52
5598,-25.0,661131,0.5432
5599,17.81,661573,0.4685
5600,-25.0,661579,0.4642
5601,-25.0,661585,0.3791
5602,71.21,661733,0.4333
5603,-25.0,661739,0.546
5604,-25.0,661745,0.5109
5605,-39.62,662178,0.4607
5606,-25.0,662184,0.4374
5607,-25.0,662190,0.4621
5608,157.79,662560,0.443
5609,-25.0,662566,0.4574
5610,-25.0,662572,0.4693
5611,35.31,663035,0.4384
5612,-25.0,663041,0.405
5613,-25.0,663047,0.4536
5614,-76.44,663547,0.4619
5615,130.39,663755,0.4983
5616,-25.0,663761,0.5087
5617,-25.0,663767,0.4378
5618,24.38,664191,0.5041
5619,-25.0,664197,0.4186
5620,-25.0,664203,0.5074
5621,166.3,664390,0.4734
5622,-25.0,664396,0.4106
5623,-25.0,664402,0.5208
5624,57.21,664902,0.4991
5625,-158.69,664918,0.4758
5626,49.55,665060,0.4447
5627,-25.0,665066,0.5755
5628,-25.0,665072,0.4612
5629,137.24,665202,0.4761
5630,-25.0,665208,0.4502
5631,-25.0,665214,0.4423
5632,108.83,665383,0.4388
5633,-25.0,665389,0.464
5634,-25.0,665395,0.4015
5635,99.74,665582,0.5093
5636,-25.0,665588,0.5344
5637,-25.0,665594,0.5341
5638,17.46,665844,0.4813
5639,-25.0,665850,0.3698
5640,-25.0,665856,0.484
5641,182.86,665995,0.4926
5642,-25.0,666001,0.4879
5643,-25.0,666007,0.5578
5644,99.44,666335,0.4798
5645,-25.0,666341,0.3896
5646,-25.0,666347,0.3701
5647,29.07,666606,0.4834
5648,-25.0,666612,0.4247
5649,-25.0,666618,0.4143
5650,182.41,666805,0.4701
5651,-25.0,666811,0.5115
5652,-25.0,666817,0.5372
5653,1.78,666953,0.4824
5654,-25.0,666959,0.4151
5655,-25.0,666965,0.3793
5656,10.58,667465,0.4798
5657,136.69,667679,0.4546
5658,-25.0,667685,0.4038
5659,-25.0,667691,0.4635
5660,237.66,668127,0.4775
5661,-25.0,668133,0.5033
5662,-25.0,668139,0.4436
5663,17.1,668281,0.5293
5664,-25.0,668287,0.4763
5665,-25.0,668293,0.3791
5666,138.92,668453,0.4702
5667,-25.0,668459,0.5313
5668,-25.0,668465,0.4845
5669,21.47,668965,0.4837
5670,74.84,669272,0.5171
5671,-25.0,669278,0.5099
5672,-25.0,669284,0.4188
5673,-135.87,669570,0.4873
5674,-25.0,669576,0.5089
5675,-25.0,669582,0.4311
5676,51.51,669712,0.4886
5677,-25.0,669718,0.5915
5678,-25.0,669724,0.4085
5679,-7.78,670224,0.4924
5680,166.28,670483,0.5047
5681,-25.0,670489,0.578
5682,-25.0,670495,0.4889
5683,43.68,670995,0.4863
5684,72.93,671197,0.4499
5685,-25.0,671203,0.5728
5686,-25.0,671209,0.4417
5687,-44.43,671519,0.5068
5688,-25.0,671525,0.5067
5689,-25.0,671531,0.5499
5690,191.56,671784,0.4746
5691,-25.0,671790,0.4911
5692,-25.0,671796,0.4861
5693,98.15,671974,0.5024
5694,-25.0,671980,0.4536
5695,-25.0,671986,0.4255
5696,139.96,672116,0.4371
5697,-25.0,672122,0.4442
5698,-25.0,672128,0.4712
5699,86.82,672297,0.4487
5700,-25.0,672303,0.4905
5701,-25.0,672309,0.4092
5702,79.52,672514,0.4408
5703,-25.0,672520,0.4671
5704,-25.0,672526,0.4656
5705,-43.77,672818,0.4366
5706,-25.0,672824,0.4912
5707,-25.0,672830,0.4035
5708,11.9,673330,0.4472
5709,109.55,673493,0.4533
5710,-25.0,673499,0.4126
5711,-25.0,673505,0.4069
5712,-41.84,673632,0.442
5713,-25.0,673638,0.4403
5714,-25.0,673644,0.4644
5715,220.75,673852,0.4655
5716,-25.0,673858,0.5087
5717,-25.0,673864,0.4688
5718,73.47,674000,0.4511
5719,-25.0,674006,0.5039
5720,-25.0,674012,0.402
5721,176.83,674355,0.4495
5722,-25.0,674361,0.4467
5723,-25.0,674367,0.4537
5724,138.16,674770,0.4566
5725,-25.0,674776,0.3833
5726,-25.0,674782,0.46
5727,52.86,674894,0.425
5728,-25.0,674900,0.3858
5729,-25.0,674906,0.4727
1,-1595.97,727,727,0.975
2,-72.0,728,1,0.5803
3,-72.0,729,1,0.5299
4,-72.0,730,1,0.5828
5,-72.0,731,1,0.9069
6,-72.0,732,1,0.5509
7,-396.6,875,143,0.7191
8,-72.0,876,1,1.5363
9,-72.0,877,1,0.4342
10,-72.0,878,1,0.5666
11,-72.0,879,1,1.4132
12,-72.0,880,1,0.5693
13,-355.37,1011,131,0.8516
14,-72.0,1012,1,1.0934
15,-72.0,1013,1,1.4797
16,-72.0,1014,1,0.8936
17,-72.0,1015,1,1.0349
18,-72.0,1016,1,1.2122
19,-549.69,1309,293,0.9587
20,-72.0,1310,1,1.4454
21,-72.0,1311,1,1.143
22,-72.0,1312,1,1.0028
23,-72.0,1313,1,0.8421
24,-72.0,1314,1,1.2172
25,-153.66,1385,71,0.8558
26,-72.0,1386,1,1.1428
27,-72.0,1387,1,1.2374
28,-72.0,1388,1,0.7758
29,-72.0,1389,1,0.832
30,-72.0,1390,1,0.5516
31,-159.17,1455,65,0.9655
32,-72.0,1456,1,1.567
33,-72.0,1457,1,1.0696
34,-72.0,1458,1,0.5938
35,-72.0,1459,1,1.0081
36,-72.0,1460,1,0.9329
37,-125.76,1516,56,0.7918
38,-72.0,1517,1,0.4927
39,-72.0,1518,1,1.0937
40,-72.0,1519,1,1.4605
41,-72.0,1520,1,0.7275
42,-72.0,1521,1,1.0912
43,-316.08,1775,254,1.0712
44,-72.0,1776,1,1.2496
45,-72.0,1777,1,1.1425
46,-72.0,1778,1,1.0796
47,-72.0,1779,1,1.1262
48,-72.0,1780,1,3.1535
49,-115.08,1857,77,0.8468
50,-72.0,1858,1,1.2709
51,-192.34,1963,105,0.8402
52,-72.0,1964,1,7.0414
53,-72.0,1965,1,1.0531
54,-72.0,1966,1,0.9903
55,-72.0,1967,1,0.993
56,-72.0,1968,1,1.1238
1,-175.34,148,148,1.0844
2,-72.0,149,1,0.5217
3,-72.0,150,1,0.9126
4,-72.0,151,1,0.5087
5,-72.0,152,1,1.0702
6,-72.0,153,1,0.5239
7,-278.94,359,206,0.8659
8,-72.0,360,1,0.5315
9,-72.0,361,1,0.7405
10,-72.0,362,1,0.6233
11,-72.0,363,1,1.1209
12,-72.0,364,1,0.5755
1,-379.55,337,337,1.1673
2,-72.0,338,1,0.9993
3,-72.0,339,1,1.0945
4,-72.0,340,1,0.5683
5,-72.0,341,1,1.1285
6,-72.0,342,1,1.1376
7,-506.21,716,374,1.1196
8,-72.0,717,1,0.5246
9,-72.0,718,1,0.5411
10,-72.0,719,1,0.5707
11,-72.0,720,1,0.599
12,-72.0,721,1,0.5055
13,-279.99,1017,296,0.8939
14,-72.0,1018,1,0.4956
15,-72.0,1019,1,1.1388
16,-72.0,1020,1,0.5972
17,-72.0,1021,1,0.4853
18,-72.0,1022,1,0.6347
19,-2251.58,5022,4000,0.994
20,-397.6,5542,520,0.9316
21,-72.0,5543,1,1.0841
22,-72.0,5544,1,0.6392
23,-72.0,5545,1,1.1385
24,-72.0,5546,1,1.0248
25,-72.0,5547,1,1.002
26,-1325.32,9547,4000,0.5464
27,-408.87,10214,667,0.4474
28,-72.0,10215,1,1.0761
29,-72.0,10216,1,1.0139
30,-72.0,10217,1,0.4913
31,-72.0,10218,1,0.6622
32,-72.0,10219,1,0.8357
33,-379.63,10929,710,0.4281
34,-72.0,10930,1,0.9452
35,-72.0,10931,1,0.8963
36,-72.0,10932,1,0.7057
37,-72.0,10933,1,0.9129
38,-72.0,10934,1,0.8835
1,-5183.65,4000,4000,1.0498
1,-5031.41,4000,4000,0.9441
1,-1823.9,1457,1457,1.1492
2,-4882.82,5457,4000,0.9986
3,-4115.54,9457,4000,1.0933
1,-5094.5,4000,4000,1.1045
2,-1573.67,8000,4000,1.1001
1,-1782.73,4000,4000,0.9069
2,-1312.92,8000,4000,0.7014
3,-1413.93,12000,4000,0.7238
4,-1374.51,16000,4000,0.7644
5,-1358.84,20000,4000,0.7341
6,-1485.6,24000,4000,0.7512
7,-1443.43,28000,4000,0.7382
8,-1279.95,32000,4000,0.7471
9,-1303.58,36000,4000,0.7367
10,-1341.22,40000,4000,0.7839
11,-1301.54,44000,4000,0.7731
12,-1444.89,48000,4000,1.2142
13,-1141.24,52000,4000,0.8554
14,-1277.31,56000,4000,0.8463
15,-1514.26,60000,4000,0.7544
16,-1491.9,64000,4000,0.7503
17,-1398.15,68000,4000,0.7466
18,-1406.25,72000,4000,0.7672
19,-1459.89,76000,4000,0.7653
20,-1425.65,80000,4000,0.7445
21,-1429.1,84000,4000,0.7724
22,-1351.61,88000,4000,0.7728
23,-1387.15,92000,4000,0.7784
24,-1382.01,96000,4000,0.7821
25,-1306.54,100000,4000,0.7492
26,-1504.74,104000,4000,0.7715
27,-1367.08,108000,4000,0.7722
28,-1399.17,112000,4000,0.7148
29,-1411.55,116000,4000,0.7556
30,-1450.83,120000,4000,0.7177
31,-1413.65,124000,4000,0.9185
32,-1480.17,128000,4000,0.7355
33,-1393.45,132000,4000,0.9083
34,-1365.74,136000,4000,0.7654
35,-1470.14,140000,4000,0.7537
36,-1396.61,144000,4000,0.7667
37,-1353.81,148000,4000,1.0236
38,-1472.22,152000,4000,0.7459
1,-1723.75,4000,4000,0.9336
2,-1484.71,8000,4000,0.7878
3,-1405.76,12000,4000,0.8043
4,-2864.21,16000,4000,0.8012
1,-1650.23,4000,4000,0.917
2,-1287.01,8000,4000,0.7891
1,-980.33,2210,2210,1.0033
2,117.03,2320,110,0.7844
3,-2227.04,6320,4000,0.7933
4,-5163.55,10320,4000,0.788
5,-5373.1,14320,4000,0.788
6,-5081.19,18320,4000,0.7878
7,-4816.6,22320,4000,0.7866
8,-5038.81,26320,4000,0.7865
9,-3035.3,30320,4000,0.7823
10,-5772.44,34320,4000,0.7821
11,64.52,34658,338,0.7635
12,150.0,34659,1,1.0495
13,-625.57,36650,1991,0.7784
14,-5615.55,40650,4000,0.776
15,-5461.75,44650,4000,0.7783
16,-176.17,45714,1064,0.775
17,-3435.84,49714,4000,0.7705
18,2.33,50274,560,0.797
19,-71.6,50915,641,0.7889
20,-4647.7,54915,4000,0.7769
21,-269.24,56102,1187,0.7903
22,-1691.29,60102,4000,0.7878
23,70.06,60503,401,0.7912
24,-18.45,61012,509,0.7816
25,-230.48,62184,1172,0.7799
26,-1911.71,66184,4000,0.7835
27,87.57,66498,314,0.782
28,120.26,66659,161,0.8047
29,35.56,67054,395,0.7983
30,-2155.05,71054,4000,0.7699
31,132.51,71161,107,0.7782
32,131.72,71274,113,0.7906
33,116.46,71432,158,0.7822
34,104.86,71653,221,0.755
35,-54.89,72126,473,0.7965
36,-2029.88,76010,3884,0.783
37,8.48,76549,539,0.7771
38,-4935.79,80549,4000,0.7856
39,-3755.0,84549,4000,0.7868
40,-0.14,85142,593,0.7873
41,97.28,85489,347,0.7834
42,108.64,85692,203,0.8
43,-5630.56,89692,4000,0.7918
44,131.32,89814,122,0.7962
45,-4046.08,93814,4000,0.7786
46,-2340.82,97814,4000,0.7881
47,-2605.19,101814,4000,0.778
48,-751.22,104720,2906,0.7872
49,-5151.78,108720,4000,0.7893
50,-186.02,109640,920,0.7718
51,134.68,109753,113,0.7731
52,-238.12,110355,602,0.7649
53,-41.59,111134,779,0.7735
54,5.93,111559,425,0.7702
55,-424.15,112647,1088,0.7725
56,-3530.52,116647,4000,0.7859
57,-254.39,117390,743,0.7892
58,-250.64,118172,782,0.7865
59,0.79,118534,362,0.7859
60,-4683.66,122534,4000,0.7728
61,-127.19,123118,584,0.7908
62,34.57,123330,212,0.803
63,8.85,123635,305,0.7802
64,132.44,123781,146,0.793
65,-3583.67,127781,4000,0.7867
66,-2318.29,131485,3704,0.7844
67,118.11,131637,152,0.7755
68,-569.09,133187,1550,0.7763
69,100.8,133405,218,0.7923
70,-2311.3,137405,4000,0.7628
71,2.52,137806,401,0.7782
72,114.53,137982,176,0.7672
73,-4680.59,141982,4000,0.7699
74,-212.44,142680,698,0.7666
75,-2079.46,146680,4000,0.7667
76,-1125.95,148890,2210,0.7712
77,-3297.86,152890,4000,0.7706
78,-627.34,154050,1160,0.7642
79,49.1,154289,239,0.7614
80,94.55,154429,140,0.7462
81,-2391.57,158429,4000,0.7674
82,-4164.83,162429,4000,0.7671
83,-188.33,163052,623,0.7746
84,109.32,163165,113,0.7707
85,-1420.18,165690,2525,0.769
86,-59.82,166109,419,0.7772
87,-416.98,166861,752,0.7699
88,-3639.4,170861,4000,0.7706
89,-404.7,171514,653,0.7635
90,61.09,171678,164,0.7481
91,150.0,171679,1,1.056
92,-2691.35,175679,4000,0.7657
93,29.65,176080,401,0.7674
94,-152.56,176625,545,0.7725
95,-268.03,177410,785,0.7721
96,75.47,177691,281,0.7893
97,-2.19,178077,386,0.7755
98,-2990.74,182077,4000,0.7731
99,103.5,182190,113,0.7695
100,100.45,182372,182,0.7763
101,71.28,182746,374,0.7657
102,-4295.81,186746,4000,0.774
103,-3279.3,190746,4000,0.7763
104,-352.96,191771,1025,0.7691
105,-4260.62,195771,4000,0.7761
106,116.72,195863,92,0.7788
107,-3349.93,199863,4000,0.7758
108,131.33,199937,74,0.7672
109,-3183.89,203937,4000,0.7762
110,86.93,204188,251,0.7821
111,-508.42,205378,1190,0.7663
112,89.65,205581,203,0.7789
113,-1079.24,208055,2474,0.7718
114,-2811.24,212055,4000,0.7769
115,-5072.27,216055,4000,0.7704
116,-3238.07,220055,4000,0.7628
117,18.13,220336,281,0.7745
118,-743.95,221004,668,0.7629
119,16.92,221327,323,0.7693
120,-3259.98,225327,4000,0.7705
121,42.51,225473,146,0.7753
122,89.33,225664,191,0.7632
123,-590.78,226659,995,0.7587
124,-2521.78,230659,4000,0.7633
125,-5590.46,234659,4000,0.7571
126,-198.09,235111,452,0.7648
127,-1987.25,238197,3086,0.7702
128,-5232.19,242197,4000,0.7601
129,-2941.62,246197,4000,0.7559
130,-3098.33,250197,4000,0.7667
131,-790.23,251516,1319,0.7757
132,-3064.9,255516,4000,0.7829
133,-3472.89,259516,4000,0.7831
134,-2568.72,263516,4000,0.7818
135,-6717.45,267516,4000,0.7825
136,-2361.5,271516,4000,0.7804
137,-409.66,272394,878,0.7875
138,-120.91,272963,569,0.7849
139,-1128.55,274588,1625,0.7892
140,150.0,274589,1,0.9317
141,-444.29,275689,1100,0.786
142,-4932.72,279689,4000,0.7913
143,89.56,279919,230,0.771
144,-337.25,280929,1010,0.7804
145,-2826.61,284929,4000,0.7804
146,-6958.61,288929,4000,0.7855
147,-3058.48,292929,4000,0.7795
148,150.0,292930,1,1.1155
149,150.0,292931,1,1.1199
150,117.59,293023,92,0.7805
151,-5673.16,297023,4000,0.779
152,28.91,297319,296,0.7842
153,138.55,297426,107,0.7627
154,-1046.12,299909,2483,0.7767
155,-2211.24,303909,4000,0.7918
156,1.02,304310,401,0.7622
157,-1913.94,308310,4000,0.7772
158,-242.77,309224,914,0.78
159,-1539.92,311521,2297,0.7813
160,-4527.5,315521,4000,0.7809
161,124.29,315616,95,0.7756
162,36.0,315918,302,0.7818
163,-755.62,317894,1976,0.7797
164,-165.17,318769,875,0.7866
165,-1690.13,322769,4000,0.7776
166,-141.98,323152,383,0.7872
167,-2159.81,327152,4000,0.751
168,-598.45,328519,1367,0.7632
169,-1817.26,332519,4000,0.7806
170,-4648.38,336519,4000,0.7728
171,-4510.36,340519,4000,0.7729
172,-463.74,341829,1310,0.7804
173,-1719.82,345829,4000,0.7531
174,-292.58,346668,839,0.7345
175,-1804.32,350668,4000,0.7583
176,-5392.06,354668,4000,0.7729
177,-84.29,355090,422,0.7745
178,100.74,355266,176,0.7821
179,-1752.61,359266,4000,0.7939
180,6.98,359475,209,0.7832
181,-377.27,360377,902,0.7907
182,-1744.99,364377,4000,0.7947
183,135.8,364472,95,0.7778
184,-3431.01,366769,2297,0.7918
185,-2122.3,370769,4000,0.7933
186,-27.69,371224,455,0.7987
187,-2526.19,375224,4000,0.7924
188,-5910.35,379224,4000,0.7931
189,83.85,379424,200,0.7837
190,49.82,379678,254,0.7924
191,63.66,379920,242,0.8092
192,-12.06,380393,473,0.7887
193,-6503.43,384393,4000,0.7946
194,-1695.02,388393,4000,0.7964
195,-234.08,389343,950,0.7867
196,-258.68,390221,878,0.7951
197,69.71,390481,260,0.8104
198,-38.53,391125,644,0.7897
199,-1506.7,395125,4000,0.7903
200,48.22,395490,365,0.8051
201,-237.4,396242,752,0.7962
202,-1720.37,400242,4000,0.7946
203,150.0,400243,1,1.0999
204,-1110.57,402537,2294,0.7925
205,-1710.24,406537,4000,0.7975
206,-47.48,407046,509,0.7918
207,-1787.07,411046,4000,0.7939
208,-310.42,411759,713,0.7922
209,-1815.19,415759,4000,0.7967
210,-1749.86,419759,4000,0.7928
211,-2589.95,423759,4000,0.7928
212,-5664.2,427759,4000,0.7718
213,-1047.84,430107,2348,0.7717
214,-1882.23,434107,4000,0.7711
215,-2209.99,438107,4000,0.7873
216,43.28,438358,251,0.8012
217,-108.04,438891,533,0.7857
218,-6472.22,442891,4000,0.7844
219,-2397.67,446891,4000,0.7691
220,32.14,447217,326,0.7875
221,-80.37,447822,605,0.7837
222,-369.77,448514,692,0.7923
223,-1649.11,452514,4000,0.7882
224,-2259.58,456514,4000,0.7791
225,-1448.36,460514,4000,0.7817
226,-1662.64,464514,4000,0.7904
227,-495.21,465785,1271,0.7887
228,-4567.95,469785,4000,0.7866
229,-371.96,470999,1214,0.7905
230,98.99,471139,140,0.7794
231,-2009.65,475139,4000,0.7867
232,-1888.48,478237,3098,0.7883
233,-443.81,478968,731,0.7934
234,69.66,479135,167,0.7778
235,-1491.98,483135,4000,0.7698
236,97.69,483401,266,0.7927
237,-1948.79,487401,4000,0.7886
238,29.4,487697,296,0.8008
239,-5163.92,491697,4000,0.7745
240,70.44,491927,230,0.7913
241,-2030.86,495927,4000,0.7893
242,-381.79,496955,1028,0.7844
243,-1623.23,500955,4000,0.7893
244,-1847.05,504955,4000,0.7939
245,38.58,505209,254,0.7762
246,-277.58,505862,653,0.791
247,-77.81,506203,341,0.7934
248,66.54,506385,182,0.787
249,-54.74,506828,443,0.7933
250,-100.61,507559,731,0.7943
251,-98.09,507852,293,0.7876
252,-3938.65,511852,4000,0.7776
253,-14.26,512181,329,0.7894
254,52.77,512399,218,0.7892
255,-842.82,513829,1430,0.7872
256,-1756.04,517829,4000,0.7919
257,-2636.22,521829,4000,0.7851
258,-2860.36,525829,4000,0.7902
259,-1805.61,529829,4000,0.792
260,-1515.29,533829,4000,0.7911
261,115.19,533945,116,0.7908
262,-432.74,535240,1295,0.7976
263,-243.68,536439,1199,0.7848
264,150.0,536440,1,1.1009
265,-2850.47,540440,4000,0.7875
266,88.38,540553,113,0.7811
267,-478.81,541677,1124,0.7891
268,-1644.07,545677,4000,0.7859
269,-943.62,547416,1739,0.7908
270,-3836.83,551416,4000,0.7761
271,82.17,551577,161,0.8276
272,150.0,551578,1,1.0682
273,-4348.42,555578,4000,0.7893
274,-4620.54,559578,4000,0.7938
275,7.21,559898,320,0.7951
276,-1526.77,563898,4000,0.7906
277,-3855.98,567898,4000,0.7821
278,-1593.52,571898,4000,0.7916
279,-1867.34,574954,3056,0.7909
280,110.67,575112,158,0.7771
281,-4695.91,579112,4000,0.7964
282,-982.69,580248,1136,0.7843
283,-1891.43,581642,1394,0.7886
284,-1682.05,585642,4000,0.7967
285,-3532.52,589004,3362,0.7932
286,-3626.61,593004,4000,0.7849
287,-5902.27,597004,4000,0.7929
288,-4754.72,601004,4000,0.7917
289,-5623.53,605004,4000,0.7933
290,-587.1,606497,1493,0.7947
291,-4743.55,610497,4000,0.7865
292,-4202.54,614497,4000,0.7935
293,-5172.19,618497,4000,0.7918
294,-6275.29,622497,4000,0.7914
295,-2434.53,626497,4000,0.7919
296,-272.02,627903,1406,0.7932
297,-2376.7,631903,4000,0.7918
298,-2708.31,635903,4000,0.7947
299,-1609.25,639903,4000,0.7947
300,112.28,640028,125,0.7769
301,-1777.57,644028,4000,0.7945
302,-1595.72,648028,4000,0.7932
303,-7665.83,652028,4000,0.789
304,49.72,652189,161,0.7723
305,63.86,652371,182,0.7863
306,-185.51,652952,581,0.7951
307,150.0,652953,1,1.1733
308,-125.92,653612,659,0.787
309,-5600.83,657612,4000,0.7851
310,-3838.58,661612,4000,0.7912
311,-364.26,662640,1028,0.7909
312,-73.77,662978,338,0.7855
313,-4.08,663286,308,0.7863
314,-1600.71,665640,2354,0.7896
315,132.03,665726,86,0.7868
316,150.0,665727,1,1.1401
317,-3464.31,669727,4000,0.7846
318,-3170.71,673727,4000,0.7851
319,84.28,673879,152,0.7806
320,105.08,673977,98,0.7829
321,132.96,674051,74,0.7789
322,-4348.5,678051,4000,0.7821
323,129.6,678128,77,0.7838
324,-296.95,678763,635,0.7886
325,-3345.14,682763,4000,0.7883
326,-3753.34,686763,4000,0.7809
327,-2661.67,690763,4000,0.7929
328,-1942.63,694763,4000,0.7901
329,-5301.49,698763,4000,0.791
330,-6978.01,702763,4000,0.7879
331,14.27,702951,188,0.8032
332,-2375.25,706951,4000,0.7857
333,-2123.5,708849,1898,0.7889
334,150.0,708850,1,1.2861
335,-1989.63,712850,4000,0.7911
336,-1189.94,716850,4000,0.7903
337,148.48,716903,53,0.8079
338,-3530.77,720903,4000,0.7813
339,-3899.87,724903,4000,0.7953
340,-1554.79,728903,4000,0.7891
341,-1246.76,732903,4000,0.7919
342,-1206.47,736903,4000,0.7898
343,-1503.21,740903,4000,0.7913
344,31.3,741103,200,0.7749
345,-36.6,741492,389,0.7907
346,-70.04,741767,275,0.7853
347,-1337.68,745767,4000,0.791
348,-241.04,746357,590,0.7953
349,58.1,746521,164,0.793
350,-3237.73,750521,4000,0.7946
351,-1731.31,754521,4000,0.7935
352,-1444.99,758521,4000,0.7925
353,-1123.36,762521,4000,0.7912
354,105.1,762634,113,0.7849
355,-1511.53,766634,4000,0.792
356,86.73,766813,179,0.7837
357,147.91,766827,14,0.8277
358,-2888.28,770827,4000,0.7879
359,-1238.07,774827,4000,0.7896
360,29.2,775015,188,0.7877
361,-1582.36,779015,4000,0.7922
362,-4544.68,783015,4000,0.7891
363,-1234.89,787015,4000,0.7933
364,-1278.92,791015,4000,0.7897
365,-1341.81,795015,4000,0.7905
366,-1408.55,799015,4000,0.7878
367,-2075.23,803015,4000,0.7877
368,-2691.33,807015,4000,0.789
369,-1562.38,811015,4000,0.7904
370,-826.42,813318,2303,0.7839
371,-1481.22,817318,4000,0.7879
372,-325.75,817998,680,0.7841
373,-2712.09,821998,4000,0.7856
374,-385.85,823173,1175,0.7875
375,-384.56,823796,623,0.7928
376,-1553.12,827796,4000,0.7891
377,-1671.85,831796,4000,0.7877
378,-2783.99,835796,4000,0.7866
379,-1571.81,839796,4000,0.7863
380,-1896.77,843796,4000,0.7918
381,-1331.88,847796,4000,0.7763
382,-1479.97,851796,4000,0.7793
383,-923.86,852875,1079,0.7919
384,-1434.33,856875,4000,0.7854
385,-3710.0,860875,4000,0.781
386,-1437.0,864875,4000,0.7782
387,-482.42,866032,1157,0.7669
388,-1378.56,870032,4000,0.78
389,-1593.66,874032,4000,0.7653
390,81.45,874184,152,0.7758
391,-3724.03,877690,3506,0.7586
392,-11.41,878190,500,0.7652
393,-1488.16,882190,4000,0.7658
394,-2903.21,886190,4000,0.768
395,-2682.08,890190,4000,0.7661
396,-1445.9,894190,4000,0.7655
397,-1529.12,898190,4000,0.7645
398,-1374.58,902190,4000,0.7688
399,-1660.01,906190,4000,0.768
400,-3484.77,910190,4000,0.7687
401,-4189.97,914190,4000,0.7415
402,-207.2,914615,425,0.7743
403,-1452.73,918615,4000,0.7676
1,63.32,1108,1108,0.8011
2,-22.81,1277,169,0.5717
3,-234.98,5039,3762,0.5019
4,-21.32,5114,75,0.4389
5,-26.54,5165,51,0.4138
6,-72.19,5549,384,0.5874
7,-86.63,6063,514,0.6225
8,-46.56,6241,178,0.5331
9,-269.86,10241,4000,0.5001
10,98.76,10465,224,0.5487
11,-18.1,10736,271,0.587
12,99.95,10737,1,0.6283
13,-33.14,11140,403,0.5675
14,-104.59,12904,1764,0.5197
15,71.37,14115,1211,0.4767
16,-29.16,14178,63,0.4363
17,96.84,14897,719,0.4428
18,-170.78,18011,3114,0.4861
19,107.27,18601,590,0.4736
20,-24.41,19021,420,0.4596
21,-8.75,19195,174,0.5041
22,94.46,19804,609,0.5186
23,87.33,20119,315,0.4408
24,109.39,20603,484,0.5267
25,-90.94,21737,1134,0.5432
26,-28.06,21978,241,0.8789
27,-44.45,22309,331,0.6318
28,102.5,22419,110,0.5756
29,-23.62,22804,385,0.5198
30,-101.52,24257,1453,0.542
31,102.84,24594,337,0.5261
32,-159.64,26998,2404,0.469
33,100.31,27338,340,0.4218
34,-42.27,27985,647,0.4918
35,-145.81,29110,1125,0.4482
36,106.28,29703,593,0.437
37,-55.38,30419,716,0.4345
38,114.24,31030,611,0.6035
39,-85.77,31865,835,0.5034
40,-72.59,32289,424,0.4471
41,-78.08,32883,594,0.4451
42,109.36,33292,409,0.4438
43,-56.67,33946,654,0.4661
44,-55.66,34540,594,0.6188
45,110.12,35073,533,1.0257
46,-93.46,35611,538,1.1262
47,-60.66,36170,559,0.5512
48,-50.98,36612,442,0.6396
49,-3.28,37075,463,0.5603
50,-141.31,38990,1915,0.6031
51,-53.39,39435,445,0.5701
52,-62.66,40180,745,0.5464
53,-24.61,40307,127,0.4665
54,-108.27,41250,943,0.5529
55,-33.15,41380,130,0.6807
56,-38.77,41618,238,0.5824
57,-76.55,42681,1063,0.8179
58,-92.63,43213,532,0.9984
59,-53.68,43676,463,0.8116
60,92.43,44272,596,0.847
61,-23.44,44357,85,1.0062
62,-15.93,45063,706,0.8923
63,114.22,45575,512,0.9936
64,-140.2,46170,595,1.0784
65,-34.41,46288,118,0.8807
66,-55.28,46463,175,0.9631
67,-39.74,46926,463,0.9427
68,-13.51,47269,343,1.0944
69,-21.42,47364,95,1.0583
70,113.21,47774,410,0.8674
71,101.65,48232,458,0.6354
72,-75.96,48752,520,0.9185
73,-113.67,49650,898,0.7078
74,-192.04,51283,1633,0.691
75,-57.22,51896,613,0.7638
76,-219.37,53772,1876,0.7981
77,-31.29,53917,145,0.8169
78,-32.45,54095,178,0.6968
79,-49.57,54342,247,0.7252
80,-60.54,54886,544,0.7089
81,-22.79,54959,73,0.7852
82,-29.38,55053,94,0.8343
83,-31.66,55414,361,0.7904
84,-181.64,56522,1108,0.7661
85,-20.5,56625,103,0.7459
86,-47.99,56947,322,0.76
87,-23.21,57062,115,0.7952
88,-26.09,57123,61,0.7544
89,-39.98,57340,217,0.7721
90,-59.95,57845,505,0.7805
91,99.95,57846,1,0.7954
92,-23.15,58177,331,0.7759
93,-44.41,58439,262,0.8071
94,-55.44,58992,553,0.7957
95,-80.93,59455,463,0.8219
96,-49.87,60152,697,0.7177
97,-119.58,60828,676,0.8019
98,-66.96,61111,283,0.8143
99,-95.45,61556,445,0.7997
100,-19.11,62346,790,0.7862
101,-89.08,63193,847,0.793
102,-87.3,63593,400,0.6936
103,-46.02,63822,229,0.5009
104,-60.26,64484,662,0.596
105,-26.35,64575,91,0.7786
106,-62.81,65290,715,0.7689
107,-59.81,65630,340,0.7351
108,-47.75,65937,307,0.7937
109,-46.41,66322,385,0.7992
110,104.72,66594,272,0.704
111,-22.34,66667,73,0.7515
112,-39.05,66842,175,0.7168
113,-24.33,66918,76,0.675
114,-64.59,67309,391,0.6798
115,-32.65,67475,166,0.6781
116,-67.93,68201,726,0.4502
117,-20.19,68262,61,0.7077
118,39.82,69473,1211,0.7725
119,-57.54,69999,526,0.7787
120,-37.09,70120,121,0.7626
121,-54.98,70373,253,0.7651
122,-24.42,70452,79,0.7801
123,-22.38,70555,103,0.8044
124,-78.63,71114,559,0.821
125,-28.52,71226,112,0.7915
126,-73.07,71716,490,0.7943
127,-78.62,72236,520,0.7597
128,-49.93,72402,166,0.694
129,-13.93,72862,460,0.7129
130,-171.7,73763,901,0.7223
131,-34.9,74652,889,0.5091
132,-121.28,75549,897,0.5386
133,-80.89,76333,784,0.5842
134,-29.42,76662,329,0.4409
135,-28.32,76780,118,0.7864
136,-42.76,76949,169,0.7497
137,-28.98,77226,277,0.7521
138,-69.74,77752,526,0.7427
139,-161.37,78551,799,0.5647
140,99.95,78552,1,0.4488
141,-48.22,78972,420,0.508
142,-28.44,79123,151,0.5872
143,-25.33,79232,109,0.5164
144,-33.66,79602,370,0.487
145,-59.97,80152,550,0.506
146,-39.59,80629,477,0.4826
147,27.82,82713,2084,0.499
148,99.95,82714,1,0.5546
149,99.95,82715,1,0.5125
150,-43.23,83061,346,0.4843
151,-76.56,83722,661,0.541
152,-107.88,84221,499,0.4795
153,-52.6,84576,355,0.5441
154,-25.88,84679,103,0.5598
155,-35.35,84872,193,0.5538
156,-46.02,85032,160,0.5335
157,-95.64,86140,1108,0.5516
158,-24.85,86225,85,0.5595
159,-109.21,86673,448,0.5514
160,-184.02,87622,949,0.5488
161,-24.69,87752,130,0.5393
162,-46.09,88137,385,0.5493
163,-47.62,88498,361,0.5331
164,99.68,88782,284,0.5567
165,-28.13,88876,94,0.5616
166,-35.91,89327,451,0.5055
167,-34.37,89541,214,0.495
168,-36.02,89938,397,0.5071
169,-24.62,90063,125,0.4093
170,-24.33,90150,87,0.4395
171,-25.88,90246,96,0.5561
172,-31.68,90418,172,0.5122
173,-103.5,91244,826,0.5568
174,-24.68,91383,139,0.5478
175,-52.92,91678,295,0.5753
176,-19.52,91745,67,0.5835
177,-72.25,92160,415,0.5538
178,-26.52,92275,115,0.5631
179,-36.96,92504,229,0.5423
180,-135.08,93294,790,0.5526
181,-23.88,93400,106,0.5572
182,-21.18,93473,73,0.5439
183,65.79,94585,1112,0.5341
184,-20.34,94676,91,0.4993
185,-107.89,96366,1690,0.5161
186,-34.26,96595,229,0.5337
187,-159.27,97466,871,0.5665
188,-37.35,98445,979,0.5304
189,-33.29,98623,178,0.5077
190,-69.05,98939,316,0.4974
191,-153.92,99792,853,0.5152
192,-27.12,99937,145,0.5308
193,-108.28,100601,664,0.5204
194,-22.35,100784,183,0.4388
195,-23.73,100887,103,0.4755
196,-30.02,101008,121,0.6983
197,-87.23,101555,547,0.6151
198,-25.15,101637,82,0.5181
199,-29.65,101803,166,0.5208
200,-20.21,101866,63,0.4092
201,-19.74,101951,85,0.488
202,-42.55,102455,504,0.5141
203,99.95,102456,1,0.5395
204,-53.72,102997,541,0.5707
205,-30.38,103139,142,0.5757
206,-32.33,103269,130,0.6119
207,-32.68,103417,148,0.6075
208,-23.61,103499,82,0.5318
209,-60.16,103887,388,0.4851
210,-87.29,104418,531,0.5186
211,103.38,105107,689,0.548
212,-49.21,105351,244,0.5278
213,-121.64,106135,784,0.5131
214,-52.66,106358,223,0.4991
215,-54.44,106800,442,0.5448
216,98.66,106883,83,0.551
217,-24.81,106986,103,0.561
218,-80.88,107536,550,0.5388
219,-62.77,107780,244,0.5444
220,-66.84,108228,448,0.5496
221,-17.45,108283,55,0.5288
222,102.78,108822,539,0.5288
223,-96.39,110053,1231,0.4987
224,-70.73,110660,607,0.5837
225,-45.28,110859,199,0.6856
226,-76.02,111388,529,0.5458
227,-61.12,111884,496,0.4768
228,-30.66,112025,141,0.4539
229,-75.75,112581,556,0.5255
230,-52.19,112810,229,0.509
231,-77.49,113372,562,0.5477
232,-31.91,113574,202,0.5715
233,-35.75,113716,142,0.4932
234,-36.55,113870,154,0.5858
235,-41.87,114414,544,0.5277
236,-20.29,114469,55,0.536
237,-32.3,115211,742,0.7042
238,-157.96,115932,721,0.7853
239,-23.07,116014,82,0.6149
240,-21.37,116099,85,0.8051
241,-26.71,116181,82,0.8099
242,-11.44,116602,421,0.7746
243,-82.49,117167,565,0.7928
244,-91.38,117666,499,0.6225
245,-24.04,117733,67,0.5671
246,-51.1,118256,523,0.5813
247,-21.65,118332,76,0.5574
248,-37.2,118555,223,0.5614
249,-30.51,119168,613,0.571
250,-106.28,119823,655,0.5676
251,-135.67,120559,736,0.5769
252,-25.79,120689,130,0.5764
253,-46.26,120861,172,0.5785
254,-30.25,120997,136,0.5604
255,-93.65,121889,892,0.5709
256,-123.17,122523,634,0.7172
257,-66.75,122827,304,0.7915
258,-62.58,123071,244,0.7956
259,-42.26,123438,367,0.7951
260,-91.31,123976,538,0.7994
261,-32.7,124097,121,0.7791
262,-26.84,124425,328,0.8026
263,-105.02,125281,856,0.7824
264,99.95,125282,1,1.0108
265,-41.47,125514,232,0.7579
266,-27.88,125605,91,0.7415
267,-48.54,126209,604,0.7974
268,-33.07,126411,202,0.7733
269,-22.96,126487,76,0.777
270,-29.57,126566,79,0.8024
271,-19.19,126639,73,0.7788
272,99.95,126640,1,1.1063
273,-175.7,127703,1063,0.7879
274,-42.93,127902,199,0.8114
275,-60.32,128221,319,0.7973
276,-44.31,128435,214,0.7905
277,-26.0,128520,85,0.7758
278,-155.65,129280,760,0.7923
279,-98.58,129824,544,0.7963
280,-25.94,129894,70,0.7899
281,-29.2,129994,100,0.7742
282,-24.59,130076,82,0.797
283,-86.74,130470,394,0.7906
284,-141.26,131422,952,0.7976
285,-48.75,131594,172,0.7868
286,-67.46,131871,277,0.8044
287,-74.58,132286,415,0.8087
288,-20.85,132359,73,0.8029
289,-23.52,132426,67,0.7937
290,-34.13,132598,172,0.5462
291,37.63,134286,1688,0.5714
292,-28.6,134380,94,0.5563
293,100.96,134541,161,0.5644
294,-21.37,134614,73,0.5669
295,-127.49,135482,868,0.5638
296,-71.5,135951,469,0.5514
297,-75.37,136405,454,0.5829
298,-171.29,137426,1021,0.6797
299,-54.54,137790,364,0.7951
300,-85.81,138280,490,0.8083
301,-28.43,138356,76,0.7945
302,102.13,138433,77,0.8152
303,94.69,138567,134,0.8249
304,-28.05,139105,538,0.8053
305,-34.16,139394,289,0.823
306,-39.65,139533,139,0.8098
307,99.95,139534,1,1.0327
308,-25.67,139586,52,0.7656
309,113.68,139768,182,0.8323
310,-45.69,139979,211,0.8128
311,-26.43,140088,109,0.7946
312,110.89,140183,95,0.8012
313,-110.11,140658,475,0.8153
314,-20.09,140716,58,0.8122
315,-42.63,140885,169,0.7918
316,99.95,140886,1,0.9116
317,-54.7,141253,367,0.7968
318,-28.43,141350,97,0.7729
319,-23.07,141429,79,0.8063
320,-59.02,141715,286,0.7874
321,-127.93,142220,505,0.7846
322,-19.77,142272,52,0.7718
323,-28.56,142351,79,0.7741
324,-128.25,143012,661,0.794
325,-41.94,143205,193,0.7889
326,-33.08,143293,88,0.799
327,-26.67,143375,82,0.7996
328,-23.11,143478,103,0.7818
329,-27.48,143575,97,0.7934
330,-32.02,143690,115,0.8195
331,-64.78,144075,385,0.7936
332,-40.19,144238,163,0.7877
333,-48.03,144368,130,0.7904
334,99.95,144369,1,1.1252
335,-55.51,144580,211,0.772
336,-29.71,144647,67,0.7601
337,-38.0,144831,184,0.7828
338,-81.49,145306,475,0.7864
339,-30.01,145433,127,0.7885
340,-40.28,145545,112,0.8074
341,-52.88,145732,187,0.8103
342,-23.1,145781,49,0.774
343,-26.55,145884,103,0.7675
344,-47.99,146053,169,0.7972
345,-32.73,146177,124,0.8142
346,-28.42,146259,82,0.806
347,-28.41,146356,97,0.8047
348,-19.86,146435,79,0.77
349,-53.49,146976,541,0.7941
350,-21.44,147064,88,0.7878
351,-35.13,147170,106,0.7926
352,-50.72,147429,259,0.7908
353,-32.54,147508,79,0.8067
354,-21.77,147590,82,0.8234
355,-24.06,147639,49,0.8051
356,101.96,147716,77,0.7928
357,-30.22,147828,112,0.778
358,-20.38,147892,64,0.7684
359,-32.36,148034,142,0.8127
360,-79.4,148431,397,0.8022
361,-66.85,148681,250,0.7863
362,-29.81,148769,88,0.8026
363,-53.36,148941,172,0.7755
364,-123.15,149524,583,0.6843
365,-41.13,149696,172,0.5585
366,-31.62,149841,145,0.5513
367,-126.57,150469,628,0.5908
368,-76.54,150797,328,0.5728
369,-21.41,150873,76,0.5461
370,-29.58,150979,106,0.5792
371,-34.04,151121,142,0.5627
372,-99.65,151845,724,0.5696
373,-25.41,151939,94,0.574
374,104.1,152472,533,0.5725
375,-94.07,152950,478,0.5748
376,-41.85,153128,178,0.5718
377,-140.59,153828,700,0.6046
378,-21.0,153910,82,0.8244
379,-22.89,153992,82,0.7619
380,-26.33,154059,67,0.7863
381,-54.1,154363,304,0.7922
382,-48.12,154529,166,0.8043
383,-24.15,154680,151,0.8046
384,-31.73,154789,109,0.773
385,-36.21,154889,100,0.7422
386,-23.86,154968,79,0.8209
387,-24.68,155035,67,0.7718
388,-25.79,155144,109,0.7893
389,-23.47,155220,76,0.7802
390,-30.31,155314,94,0.7572
391,-32.77,155405,91,0.7871
392,107.17,155689,284,0.8058
393,-35.58,155861,172,0.801
394,-48.48,156183,322,0.7879
395,-151.57,156829,646,0.7677
396,-33.85,156944,115,0.7891
397,-27.23,157041,97,0.7904
398,-56.24,157225,184,0.7934
399,-30.61,157313,88,0.795
400,95.74,157594,281,0.7839
401,-21.73,157652,58,0.798
402,-32.83,157770,118,0.8033
403,-78.45,158227,457,0.7908
404,-77.08,158606,379,0.7894
405,-30.61,158700,94,0.8259
406,-25.72,158776,76,0.7867
407,-19.75,158837,61,0.8087
408,-25.82,158916,79,0.7929
409,-20.88,158992,76,0.7601
410,-71.49,159752,760,0.7977
411,-94.9,160422,670,0.7958
412,-40.4,160546,124,0.7683
413,-19.19,160589,43,0.8129
414,-106.53,161196,607,0.7948
415,-20.85,161251,55,0.7906
416,-22.45,161306,55,0.7854
417,-38.54,161601,295,0.7971
418,-20.18,161665,64,0.7733
419,-53.27,161819,154,0.8041
420,-53.53,162006,187,0.7862
421,-25.65,162106,100,0.7769
422,-25.15,162191,85,0.8068
423,-56.61,162432,241,0.7997
424,-19.9,162898,466,0.7942
425,-31.16,163007,109,0.8105
426,-56.4,163176,169,0.8026
427,99.95,163177,1,0.8861
428,-11.46,163535,358,0.8112
429,-57.22,163890,355,0.8014
430,-26.67,163966,76,0.7736
431,-49.77,164489,523,0.8017
432,96.24,164836,347,0.8005
433,-96.48,165257,421,0.7917
434,-20.87,165357,100,0.7695
435,-63.55,165544,187,0.8004
436,-51.15,165926,382,0.6472
437,-18.35,165999,73,0.5486
438,78.36,166526,527,0.5837
439,-27.12,166653,127,0.5691
440,-37.07,166795,142,0.5606
441,-28.7,166901,106,0.5777
442,-28.55,167010,109,0.5589
443,-32.19,167116,106,0.6198
444,-58.14,167417,301,0.5497
445,-51.8,167691,274,0.5549
446,-25.46,167800,109,0.5663
447,-36.69,167960,160,0.5619
448,-28.31,168138,178,0.5447
449,-33.03,168271,133,0.5607
450,-54.78,168635,364,0.5829
451,-48.98,168927,292,0.5792
452,-57.27,169708,781,0.5708
453,100.73,169842,134,0.5889
454,-40.61,170392,550,0.8142
455,-41.98,170528,136,0.8057
456,-64.95,170703,175,0.8019
457,99.95,170704,1,1.1425
458,99.95,170705,1,1.1483
459,-19.02,171366,661,0.7848
460,-72.34,171745,379,0.7989
461,-24.76,171797,52,0.761
462,-62.68,172380,583,0.8003
463,-22.2,172435,55,0.7959
464,-35.56,172523,88,0.7941
465,-39.72,172653,130,0.818
466,-80.62,173134,481,0.7913
467,-38.9,173255,121,0.8152
468,-20.96,173322,67,0.7514
469,-50.48,173626,304,0.787
470,-20.05,173675,49,0.776
471,-61.79,173892,217,0.8143
472,-29.33,173962,70,0.7945
473,-14.2,174176,214,0.777
474,-103.77,175032,856,0.7854
475,-61.76,175303,271,0.7876
476,-32.18,175976,673,0.7881
477,-39.32,176388,412,0.8073
478,99.95,176389,1,1.0114
479,-44.84,176561,172,0.7993
480,-106.97,176985,424,0.8025
481,-24.92,177046,61,0.818
482,-27.58,177137,91,0.7898
483,-34.73,177576,439,0.7847
484,-32.32,178222,646,0.7768
485,-17.85,178556,334,0.7943
486,-25.23,178635,79,0.7928
487,-50.67,178873,238,0.7828
488,-22.48,178946,73,0.7923
489,-67.38,179190,244,0.8074
490,-53.09,179614,424,0.8039
491,99.95,179615,1,0.9895
492,102.71,179914,299,0.7944
493,-32.16,179996,82,0.7978
494,-41.52,180174,178,0.7795
495,-90.09,180529,355,0.7926
496,-35.62,180611,82,0.7891
497,-25.85,180708,97,0.7995
498,-23.53,180778,70,0.7746
499,127.16,181017,239,0.8102
500,117.95,181160,143,0.7905
501,-2.65,181674,514,0.797
502,-22.94,181756,82,0.7836
503,-28.79,181850,94,0.7988
504,-23.13,181944,94,0.7977
505,-42.84,182125,181,0.787
506,-30.52,182219,94,0.7732
507,-59.31,182544,325,0.8075
508,-27.17,182632,88,0.8057
509,102.32,182739,107,0.7738
510,-156.21,183391,652,0.7961
511,-36.07,183572,181,0.801
512,-58.4,184401,829,0.797
513,-22.34,184474,73,0.7872
514,113.99,184599,125,0.7854
515,-95.54,185068,469,0.7891
516,-72.87,185735,667,0.7893
517,-80.46,186288,553,0.7952
518,-143.57,186904,616,0.7865
519,-51.94,187169,265,0.785
520,-165.68,188235,1066,0.7991
521,-77.99,188716,481,0.7984
522,-23.02,188762,46,0.8198
523,-21.21,189546,784,0.7926
524,-23.25,189613,67,0.7814
525,-32.07,189965,352,0.7953
526,-22.07,190407,442,0.7746
527,-89.94,190774,367,0.8002
528,-72.97,191015,241,0.8033
529,-24.21,191100,85,0.7865
530,-36.93,191206,106,0.7716
531,-89.86,191597,391,0.7899
532,-90.34,192231,634,0.7957
533,-21.85,192292,61,0.7926
534,-54.18,192581,289,0.7956
535,-21.21,193200,619,0.7902
536,-29.94,193315,115,0.7924
537,-94.31,194039,724,0.8018
538,-20.88,194094,55,0.7433
539,-29.53,194188,94,0.7941
540,-67.95,195218,1030,0.7925
541,-67.0,195423,205,0.7932
542,99.95,195424,1,0.7377
543,101.21,195474,50,0.803
544,-34.96,195568,94,0.7921
545,96.61,196152,584,0.7752
546,-12.15,196360,208,0.8048
547,-26.15,196430,70,0.7533
548,-39.0,196605,175,0.7877
549,-97.16,197041,436,0.8014
550,-20.99,197129,88,0.783
551,-21.7,197511,382,0.7874
552,-33.16,197593,82,0.7913
553,-55.25,197840,247,0.7999
554,-47.95,198027,187,0.8077
555,-23.55,198574,547,0.782
556,-24.61,198653,79,0.8141
557,-97.59,199047,394,0.7907
558,-19.8,199117,70,0.8075
559,-148.18,199769,652,0.7834
560,-28.99,199818,49,0.8228
561,-62.48,200212,394,0.8044
562,-89.08,200846,634,0.7892
563,-121.36,201486,640,0.7954
564,-133.9,202063,577,0.7901
565,-18.42,202133,70,0.7888
566,-18.87,202197,64,0.8189
567,-25.92,202270,73,0.7726
568,-27.27,202397,127,0.8074
569,-153.81,203100,703,0.8178
570,-42.07,203248,148,0.8209
571,-46.71,203399,151,0.8256
572,-23.7,203457,58,0.8262
573,-55.57,204157,700,0.7957
574,-23.25,204239,82,0.7992
575,-83.76,204600,361,0.7932
576,-28.51,204685,85,0.8071
577,-89.97,205085,400,0.7974
578,-30.23,205644,559,0.7926
579,-80.69,206056,412,0.793
580,-96.47,206414,358,0.7905
581,-100.1,206961,547,0.8025
582,-19.38,207034,73,0.7837
583,-15.88,207386,352,0.779
584,-37.71,207570,184,0.796
585,-20.0,207634,64,0.7999
586,-30.46,207704,70,0.7547
587,-31.92,207777,73,0.7759
588,-170.14,208594,817,0.793
589,-26.38,208673,79,0.7698
590,-55.04,209097,424,0.7944
591,-26.71,209209,112,0.8019
592,-28.77,209279,70,0.7562
593,-29.35,209358,79,0.7829
594,-160.51,209977,619,0.7903
595,-23.37,210035,58,0.7951
596,-89.45,210405,370,0.7804
597,99.95,210406,1,1.2865
598,-66.7,210761,355,0.8057
599,-74.36,211029,268,0.7964
600,-41.69,211135,106,0.7818
601,-8.96,211337,202,0.7996
602,-158.85,212061,724,0.7883
603,-65.19,212329,268,0.7788
604,-25.36,212411,82,0.7695
605,-24.44,212478,67,0.805
606,101.07,212576,98,0.7927
607,111.88,212860,284,0.7809
608,-60.59,213068,208,0.7979
609,-67.97,213276,208,0.7867
610,-19.71,213346,70,0.7626
611,-151.55,214058,712,0.7915
612,-70.87,214506,448,0.803
613,-40.13,214630,124,0.7997
614,-38.37,214952,322,0.7861
615,-3.36,215370,418,0.8008
616,-24.12,215434,64,0.8072
617,-39.87,215624,190,0.8065
618,-54.56,216024,400,0.8008
619,-142.05,216649,625,0.7911
620,-98.77,217445,796,0.7961
621,-43.12,217644,199,0.7982
622,-27.24,217750,106,0.7898
623,-27.59,218330,580,0.7775
624,-56.01,218613,283,0.7703
625,99.95,218614,1,1.4305
626,-149.05,219263,649,0.7857
627,-46.98,219417,154,0.7965
628,-84.82,219682,265,0.7962
629,-21.77,219743,61,0.7881
630,-23.15,219816,73,0.8077
631,-111.41,220306,490,0.7927
632,-38.98,220406,100,0.7856
633,-84.78,220812,406,0.779
634,-121.1,221407,595,0.8074
635,-33.52,221555,148,0.7905
636,-35.56,221706,151,0.7934
637,-31.1,221824,118,0.7782
638,-20.8,221903,79,0.7697
639,-36.34,222036,133,0.8023
640,-20.54,222097,61,0.7965
641,-139.71,222797,700,0.7903
642,-56.92,223167,370,0.7939
643,99.95,223168,1,1.1645
644,-65.0,223439,271,0.772
645,-42.0,223575,136,0.7942
646,107.22,223838,263,0.7863
647,-21.43,223896,58,0.7732
648,-28.47,223972,76,0.797
649,-84.5,224387,415,0.801
650,-21.85,224460,73,0.7408
651,-26.55,224542,82,0.7788
652,-25.09,224639,97,0.7902
653,99.95,224640,1,1.0438
654,-22.87,224698,58,0.8122
655,-24.65,224771,73,0.782
656,-94.43,225120,349,0.7841
657,3.41,225454,334,0.7901
658,-33.3,225539,85,0.7998
659,128.92,225766,227,0.77
660,-159.42,226421,655,0.8083
661,-90.83,226797,376,0.7976
662,-37.56,226909,112,0.7912
663,-7.95,227261,352,0.7873
664,-35.78,227394,133,0.8206
665,-25.69,227476,82,0.7872
666,-25.99,227696,220,0.7858
667,-24.62,227769,73,0.8074
668,99.95,227770,1,0.9517
669,-159.94,228530,760,0.7922
670,-48.08,228783,253,0.805
671,-161.45,229462,679,0.7879
672,-31.11,229565,103,0.8086
673,-18.18,229617,52,0.7466
674,-33.42,229777,160,0.8058
675,-23.61,229898,121,0.7889
676,-131.16,230595,697,0.7877
677,-71.39,230896,301,0.8032
678,-38.14,231119,223,0.7879
679,-24.54,231204,85,0.7668
680,-90.02,231703,499,0.7994
681,-26.03,231776,73,0.8043
682,-15.45,232101,325,0.8062
683,-23.51,232468,367,0.7886
684,-47.91,232658,190,0.8023
685,-102.58,233151,493,0.7952
686,-80.63,233461,310,0.7883
687,-145.94,234632,1171,0.8012
688,-20.63,234723,91,0.706
689,-29.53,234874,151,0.7718
690,-44.9,235016,142,0.7987
691,-27.99,235497,481,0.797
692,-71.1,235792,295,0.7862
693,-30.84,235925,133,0.7924
694,112.05,236194,269,0.7894
695,-22.59,236300,106,0.8163
696,99.95,236301,1,0.9423
697,-58.28,236737,436,0.793
698,-18.61,236783,46,0.7377
699,-55.08,237006,223,0.7887
700,-27.1,237112,106,0.8066
701,-39.46,237326,214,0.7935
702,-45.18,237543,217,0.7768
703,-44.8,237715,172,0.763
704,-125.42,238439,724,0.7826
705,-21.28,238491,52,0.7695
706,99.95,238492,1,0.9529
707,99.95,238493,1,1.0024
708,-24.67,238584,91,0.7921
709,113.67,238730,146,0.7565
710,99.95,238731,1,0.9322
711,-34.57,238939,208,0.7988
712,-28.87,239033,94,0.8043
713,-42.01,239343,310,0.7976
714,-32.94,239479,136,0.7908
715,-34.32,239777,298,0.7896
716,-101.67,240363,586,0.8063
717,-79.08,240652,289,0.7954
718,-168.97,241430,778,0.7941
719,-161.56,242166,736,0.8018
720,99.95,242167,1,0.6399
721,-65.67,242495,328,0.792
722,-29.86,242601,106,0.7587
723,-31.29,242686,85,0.79
724,-45.51,242945,259,0.7885
725,-65.6,243315,370,0.8045
726,-27.54,243442,127,0.7755
727,99.95,243443,1,0.9058
728,-23.28,243531,88,0.7812
729,-56.16,243721,190,0.8218
730,-47.62,244067,346,0.7877
731,-61.91,244338,271,0.8039
732,-65.59,244597,259,0.7788
733,-47.63,244787,190,0.7936
734,-25.77,244884,97,0.8064
735,-23.63,244975,91,0.7894
736,-19.53,245054,79,0.7583
737,-38.63,245151,97,0.7532
738,-43.97,245305,154,0.7875
739,-52.37,245570,265,0.8033
740,-24.33,245643,73,0.7549
741,-29.46,245773,130,0.7877
742,-62.04,246035,262,0.7853
743,-72.04,246591,556,0.7867
744,99.26,246920,329,0.79
745,-79.62,247311,391,0.7897
746,-23.91,247384,73,0.7975
747,-39.82,247541,157,0.7824
748,-30.49,247623,82,0.7848
749,-69.33,248197,574,0.7963
750,-27.29,248285,88,0.8003
751,51.64,249382,1097,0.7969
752,-46.14,249554,172,0.7752
753,-93.07,250212,658,0.797
754,-47.03,250645,433,0.7937
755,-51.19,250841,196,0.8087
756,-24.87,250914,73,0.7908
757,-30.1,251005,91,0.793
758,-20.77,251084,79,0.7289
759,-165.51,253500,2416,0.7992
760,-26.85,253591,91,0.7924
761,-128.63,254900,1309,0.796
762,-53.62,255129,229,0.7905
763,-34.0,255268,139,0.7939
764,-25.51,255380,112,0.8007
765,-21.33,255435,55,0.7856
766,-21.57,255547,112,0.802
767,-70.67,256421,874,0.7825
768,-48.98,256563,142,0.8101
769,-67.59,257038,475,0.788
770,-22.05,257105,67,0.796
771,-41.17,257391,286,0.796
772,-29.58,257641,250,0.7818
773,-39.46,257813,172,0.7968
774,-100.09,259026,1213,0.7909
775,-64.0,259267,241,0.7876
776,-150.99,259853,586,0.7914
777,-11.22,260040,187,0.7969
778,-88.17,260542,502,0.7964
779,-19.66,260657,115,0.8025
780,-19.98,260724,67,0.7836
781,-21.14,260854,130,0.7862
782,99.95,260855,1,1.1926
783,-72.63,261819,964,0.8011
784,-77.69,262288,469,0.802
785,-68.8,263120,832,0.7998
786,-50.98,263325,205,0.7977
787,-159.73,263974,649,0.7991
788,-31.62,264596,622,0.7816
789,-81.26,264906,310,0.815
790,99.95,264907,1,1.1294
791,-36.46,265121,214,0.784
792,-51.9,265467,346,0.8076
793,-26.08,265564,97,0.7925
794,-80.52,266096,532,0.8032
795,-28.35,266211,115,0.7888
796,-23.89,266578,367,0.8004
797,-22.78,266660,82,0.7863
798,-22.14,266766,106,0.7722
799,-29.26,266899,133,0.8009
800,-46.45,267077,178,0.8277
801,-36.44,267450,373,0.794
802,-102.61,268321,871,0.7937
803,-36.67,268493,172,0.7808
804,-31.56,268644,151,0.7993
805,-68.98,268963,319,0.8012
806,-37.56,269093,130,0.7946
807,-158.71,270057,964,0.7976
808,-52.01,270301,244,0.7971
809,-28.65,270377,76,0.7742
810,-124.97,271113,736,0.7922
811,-46.03,271309,196,0.7993
812,-98.93,271904,595,0.7955
813,-27.07,271977,73,0.8295
814,-22.79,272041,64,0.7943
815,-65.51,272264,223,0.8022
816,-22.6,272328,64,0.8285
817,-27.03,272434,106,0.8029
818,104.01,272706,272,0.8021
819,-27.39,272803,97,0.8223
820,-52.11,273080,277,0.787
821,-41.98,273552,472,0.7887
822,-55.72,273958,406,0.7793
823,-80.59,274367,409,0.8018
824,-28.73,274440,73,0.7808
825,98.86,274487,47,0.7251
826,119.88,274843,356,0.7851
827,-48.1,275210,367,0.7948
828,99.19,275596,386,0.8133
829,-41.59,275777,181,0.8014
830,-25.49,275880,103,0.7779
831,-34.37,276010,130,0.8244
832,106.61,276453,443,0.8037
833,99.95,276454,1,1.0255
834,-21.94,276542,88,0.8187
835,-33.83,276657,115,0.7873
836,-23.68,276733,76,0.7842
837,-35.48,276884,151,0.7766
838,-64.38,277260,376,0.7962
839,-46.54,277432,172,0.8044
840,-152.36,278201,769,0.7909
841,-57.89,278424,223,0.7913
842,-32.67,278551,127,0.783
843,-34.24,278657,106,0.7811
844,-73.77,278958,301,0.8057
845,-23.54,279031,73,0.7737
846,-39.97,279128,97,0.8118
847,-34.26,279222,94,0.7702
848,-29.28,279313,91,0.8245
849,-35.09,279416,103,0.7739
850,101.54,279481,65,0.7709
851,99.95,279482,1,1.0603
852,-50.85,279684,202,0.7833
853,-83.61,279982,298,0.791
854,-81.27,280340,358,0.811
855,-31.17,280479,139,0.8033
856,-23.2,280552,73,0.7889
857,99.95,280553,1,0.9984
858,-38.95,280680,127,0.7788
859,-21.27,280744,64,0.7699
860,-41.17,280907,163,0.7894
861,-19.95,280974,67,0.7761
862,-58.57,281398,424,0.7977
863,-79.75,282350,952,0.7902
864,-21.47,282423,73,0.8204
865,-95.48,283123,700,0.7877
866,-21.55,283505,382,0.7973
867,-63.12,283743,238,0.8018
868,99.51,283850,107,0.782
869,-24.21,283953,103,0.8166
870,-35.48,284077,124,0.7692
871,-23.78,284168,91,0.8107
872,-25.1,284220,52,0.7332
873,-56.12,284914,694,0.798
874,-53.74,285086,172,0.7887
875,-36.7,285222,136,0.7793
876,-155.67,286186,964,0.7932
877,98.13,286260,74,0.7901
878,-112.06,286927,667,0.7957
879,-71.35,287498,571,0.7954
880,99.95,287499,1,2.3375
881,-54.18,287725,226,0.7751
882,-31.18,287852,127,0.7826
883,-21.57,287904,52,0.7572
884,-108.16,288478,574,0.797
885,-21.11,288524,46,0.7973
886,-28.48,288618,94,0.819
887,-141.84,289216,598,0.7815
888,-60.1,289496,280,0.8017
889,-41.73,289779,283,0.7875
890,-60.75,290020,241,0.8149
891,-54.24,290306,286,0.7874
892,-9.77,290751,445,0.7898
893,-160.59,291388,637,0.8017
894,-166.76,292139,751,0.7958
895,-28.83,292254,115,0.8001
896,-74.26,292750,496,0.7992
897,-48.9,292916,166,0.7833
898,-84.82,293268,352,0.8132
899,-23.26,293335,67,0.764
900,-48.66,293525,190,0.8057
901,104.27,293767,242,0.8074
902,-24.58,293840,73,0.7899
903,-63.67,294075,235,0.7866
904,-35.2,294211,136,0.8132
905,-23.47,294290,79,0.7812
906,-24.76,294384,94,0.8265
907,-58.69,294856,472,0.8075
908,106.97,294987,131,0.8045
909,-22.32,295081,94,0.7976
910,-41.3,295259,178,0.7976
911,-81.38,295629,370,0.8026
912,-61.92,295876,247,0.8063
913,-96.39,296321,445,0.8012
914,-56.19,296514,193,0.8133
915,-45.25,296677,163,0.7912
916,-70.12,297035,358,0.7822
917,-30.26,297171,136,0.7764
918,-30.78,297292,121,0.7951
919,-22.86,297353,61,0.8115
920,102.88,297454,101,0.7885
921,119.11,297873,419,0.7898
922,-44.17,298018,145,0.7953
923,-22.01,298073,55,0.8017
924,-46.23,298209,136,0.7759
925,-157.38,298996,787,0.7973
926,-34.13,299120,124,0.7829
927,-51.07,299343,223,0.8252
928,99.95,299344,1,1.0303
929,-38.88,299486,142,0.7941
930,-32.54,299598,112,0.7971
931,-27.56,299695,97,0.771
932,107.8,299799,104,0.7731
933,-98.68,300238,439,0.806
934,-59.84,300548,310,0.7914
935,-69.71,300945,397,0.7915
936,-122.76,301420,475,0.8083
937,99.95,301421,1,0.9292
938,-26.23,301566,145,0.8032
939,-71.98,301876,310,0.7909
940,-154.79,302534,658,0.7952
941,-30.75,302628,94,0.7842
942,-106.38,303103,475,0.7942
943,-48.16,303446,343,0.8061
944,-40.05,303648,202,0.7773
945,-22.47,303706,58,0.7934
946,-61.46,303860,154,0.7766
947,-30.55,303981,121,0.8048
948,-22.94,304048,67,0.7798
949,-21.96,304139,91,0.8163
950,-30.74,304740,601,0.7839
951,-75.52,305095,355,0.805
952,-103.93,305675,580,0.8004
953,-31.48,305799,124,0.7988
954,-24.23,305887,88,0.8028
955,-27.0,305963,76,0.8202
956,-24.13,306063,100,0.8002
957,-30.31,306535,472,0.7997
958,-57.06,307016,481,0.7948
959,-30.56,307125,109,0.7846
960,-26.04,307216,91,0.7789
961,-44.38,307580,364,0.7936
962,-26.92,307680,100,0.7883
963,-52.27,308077,397,0.7932
964,-29.13,308162,85,0.7833
965,-44.36,309045,883,0.7762
966,-93.41,309649,604,0.8032
967,-20.86,309698,49,0.7563
968,-19.43,309756,58,0.8238
969,-54.12,310144,388,0.8042
970,-124.83,310700,556,0.8096
971,-131.84,311286,586,0.8027
972,-90.78,311752,466,0.7981
973,99.95,311753,1,1.2136
974,-177.0,312954,1201,0.7784
975,-37.84,313081,127,0.7782
976,-25.71,313193,112,0.784
977,-22.67,313269,76,0.7506
978,99.95,313270,1,1.2227
979,-23.59,313652,382,0.7943
980,-30.89,313758,106,0.8042
981,-37.35,313888,130,0.7887
982,-39.93,314063,175,0.797
983,-19.84,314127,64,0.7937
984,-35.13,314266,139,0.8143
985,-45.78,314441,175,0.7934
986,-24.36,314517,76,0.7993
987,-117.21,315148,631,0.785
988,-22.8,315746,598,0.7957
989,-26.97,315825,79,0.7955
990,-22.45,315895,70,0.7501
991,-21.18,315984,89,0.6809
992,-21.47,316066,82,0.5459
993,-26.55,316190,124,0.5455
994,-86.4,316644,454,0.5623
995,-38.48,317071,427,0.5536
996,-160.86,317750,679,0.5603
997,-155.3,318666,916,0.5537
998,-101.67,319093,427,0.5616
999,-39.29,319280,187,0.5689
1000,-82.05,319812,532,0.571
1001,-30.4,319942,130,0.586
1002,-24.1,320012,70,0.5674
1003,-19.97,320082,70,0.556
1004,-28.05,320194,112,0.6432
1005,-114.87,320810,616,0.8079
1006,-30.56,320889,79,0.7762
1007,-36.22,321028,139,0.785
1008,-26.75,321116,88,0.7724
1009,-21.55,321183,67,0.7858
1010,-20.98,321238,55,0.8008
1011,-23.81,321302,64,0.7688
1012,-115.42,321729,427,0.797
1013,-24.38,321790,61,0.7874
1014,-37.26,321932,142,0.7943
1015,-19.27,321987,55,0.8095
1016,-45.56,322306,319,0.7783
1017,-27.16,322391,85,0.7826
1018,-170.8,323241,850,0.7976
1019,-25.12,323341,100,0.7825
1020,-23.73,323444,103,0.7658
1021,-24.94,323517,73,0.7894
1022,-24.44,323629,112,0.8166
1023,-40.01,324122,493,0.7976
1024,-53.6,324342,220,0.7821
1025,-156.02,325075,733,0.79
1026,-30.5,325484,409,0.7954
1027,-69.52,325701,217,0.8097
1028,116.08,325982,281,0.7867
1029,-21.63,326037,55,0.7611
1030,-24.16,326098,61,0.7565
1031,-57.37,326408,310,0.8007
1032,-53.71,326649,241,0.791
1033,-25.06,326707,58,0.8273
1034,-76.63,327116,409,0.7897
1035,-128.86,327681,565,0.7986
1036,-27.28,327787,106,0.7866
1037,-30.27,327917,130,0.7727
1038,-35.26,328041,124,0.7784
1039,-127.97,328711,670,0.7933
1040,-25.28,328796,85,0.7759
1041,-65.5,329103,307,0.7987
1042,-37.06,329644,541,0.7959
1043,-27.54,329774,130,0.8186
1044,-25.08,329892,118,0.7818
1045,-81.23,330301,409,0.7924
1046,-63.35,330515,214,0.7929
1047,-21.11,330588,73,0.7892
1048,-64.82,331063,475,0.7979
1049,-25.9,331127,64,0.8133
1050,-48.97,331317,190,0.7909
1051,-46.79,331588,271,0.8075
1052,97.53,331641,53,0.8153
1053,-40.07,331816,175,0.7993
1054,-171.97,332681,865,0.7837
1055,-20.45,332748,67,0.836
1056,-24.11,332803,55,0.7695
1057,-25.01,332876,73,0.7968
1058,-42.85,333033,157,0.8172
1059,-35.16,333169,136,0.7637
1060,-78.77,334814,1645,0.7953
1061,-21.95,334869,55,0.8009
1062,-48.67,335020,151,0.7915
1063,-60.62,335696,676,0.7983
1064,-40.02,335859,163,0.7852
1065,-45.69,336013,154,0.7815
1066,-54.5,336311,298,0.8071
1067,99.95,336312,1,0.5838
1068,-61.32,337009,697,0.7953
1069,-88.67,337349,340,0.7908
1070,-25.52,337452,103,0.786
1071,-38.71,337579,127,0.7801
1072,-54.34,337796,217,0.7823
1073,-65.37,338058,262,0.7901
1074,-27.21,338116,58,0.7883
1075,-117.17,338690,574,0.781
1076,-50.26,339099,409,0.7811
1077,-23.6,339154,55,0.8436
1078,-37.27,339245,91,0.8018
1079,-30.28,339333,88,0.7805
1080,1.37,339613,280,0.8001
1081,-22.41,339668,55,0.7744
1082,-43.0,339840,172,0.7794
1083,-40.52,340057,217,0.798
1084,-24.35,340133,76,0.7854
1085,-29.86,340227,94,0.7952
1086,-86.61,340741,514,0.802
1087,-114.8,341312,571,0.7885
1088,-74.32,341619,307,0.7889
1089,-53.53,341830,211,0.7999
1090,-28.01,341927,97,0.7899
1091,97.59,341995,68,0.7547
1092,-26.03,342128,133,0.7878
1093,-38.04,342306,178,0.8003
1094,-40.87,342481,175,0.7847
1095,-40.59,342587,106,0.7854
1096,-35.52,342687,100,0.8359
1097,-57.71,342979,292,0.7921
1098,-32.88,343115,136,0.7808
1099,-23.25,343173,58,0.7889
1100,-71.38,343489,316,0.7917
1101,-44.38,343622,133,0.8036
1102,-22.67,343710,88,0.7803
1103,-159.79,344347,637,0.7934
1104,-50.73,344531,184,0.7974
1105,-71.05,344814,283,0.7971
1106,-37.54,345364,550,0.7997
1107,-57.09,345929,565,0.7957
1108,-26.34,346065,136,0.7985
1109,-120.75,346573,508,0.7944
1110,-95.19,347363,790,0.7942
1111,-77.01,347619,256,0.7841
1112,-37.91,348112,493,0.7893
1113,-23.03,348182,70,0.751
1114,-19.79,348237,55,0.8309
1115,-41.03,348412,175,0.7821
1116,-107.22,348971,559,0.791
1117,-43.13,349116,145,0.773
1118,-25.67,349207,91,0.7952
1119,-149.99,349835,628,0.8165
1120,-41.81,349971,136,0.8114
1121,-31.07,350074,103,0.789
1122,-24.92,350141,67,0.764
1123,-16.78,350514,373,0.809
1124,-150.69,350995,481,0.7872
1125,-31.67,351113,118,0.7997
1126,89.36,351631,518,0.7867
1127,-16.34,351974,343,0.7741
1128,-27.78,352083,109,0.7878
1129,-81.77,352705,622,0.7958
1130,-25.94,352793,88,0.7635
1131,100.86,352888,95,0.7877
1132,-26.91,353285,397,0.8012
1133,-20.17,353529,244,0.8022
1134,-27.77,353632,103,0.7707
1135,-47.22,353756,124,0.7903
1136,-155.37,354402,646,0.7966
1137,-34.18,354520,118,0.794
1138,-5.54,354920,400,0.7743
1139,-37.8,355212,292,0.7874
1140,-26.48,355318,106,0.7689
1141,-25.29,355412,94,0.7811
1142,-25.99,355497,85,0.8918
1143,-28.27,355588,91,0.7755
1144,-17.0,355685,97,0.7873
1145,-25.89,355779,94,0.7895
1146,93.59,355994,215,0.7841
1147,-48.03,356226,232,0.8046
1148,-59.34,356929,703,0.7941
1149,-52.34,357572,643,0.8034
1150,-64.31,357789,217,0.7987
1151,100.01,357848,59,0.7585
1152,-26.97,357930,82,0.7716
1153,-27.94,358021,91,0.794
1154,-99.98,358478,457,0.8017
1155,-28.82,358560,82,0.7997
1156,-78.44,358918,358,0.8014
1157,-29.95,359003,85,0.7758
1158,-28.83,359097,94,0.7801
1159,-29.68,359203,106,0.768
1160,-146.86,360032,829,0.7937
1161,-39.54,360162,130,0.8056
1162,-34.54,360256,94,0.7996
1163,-25.12,360338,82,0.7931
1164,-56.37,360633,295,0.8051
1165,-21.77,360691,58,0.8141
1166,-66.43,360959,268,0.7917
1167,115.3,361267,308,0.803
1168,-47.85,361457,190,0.8007
1169,-19.76,361521,64,0.7995
1170,-25.0,361603,82,0.7482
1171,-71.3,361922,319,0.7917
1172,111.19,362221,299,0.7828
1173,-49.6,362894,673,0.7901
1174,93.92,363037,143,0.7822
1175,-24.42,363107,70,0.8092
1176,-31.92,363243,136,0.7872
1177,-28.39,363325,82,0.7882
1178,-123.77,363950,625,0.8011
1179,-26.15,364026,76,0.8521
1180,-26.07,364144,118,0.8033
1181,115.61,364542,398,0.7833
1182,-19.87,364597,55,0.8123
1183,-60.6,365090,493,0.7894
1184,-112.91,365622,532,0.8016
1185,-61.52,366370,748,0.7851
1186,-68.88,366944,574,0.7931
1187,-31.83,367086,142,0.7889
1188,-70.61,367390,304,0.7876
1189,-30.69,367520,130,0.7734
1190,-38.58,367674,154,0.7777
1191,-83.08,368929,1255,0.7979
1192,-23.06,369353,424,0.786
1193,-24.75,369432,79,0.7798
1194,-22.07,369490,58,0.7812
1195,-75.28,369992,502,0.8033
1196,-25.51,370074,82,0.778
1197,-18.33,370330,256,0.8119
1198,-169.54,370955,625,0.8001
1199,-67.75,371439,484,0.7959
1200,-62.19,371653,214,0.7859
1201,-101.95,372017,364,0.7986
1202,-34.19,372177,160,0.7651
1203,-20.25,372727,550,0.7977
1204,-28.34,372809,82,0.8029
1205,-89.99,373194,385,0.8074
1206,101.78,373280,86,0.7733
1207,-33.25,373389,109,0.7727
1208,-28.83,373477,88,0.7496
1209,-25.28,373991,514,0.78
1210,-23.37,374061,70,0.7778
1211,-55.61,374227,166,0.7713
1212,-95.44,374810,583,0.7995
1213,-21.76,374946,136,0.7994
1214,-29.89,375031,85,0.7924
1215,-30.47,375143,112,0.7747
1216,-24.81,375219,76,0.7824
1217,-29.66,375328,109,0.7711
1218,101.37,375414,86,0.7774
1219,-23.42,375469,55,0.8283
1220,-81.87,375791,322,0.7954
1221,-44.71,376032,241,0.7789
1222,-31.86,376117,85,0.7788
1223,-28.95,376190,73,0.7809
1224,-136.46,376743,553,0.7979
1225,-64.61,377041,298,0.801
1226,-37.9,377159,118,0.7871
1227,-70.07,377412,253,0.7941
1228,-31.06,377500,88,0.8154
1229,-41.4,377903,403,0.7991
1230,-22.21,377976,73,0.7997
1231,-23.07,378025,49,0.7724
1232,-93.16,378848,823,0.8075
1233,-37.61,378972,124,0.7952
1234,-23.44,379030,58,0.7754
1235,-28.57,379142,112,0.8272
1236,-30.3,379221,79,0.8099
1237,-16.19,379369,148,0.7901
1238,-73.92,379784,415,0.8042
1239,-64.63,380058,274,0.7817
1240,-26.86,380131,73,0.8042
1241,-21.36,380192,61,0.7535
1242,-26.11,380259,67,0.8064
1243,-108.89,380812,553,0.7969
1244,-95.86,381302,490,0.7956
1245,-59.59,381525,223,0.8026
1246,-20.22,381589,64,0.7874
1247,63.16,383004,1415,0.7922
1248,-23.33,383062,58,0.802
1249,-25.37,383126,64,0.8165
1250,-25.38,383217,91,0.8118
1251,-75.22,383950,733,0.791
1252,99.95,383951,1,1.4722
1253,-24.59,384039,88,0.7941
1254,99.95,384040,1,1.0142
1255,-44.39,384194,154,0.7848
1256,-22.29,384273,79,0.8094
1257,-20.4,384346,73,0.7995
1258,-39.8,384464,118,0.787
1259,-28.68,384543,79,0.8308
1260,-28.67,384664,121,0.7824
1261,-89.28,385094,430,0.7958
1262,-43.28,385233,139,0.8061
1263,-19.3,385300,67,0.8088
1264,99.95,385301,1,0.8925
1265,-22.26,385350,49,0.8006
1266,-56.81,385564,214,0.7861
1267,-41.79,385919,355,0.7946
1268,-89.26,386661,742,0.7938
1269,-99.73,387319,658,0.7914
1270,-25.76,387410,91,0.8097
1271,-34.11,387510,100,0.7853
1272,-30.93,387724,214,0.7839
1273,-52.28,387893,169,0.804
1274,-17.53,387960,67,0.788
1275,-76.51,388309,349,0.7744
1276,-53.44,388535,226,0.7987
1277,-26.75,388605,70,0.8097
1278,-48.86,388774,169,0.7979
1279,-55.52,388991,217,0.7937
1280,-23.39,389076,85,0.7673
1281,-23.39,389134,58,0.7682
1282,-40.62,389273,139,0.7934
1283,-43.08,389466,193,0.7987
1284,-25.04,389785,319,0.7512
1285,-20.7,389849,64,0.7571
1286,-37.52,390000,151,0.7757
1287,-23.33,390073,73,0.7878
1288,-62.47,390512,439,0.7865
1289,-34.49,390591,79,0.7868
1290,-60.75,390847,256,0.754
1291,-31.31,390899,52,0.7882
1292,-27.0,390954,55,0.7929
1293,-76.02,391366,412,0.7902
1294,-40.02,392039,673,0.796
1295,-24.53,392106,67,0.7858
1296,-15.35,392200,94,0.8254
1297,-38.53,392636,436,0.7791
1298,-118.58,393240,604,0.7871
1299,-82.82,393631,391,0.7935
1300,99.95,393632,1,1.047
1301,-64.6,393888,256,0.8014
1302,-109.37,394381,493,0.7968
1303,-57.42,394751,370,0.8132
1304,-20.77,394827,76,0.7554
1305,-34.06,394915,88,0.7557
1306,-35.19,395081,166,0.7985
1307,-46.26,395223,142,0.8
1308,-75.49,395491,268,0.7882
1309,-86.2,395822,331,0.7827
1310,-110.12,397104,1282,0.7893
1311,99.95,397105,1,1.172
1312,-23.03,397199,94,0.7797
1313,-45.88,397539,340,0.7926
1314,-23.41,397606,67,0.7861
1315,-23.08,398117,511,0.8053
1316,-35.65,398211,94,0.788
1317,-29.75,398278,67,0.7699
1318,-26.47,398369,91,0.7788
1319,-91.0,398892,523,0.7916
1320,-60.38,399172,280,0.7927
1321,-28.52,399248,76,0.7785
1322,-33.81,399408,160,0.7844
1323,-29.0,399499,91,0.8308
1324,-127.01,400346,847,0.7893
1325,101.81,400489,143,0.7972
1326,-118.5,401156,667,0.7902
1327,-20.1,401226,70,0.7795
1328,-53.89,401455,229,0.7963
1329,-40.59,401594,139,0.7784
1330,-61.04,401814,220,0.8106
1331,-141.68,402562,748,0.79
1332,-114.79,403157,595,0.7921
1333,-147.47,403872,715,0.7933
1334,-58.97,404206,334,0.8011
1335,-32.88,404324,118,0.7837
1336,-18.42,404595,271,0.7784
1337,-23.05,404650,55,0.7633
1338,-28.13,404714,64,0.8036
1339,-26.91,404808,94,0.7934
1340,118.04,404909,101,0.7831
1341,-21.58,405000,91,0.7903
1342,-68.48,405250,250,0.7832
1343,-23.69,405314,64,0.7923
1344,-87.84,405711,397,0.8072
1345,-54.11,405904,193,0.7837
1346,-21.82,405992,88,0.8195
1347,99.95,405993,1,1.0469
1348,-40.3,406387,394,0.8034
1349,115.65,406785,398,0.7817
1350,-33.78,406885,100,0.8165
1351,-26.76,406958,73,0.8016
1352,-34.65,407055,97,0.7958
1353,-29.3,407128,73,0.7649
1354,-70.67,407771,643,0.8073
1355,-113.49,408180,409,0.7895
1356,-70.39,408691,511,0.7972
1357,-157.62,409598,907,0.7949
1358,-18.92,409653,55,0.777
1359,-35.33,409783,130,0.7731
1360,-104.05,410297,514,0.7995
1361,97.14,410647,350,0.7712
1362,-23.41,410720,73,0.7967
1363,-30.42,410784,64,0.8198
1364,-54.23,411016,232,0.8185
1365,-17.63,411251,235,0.7837
1366,-19.53,411321,70,0.5296
1367,-24.79,411772,451,0.5605
1368,-133.15,412733,961,0.5719
1369,-80.35,413124,391,0.5681
1370,-22.15,413221,97,0.5256
1371,-35.89,413354,133,0.571
1372,-24.89,413448,94,0.5633
1373,-85.94,413935,487,0.5603
1374,-26.37,414029,94,0.5314
1375,-61.72,414555,526,0.5615
1376,-146.49,415579,1024,0.5984
1377,-23.19,415676,97,0.5562
1378,98.5,415747,71,0.5899
1379,-68.91,416240,493,0.5625
1380,-40.01,416646,406,0.5495
1381,-12.28,416800,154,0.568
1382,-39.11,416978,178,0.5775
1383,-29.83,417120,142,0.5953
1384,-103.46,417814,694,0.5617
1385,99.95,417815,1,0.744
1386,-64.55,418149,334,0.553
1387,-20.97,418261,112,0.5585
1388,-32.68,418373,112,0.5285
1389,-42.83,418509,136,0.5502
1390,-159.06,419506,997,0.5568
1391,-47.61,419717,211,0.5689
1392,-21.99,419781,64,0.5434
1393,-53.16,419965,184,0.6087
1394,-25.97,420254,289,0.5591
1395,111.13,420409,155,0.566
1396,-19.26,421076,667,0.5578
1397,-16.24,421149,73,0.5336
1398,-103.39,422029,880,0.5769
1399,-21.39,422114,85,0.5798
1400,-88.04,422670,556,0.5656
1401,-22.23,422746,76,0.5653
1402,-84.15,423275,529,0.5617
1403,-29.45,423408,133,0.5582
1404,-39.63,423541,133,0.5366
1405,-55.13,423791,250,0.5451
1406,-114.9,424443,652,0.5601
1407,-19.0,424507,64,0.5268
1408,-73.2,425003,496,0.564
1409,-31.38,425100,97,0.5671
1410,-87.38,425575,475,0.5731
1411,-34.61,425729,154,0.5381
1412,-66.6,426066,337,0.5588
1413,100.26,426137,71,0.579
1414,118.53,426451,314,0.5454
1415,-97.81,426962,511,0.5634
1416,-35.14,427071,109,0.5561
1417,-44.97,427270,199,0.5556
1418,-56.74,427529,259,0.5592
1419,109.45,427909,380,0.5636
1420,-82.2,428762,853,0.648
1421,-72.23,429225,463,0.8022
1422,-43.52,429406,181,0.8127
1423,-62.59,429728,322,0.795
1424,-63.23,429975,247,0.8121
1425,-148.21,430723,748,0.7809
1426,-42.57,430877,154,0.7748
1427,106.76,431212,335,0.7678
1428,-42.15,431318,106,0.7992
1429,-25.44,431373,55,0.7972
1430,-30.99,431494,121,0.7729
1431,-56.08,431675,181,0.7961
1432,-42.52,431859,184,0.8178
1433,-40.62,431989,130,0.775
1434,-44.26,432122,133,0.7792
1435,-15.41,432378,256,0.7863
1436,-30.38,432814,436,0.7687
1437,-55.31,433643,829,0.7798
1438,-24.32,433701,58,0.7744
1439,-54.07,434164,463,0.8149
1440,-140.51,434927,763,0.7882
1441,-23.46,434970,43,0.8222
1442,-72.71,435319,349,0.7953
1443,-76.18,435755,436,0.8013
1444,-34.45,435864,109,0.7652
1445,-47.83,436060,196,0.5709
1446,-175.35,436922,862,0.5711
1447,-55.38,437421,499,0.5657
1448,-20.09,437524,103,0.539
1449,-56.18,437804,280,0.5561
1450,-22.27,437889,85,0.5503
1451,-67.62,438268,379,0.5471
1452,-144.52,439343,1075,0.5596
1453,-59.82,439668,325,0.5823
1454,-135.47,440518,850,0.6122
1455,-30.83,440621,103,0.8038
1456,-21.17,440676,55,0.7758
1457,-96.77,441145,469,0.7895
1458,-59.81,441854,709,0.6697
1459,-27.94,441930,76,0.5627
1460,-76.07,443446,1516,0.5701
1461,-32.56,443657,211,0.5749
1462,-24.61,443754,97,0.5548
1463,-36.68,443965,211,0.5366
1464,-27.71,444086,121,0.5418
1465,-62.93,444414,328,0.5709
1466,-63.21,444763,349,0.5718
1467,-55.47,445268,505,0.5503
1468,-53.44,445506,238,0.5508
1469,-136.53,446587,1081,0.7741
1470,-52.88,446738,151,0.8034
1471,-18.01,446799,61,0.8021
1472,-136.74,447550,751,0.791
1473,-62.05,447761,211,0.7882
1474,-40.38,447897,136,0.7821
1475,99.95,447898,1,1.062
1476,-26.55,447959,61,0.8038
1477,-75.98,448818,859,0.7993
1478,-40.14,448951,133,0.8039
1479,-25.22,449030,79,0.7809
1480,-51.36,449304,274,0.8183
1481,-225.59,451825,2521,0.7888
1482,-34.94,451946,121,0.8155
1483,-40.73,452076,130,0.805
1484,-164.69,453046,970,0.7894
1485,-60.35,453416,370,0.8011
1486,-44.67,453612,196,0.7861
1487,-45.52,454084,472,0.7871
1488,-53.56,454271,187,0.7905
1489,-33.33,454389,118,0.7894
1490,102.73,454454,65,0.7851
1491,-27.95,454557,103,0.8051
1492,-43.87,454714,157,0.7977
1493,-23.13,454790,76,0.7711
1494,-21.74,454860,70,0.8071
1495,-68.67,455848,988,0.7967
1496,99.21,455943,95,0.8179
1497,-23.37,456013,70,0.7433
1498,-31.29,456152,139,0.8109
1499,-20.46,456219,67,0.7819
1500,-43.64,456517,298,0.7993
1501,-121.82,457034,517,0.7891
1502,-79.73,457287,253,0.7774
1503,-78.81,457570,283,0.7968
1504,-21.64,457628,58,0.7935
1505,-34.36,457740,112,0.7691
1506,-28.34,457816,76,0.8097
1507,-68.99,458183,367,0.7872
1508,-31.0,458277,94,0.7848
1509,-69.28,459319,1042,0.7909
1510,-21.94,459389,70,0.798
1511,-33.09,459507,118,0.7928
1512,-100.31,459961,454,0.8033
1513,-35.88,460109,148,0.8066
1514,-38.38,460245,136,0.7971
1515,-58.32,460537,292,0.785
1516,-22.29,460604,67,0.8126
1517,-76.19,460884,280,0.7917
1518,100.95,460955,71,0.7914
1519,-25.58,461067,112,0.8002
1520,-104.83,461590,523,0.7962
1521,-27.64,461669,79,0.8016
1522,-24.59,461784,115,0.7899
1523,99.41,461849,65,0.8044
1524,-85.45,462300,451,0.6487
1525,-51.43,462889,589,0.5626
1526,-106.87,463703,814,0.5581
1527,18.08,465538,1835,0.5612
1528,-95.31,466775,1237,0.5687
1529,-37.47,466956,181,0.8107
1530,-74.12,467311,355,0.779
1531,-151.65,467996,685,0.7954
1532,-49.02,468129,133,0.7899
1533,-39.68,468262,133,0.8019
1534,-71.57,468839,577,0.5772
1535,-112.93,469740,901,0.5775
1536,-28.5,469846,106,0.5613
1537,-31.08,470207,361,0.5582
1538,99.95,470208,1,0.5125
1539,-128.84,470830,622,0.5657
1540,-24.67,470921,91,0.5437
1541,-27.84,471042,121,0.5475
1542,-64.82,471283,241,0.5681
1543,-150.59,472097,814,0.5574
1544,-23.92,472170,73,0.5813
1545,-71.06,472450,280,0.5895
1546,99.95,472451,1,0.6668
1547,99.95,472452,1,0.4745
1548,-82.39,472966,514,0.5617
1549,-68.6,473282,316,0.562
1550,-35.26,473424,142,0.5442
1551,-25.48,473554,130,0.5771
1552,95.81,473679,125,0.5532
1553,-96.89,474826,1147,0.6859
1554,-69.6,475091,265,0.8061
1555,-28.29,475710,619,0.7915
1556,-24.63,475810,100,0.8111
1557,-56.85,476147,337,0.8043
1558,-79.2,476451,304,0.7991
1559,-128.03,476932,481,0.7976
1560,-51.91,477140,208,0.7836
1561,-36.53,477249,109,0.7975
1562,-121.55,477781,532,0.7948
1563,-29.37,477941,160,0.8229
1564,-124.78,478689,748,0.801
1565,-76.11,479398,709,0.8032
1566,-35.54,479504,106,0.8068
1567,-66.88,479835,331,0.794
1568,-64.7,480169,334,0.7949
1569,-31.19,480647,478,0.8009
1570,-33.96,480753,106,0.7995
1571,-32.99,481084,331,0.7955
1572,-23.56,481220,136,0.8027
1573,-29.9,481518,298,0.8012
1574,-98.08,481999,481,0.7979
1575,-39.1,482210,211,0.7994
1576,-49.6,482553,343,0.8016
1577,-21.42,482599,46,0.7762
1578,-30.33,482720,121,0.7977
1579,-27.6,482787,67,0.7663
1580,-25.83,483004,217,0.7778
1581,99.95,483005,1,1.2044
1582,-74.7,483468,463,0.7916
1583,-154.35,484057,589,0.7987
1584,-152.25,484760,703,0.7937
1585,-50.63,484953,193,0.8008
1586,-25.1,485041,88,0.7718
1587,-101.99,485696,655,0.7967
1588,-54.64,485979,283,0.7821
1589,-19.77,486028,49,0.8525
1590,-58.92,486272,244,0.7941
1591,-19.42,486321,49,0.797
1592,-68.95,486805,484,0.7953
1593,-24.93,486881,76,0.7701
1594,-71.02,487494,613,0.803
1595,120.29,487925,431,0.7878
1596,-55.46,488076,151,0.7755
1597,-61.7,488509,433,0.7998
1598,-24.03,488585,76,0.7819
1599,-22.86,488655,70,0.7748
1600,-90.15,489088,433,0.7938
1601,-38.89,489308,220,0.7792
1602,-37.71,489489,181,0.792
1603,-33.58,489637,148,0.7828
1604,-23.49,489722,85,0.7952
1605,-28.97,489828,106,0.7941
1606,-7.88,490027,199,0.8039
1607,84.79,490581,554,0.7964
1608,-32.22,490657,76,0.7988
1609,-48.1,491072,415,0.794
1610,92.77,491923,851,0.793
1611,-58.49,492134,211,0.8034
1612,-62.63,492345,211,0.7744
1613,-24.57,492400,55,0.7816
1614,-19.22,492455,55,0.8372
1615,-25.48,492543,88,0.7509
1616,-69.21,493426,883,0.7991
1617,-25.14,493520,94,0.8047
1618,-24.94,493593,73,0.8101
1619,-32.55,493726,133,0.7893
1620,-26.62,493796,70,0.7526
1621,-50.25,493989,193,0.8217
1622,-21.63,494068,79,0.7631
1623,-24.26,494135,67,0.7755
1624,-59.05,494361,226,0.8006
1625,-38.6,494524,163,0.8083
1626,-82.12,495086,562,0.7977
1627,-160.46,495879,793,0.7966
1628,-88.95,496360,481,0.7965
1629,-30.53,496472,112,0.7988
1630,-21.51,496533,61,0.7868
1631,-87.99,497893,1360,0.7948
1632,-28.7,497966,73,0.7862
1633,-59.92,498267,301,0.8002
1634,-64.73,498562,295,0.7831
1635,-19.37,498626,64,0.7928
1636,-41.78,498807,181,0.8012
1637,-78.67,499135,328,0.7973
1638,-60.08,499538,403,0.7902
1639,-29.24,499635,97,0.8124
1640,-31.19,499777,142,0.8026
1641,-21.89,499838,61,0.7913
1642,-40.24,500601,763,0.7978
1643,-42.91,500785,184,0.7984
1644,-35.17,500918,133,0.8075
1645,-43.08,501075,157,0.8361
1646,-28.43,501160,85,0.7964
1647,-28.19,501263,103,0.7634
1648,-40.17,501393,130,0.7835
1649,-52.78,501589,196,0.8171
1650,-136.09,502208,619,0.7966
1651,-63.07,502452,244,0.7854
1652,-100.74,502825,373,0.7946
1653,108.39,503403,578,0.7904
1654,-62.3,503887,484,0.7947
1655,-24.22,503942,55,0.7432
1656,99.95,503943,1,1.1479
1657,-37.97,504088,145,0.7866
1658,-24.14,504146,58,0.7852
1659,-13.07,504792,646,0.7937
1660,-129.63,505552,760,0.801
1661,-64.65,505856,304,0.7756
1662,-26.16,505926,70,0.8006
1663,-28.83,506002,76,0.8053
1664,-26.72,506060,58,0.8064
1665,-24.07,506145,85,0.7929
1666,-91.38,506764,619,0.8027
1667,-35.36,506888,124,0.7835
1668,-49.5,507240,352,0.7876
1669,-48.71,507421,181,0.7713
1670,104.49,507942,521,0.776
1671,-27.11,508012,70,0.7888
1672,-92.45,508592,580,0.7935
1673,-35.07,508722,130,0.814
1674,-27.53,508798,76,0.8265
1675,-25.69,508922,124,0.7905
1676,-98.79,509544,622,0.7903
1677,-23.44,509635,91,0.7921
1678,-28.11,509717,82,0.7763
1679,-26.85,509814,97,0.7561
1680,-28.31,509872,58,0.7863
1681,-25.06,509954,82,0.7651
1682,-68.57,510252,298,0.799
1683,-31.0,510364,112,0.7773
1684,-23.93,510428,64,0.7778
1685,-40.11,510543,115,0.8134
1686,-55.13,510841,298,0.8041
1687,-29.95,510962,121,0.7785
1688,-83.01,511518,556,0.7986
1689,-23.16,511579,61,0.7584
1690,-84.91,511859,280,0.799
1691,-21.06,511920,61,0.7764
1692,-20.81,511996,76,0.8118
1693,-27.77,512288,292,0.7871
1694,-119.58,513015,727,0.79
1695,-33.37,513184,169,0.7899
1696,-39.69,513317,133,0.7902
1697,-24.28,513441,124,0.8059
1698,86.28,513779,338,0.7815
1699,-26.01,513852,73,0.7941
1700,-75.54,514288,436,0.7822
1701,-40.81,514409,121,0.8011
1702,-24.19,514476,67,0.7845
1703,-19.69,514540,64,0.7821
1704,-26.5,514661,121,0.7991
1705,-22.58,514734,73,0.7881
1706,-138.43,515353,619,0.8028
1707,-23.37,515429,76,0.7745
1708,-51.26,515601,172,0.7916
1709,-41.03,515689,88,0.7947
1710,-32.05,515801,112,0.8043
1711,-49.06,516288,487,0.7952
1712,-25.99,516373,85,0.8207
1713,-159.34,517052,679,0.7909
1714,-28.38,517167,115,0.7842
1715,99.95,517168,1,1.1666
1716,102.49,517512,344,0.7959
1717,-20.96,517600,88,0.7918
1718,-21.67,517664,64,0.7886
1719,-128.21,518175,511,0.7918
1720,-26.02,518839,664,0.7962
1721,-40.53,519017,178,0.7926
1722,-51.84,519276,259,0.7878
1723,-20.44,519337,61,0.8047
1724,-51.72,519503,166,0.7881
1725,-24.61,519588,85,0.838
1726,-26.71,519667,79,0.7738
1727,-21.61,519755,88,0.8144
1728,97.99,519814,59,0.7878
1729,99.95,519815,1,1.0203
1730,-62.06,519984,169,0.7932
1731,-22.44,520039,55,0.7888
1732,-27.73,520139,100,0.7781
1733,-64.05,520347,208,0.789
1734,-43.04,520501,154,0.8001
1735,-43.63,521081,580,0.7957
1736,115.0,521323,242,0.806
1737,-36.92,521447,124,0.7932
1738,-32.4,521535,88,0.782
1739,99.95,521536,1,1.1716
1740,-86.76,522266,730,0.7826
1741,-43.78,522387,121,0.793
1742,-62.79,522673,286,0.7965
1743,-61.43,522920,247,0.8118
1744,-44.87,523035,115,0.8035
1745,92.4,523871,836,0.7865
1746,-39.12,524223,352,0.8006
1747,-19.72,524401,178,0.7919
1748,-49.08,524546,145,0.7904
1749,-37.79,524625,79,0.8138
1750,-38.39,524737,112,0.7896
1751,-52.35,524924,187,0.8015
1752,-35.01,525042,118,0.8085
1753,-69.05,525445,403,0.8019
1754,-130.2,525977,532,0.7863
1755,-8.79,526281,304,0.7855
1756,-106.7,527077,796,0.7989
1757,99.95,527078,1,1.1004
1758,100.33,527128,50,0.7677
1759,-10.97,527438,310,0.7936
1760,-64.95,527820,382,0.798
1761,-38.61,527914,94,0.8051
1762,-45.48,528080,166,0.8091
1763,-108.33,528645,565,0.785
1764,-145.26,529258,613,0.7955
1765,-65.05,529496,238,0.7939
1766,-29.23,529584,88,0.7629
1767,-46.78,529774,190,0.7974
1768,-25.94,529820,46,0.8008
1769,-110.19,530211,391,0.7785
1770,-48.31,530350,139,0.7847
1771,-26.27,530438,88,0.7979
1772,-22.56,530541,103,0.7995
1773,-105.55,530974,433,0.7939
1774,-20.69,531032,58,0.7743
1775,-67.67,531339,307,0.8048
1776,-38.63,531541,202,0.7857
1777,-32.14,531665,124,0.8039
1778,-62.14,531942,277,0.7768
1779,-29.51,532066,124,0.778
1780,-59.39,532277,211,0.792
1781,-73.86,532635,358,0.7978
1782,-19.53,532711,76,0.8189
1783,99.95,532712,1,1.1675
1784,-151.66,533520,808,0.7854
1785,-77.98,533959,439,0.8007
1786,-136.58,534623,664,0.7951
1787,-36.7,534753,130,0.7663
1788,-81.58,535075,322,0.7955
1789,-64.97,535451,376,0.794
1790,-18.13,535500,49,0.7807
1791,-46.04,535723,223,0.7932
1792,-33.95,535811,88,0.7924
1793,98.7,535852,41,0.7901
1794,-64.07,536378,526,0.8046
1795,-21.98,536448,70,0.7724
1796,-47.92,536686,238,0.7865
1797,-20.03,537095,409,0.8034
1798,-25.4,537159,64,0.8142
1799,99.95,537160,1,1.2165
1800,-58.39,537416,256,0.782
1801,-41.5,537591,175,0.8004
1802,-16.82,537955,364,0.7807
1803,-116.77,538718,763,0.7992
1804,-22.47,538779,61,0.8002
1805,-47.79,538948,169,0.8077
1806,-63.41,539426,478,0.784
1807,-21.83,539484,58,0.7647
1808,-80.29,539782,298,0.785
1809,-34.75,539882,100,0.7733
1810,-20.15,540399,517,0.8072
1811,-32.48,540532,133,0.7859
1812,-47.02,540704,172,0.786
1813,-45.48,540876,172,0.7979
1814,-17.31,541039,163,0.8143
1815,-3.92,541313,274,0.7748
1816,-24.61,541368,55,0.7863
1817,-20.99,541423,55,0.7907
1818,-133.79,542069,646,0.7898
1819,-33.47,542436,367,0.7886
1820,101.95,542672,236,0.8109
1821,-73.54,543162,490,0.7987
1822,-25.22,543271,109,0.789
1823,-60.44,543587,316,0.7724
1824,-31.83,543678,91,0.808
1825,-19.07,543742,64,0.8085
1826,-35.26,543887,145,0.7842
1827,-62.52,544140,253,0.812
1828,-20.04,544459,319,0.7882
1829,-30.68,544580,121,0.7912
1830,-30.37,544749,169,0.7701
1831,-25.07,544852,103,0.7933
1832,-62.7,545543,691,0.8012
1833,-55.25,545829,286,0.7954
1834,-63.98,546202,373,0.7936
1835,-33.26,546290,88,0.7868
1836,-125.27,547344,1054,0.7993
1837,-26.53,547714,370,0.7934
1838,-87.71,548384,670,0.7861
1839,-26.5,548469,85,0.7945
1840,-34.63,548617,148,0.8104
1841,-22.37,548684,67,0.773
1842,-63.81,549012,328,0.7952
1843,-34.61,549181,169,0.7922
1844,-117.93,549611,430,0.7891
1845,-127.39,550473,862,0.802
1846,-51.59,550648,175,0.8009
1847,-67.31,550874,226,0.7779
1848,-108.98,552198,1324,0.7944
1849,-38.13,552331,133,0.8084
1850,-39.43,552464,133,0.7791
1851,-59.05,552723,259,0.8106
1852,-24.24,552787,64,0.7761
1853,-65.58,553067,280,0.8062
1854,-70.01,553551,484,0.7957
1855,-117.74,554512,961,0.7934
1856,99.22,554613,101,0.8066
1857,100.23,554651,38,0.8502
1858,99.07,554713,62,0.797
1859,-28.98,554822,109,0.7776
1860,-70.97,555306,484,0.7953
1861,-25.02,555364,58,0.7759
1862,-39.35,555509,145,0.7988
1863,-34.23,555630,121,0.7854
1864,-21.35,555700,70,0.8057
1865,-85.68,556160,460,0.8074
1866,99.95,556161,1,1.0957
1867,-60.2,556462,301,0.5753
1868,-58.36,556805,343,0.5604
1869,-22.94,556854,49,0.5481
1870,-23.16,556954,100,0.5674
1871,-47.56,557411,457,0.5564
1872,102.02,557659,248,0.5576
1873,-50.22,558479,820,0.5555
1874,-90.57,558843,364,0.5613
1875,-43.99,559039,196,0.5764
1876,-51.92,559469,430,0.5638
1877,-130.7,560388,919,0.5624
1878,-39.31,560926,538,0.7848
1879,-73.85,561176,250,0.7958
1880,-46.55,561531,355,0.7931
1881,-68.55,561988,457,0.8037
1882,-54.45,562175,187,0.7963
1883,-21.25,562233,58,0.7936
1884,-36.08,562354,121,0.8181
1885,-26.15,562409,55,0.8067
1886,99.95,562410,1,1.0605
1887,-24.39,562456,46,0.7524
1888,-105.66,563594,1138,0.7918
1889,-21.59,563676,82,0.7913
1890,99.74,563735,59,0.8126
1891,-78.31,564006,271,0.783
1892,-67.6,564475,469,0.8038
1893,-22.81,564533,58,0.8198
1894,-31.32,564888,355,0.7848
1895,-18.54,564949,61,0.806
1896,-68.86,565514,565,0.7898
1897,-105.94,565968,454,0.793
1898,-58.93,566776,808,0.8016
1899,-66.09,566984,208,0.7943
1900,-32.19,567081,97,0.7821
1901,-112.24,567508,427,0.7898
1902,-23.62,567584,76,0.8255
1903,-91.79,568542,958,0.7956
1904,-80.37,568957,415,0.7974
1905,97.67,569016,59,0.7875
1906,-86.26,569641,625,0.8009
1907,-139.16,570284,643,0.7864
1908,-23.34,570345,61,0.8075
1909,-31.36,570439,94,0.8001
1910,101.99,570555,116,0.7781
1911,106.36,570653,98,0.7819
1912,-137.3,571374,721,0.7846
1913,-38.54,571507,133,0.8064
1914,-35.56,571589,82,0.8026
1915,-75.44,572442,853,0.8002
1916,-160.04,573319,877,0.7922
1917,-33.36,573416,97,0.8083
1918,-35.03,573630,214,0.8006
1919,-26.02,574474,844,0.7927
1920,-23.72,574562,88,0.7895
1921,-46.58,575064,502,0.7972
1922,-35.87,575188,124,0.7814
1923,-41.83,575513,325,0.8225
1924,-40.61,575655,142,0.7846
1925,-27.21,575746,91,0.783
1926,116.89,576069,323,0.8026
1927,-24.43,576136,67,0.8248
1928,-27.96,576209,73,0.7763
1929,82.04,576931,722,0.7975
1930,-61.62,577262,331,0.7839
1931,-24.19,577647,385,0.8034
1932,-42.0,578113,466,0.7994
1933,-28.98,578219,106,0.7742
1934,-34.99,578349,130,0.793
1935,-25.86,578440,91,0.7776
1936,-25.32,578507,67,0.7897
1937,-35.0,578586,79,0.7967
1938,-55.78,578887,301,0.7922
1939,-22.1,578945,58,0.7686
1940,-31.39,579033,88,0.8285
1941,-27.72,579106,73,0.784
1942,-30.47,579221,115,0.7972
1943,-60.22,579582,361,0.8038
1944,99.95,579583,1,1.1507
1945,-23.53,579647,64,0.8112
1946,-39.71,579822,175,0.7851
1947,-22.65,579877,55,0.811
1948,-28.07,579980,103,0.8111
1949,-62.2,580212,232,0.8023
1950,-25.07,580294,82,0.7891
1951,117.28,580578,284,0.7906
1952,-31.8,580717,139,0.7984
1953,-58.59,580886,169,0.8154
1954,99.51,580939,53,0.7805
1955,-24.97,581003,64,0.7967
1956,95.43,581596,593,0.7878
1957,98.93,582003,407,0.8011
1958,-31.31,582103,100,0.7823
1959,-20.21,582164,61,0.797
1960,-115.6,582831,667,0.8014
1961,-27.88,582901,70,0.7905
1962,-48.11,583025,124,0.7763
1963,-65.02,583266,241,0.7931
1964,-41.82,583417,151,0.8039
1965,-56.12,583598,181,0.7916
1966,-29.38,583707,109,0.7636
1967,-40.96,583906,199,0.7858
1968,-22.2,583994,88,0.8311
1969,-160.47,584703,709,0.793
1970,-25.1,584791,88,0.7837
1971,-30.18,584897,106,0.7981
1972,-68.8,585243,346,0.8128
1973,-24.47,585307,64,0.8169
1974,-23.49,585368,61,0.7985
1975,-35.49,585747,379,0.7217
1976,-23.07,585823,76,0.5699
1977,80.02,586305,482,0.5595
1978,-26.57,586399,94,0.5149
1979,99.95,586400,1,0.6454
1980,-30.57,586521,121,0.5488
1981,-87.32,587023,502,0.57
1982,-21.99,587081,58,0.5649
1983,-20.9,587136,55,0.5707
1984,-23.15,587218,82,0.5636
1985,-33.1,587348,130,0.5307
1986,-33.04,587547,199,0.5611
1987,-21.36,588034,487,0.5626
1988,-84.46,588500,466,0.5543
1989,-106.53,589581,1081,0.5533
1990,-89.8,589957,376,0.6986
1991,-77.06,590450,493,0.7976
1992,-92.3,590982,532,0.7963
1993,-40.56,591373,391,0.8012
1994,-90.74,591779,406,0.7924
1995,99.95,591780,1,1.1132
1996,-32.06,592090,310,0.8014
1997,-27.91,592193,103,0.8001
1998,-26.81,592272,79,0.8764
1999,-30.98,592354,82,0.7524
2000,-30.29,592934,580,0.7954
2001,-32.58,593283,349,0.7903
2002,-47.14,593563,280,0.7906
2003,-36.93,593744,181,0.7865
2004,-69.49,594240,496,0.8085
2005,-25.94,594319,79,0.8004
2006,-27.92,594416,97,0.7796
2007,-22.82,594522,106,0.7998
2008,-24.01,594601,79,0.8411
2009,-22.32,594686,85,0.8094
2010,-27.02,594777,91,0.7919
2011,-22.59,594850,73,0.7968
2012,-53.09,595067,217,0.7814
2013,-58.47,595431,364,0.7951
2014,-23.4,595489,58,0.7415
2015,-34.86,595622,133,0.8097
2016,-26.23,595728,106,0.7663
2017,-135.27,596800,1072,0.7986
2018,-45.64,596945,145,0.793
2019,-44.52,597369,424,0.7958
2020,-50.01,597487,118,0.7935
2021,-55.42,597674,187,0.7819
2022,-19.96,597741,67,0.7823
2023,115.93,598064,323,0.7946
2024,-51.3,598653,589,0.7912
2025,-50.28,598810,157,0.8041
2026,-47.65,598979,169,0.7929
2027,-116.5,599583,604,0.7804
2028,96.87,599681,98,0.8028
2029,-30.73,599760,79,0.8157
2030,-36.65,600088,328,0.7831
2031,101.58,600156,68,0.82
2032,-65.37,600409,253,0.8059
2033,-33.88,600509,100,0.7696
2034,-27.56,600579,70,0.7897
2035,-42.76,600760,181,0.7914
2036,-37.67,601457,697,0.7968
2037,-36.32,601584,127,0.8021
2038,-60.86,601837,253,0.7961
2039,-27.16,601904,67,0.8128
2040,-40.69,602052,148,0.8253
2041,-143.71,602656,604,0.8003
2042,-42.12,602816,160,0.7872
2043,-24.86,602880,64,0.7902
2044,-41.38,603028,148,0.8019
2045,-55.36,603578,550,0.7845
2046,-50.06,603777,199,0.8133
2047,-22.65,603862,85,0.7917
2048,-146.76,604610,748,0.7939
2049,-87.32,604959,349,0.7813
2050,-25.6,605014,55,0.8208
2051,-25.68,605087,73,0.783
2052,-138.3,605568,481,0.7914
2053,-82.7,606307,739,0.7974
2054,-27.74,606380,73,0.7828
2055,-19.84,606453,73,0.7906
2056,-27.29,606505,52,0.8054
2057,96.69,606891,386,0.8027
2058,-47.48,607672,781,0.7939
2059,-20.47,607733,61,0.8155
2060,-152.29,608343,610,0.7862
2061,98.74,608381,38,0.8182
2062,-44.89,608883,502,0.79
2063,-31.4,609034,151,0.8147
2064,-75.67,609404,370,0.7823
2065,99.18,609457,53,0.7466
2066,-26.46,609533,76,0.7635
2067,-66.95,610407,874,0.7956
2068,-21.75,610471,64,0.7907
2069,-32.53,610592,121,0.798
2070,-25.59,610689,97,0.773
2071,-79.75,611368,679,0.7944
2072,-40.06,611660,292,0.7958
2073,-89.67,612309,649,0.7975
2074,-20.02,612373,64,0.8095
2075,-63.74,612668,295,0.8041
2076,-90.09,613095,427,0.8026
2077,-99.97,614131,1036,0.7941
2078,-21.13,614183,52,0.8127
2079,-44.01,614352,169,0.7947
2080,-88.8,614713,361,0.7828
2081,-43.61,614894,181,0.7944
2082,-31.25,615018,124,0.7935
2083,-37.08,615178,160,0.7799
2084,-32.37,615254,76,0.7952
2085,-32.6,615372,118,0.7881
2086,-52.66,615775,403,0.7942
2087,-61.32,616061,286,0.7865
2088,-84.06,616512,451,0.7887
2089,-31.09,616591,79,0.7784
2090,-22.46,616655,64,0.8225
2091,-100.43,617160,505,0.8039
2092,-27.39,617248,88,0.7915
2093,97.94,617301,53,0.7783
2094,-48.43,617671,370,0.807
2095,-80.02,618413,742,0.7903
2096,-28.9,618510,97,0.7973
2097,-100.17,618985,475,0.7921
2098,-39.44,619142,157,0.7941
2099,-59.99,619398,256,0.8076
2100,-121.93,619921,523,0.7974
2101,-26.77,619988,67,0.782
2102,-92.65,620313,325,0.7986
2103,-23.79,620425,112,0.7862
2104,-22.26,620507,82,0.7916
2105,-42.33,621462,955,0.7991
2106,-44.93,621661,199,0.8119
2107,-42.32,622037,376,0.8007
2108,-28.46,622125,88,0.8103
2109,-25.18,622216,91,0.7785
2110,101.62,622293,77,0.7906
2111,-35.02,622429,136,0.7903
2112,-27.71,622511,82,0.7844
2113,-70.37,622785,274,0.7872
2114,-26.93,622870,85,0.7691
2115,-144.51,623474,604,0.7983
2116,73.82,624691,1217,0.7999
2117,-22.18,624773,82,0.7755
2118,-34.75,624900,127,0.8072
2119,-24.11,624988,88,0.8128
2120,-22.26,625058,70,0.7926
2121,-29.28,625188,130,0.7905
2122,-150.04,625867,679,0.7905
2123,-25.01,625943,76,0.834
2124,-22.61,626031,88,0.7891
2125,-75.79,626677,646,0.7938
2126,-23.07,626732,55,0.7691
2127,97.4,627454,722,0.791
2128,-37.25,627623,169,0.8073
2129,-53.86,627930,307,0.7852
2130,-40.43,628096,166,0.7765
2131,99.95,628097,1,1.1966
2132,-55.45,628470,373,0.8062
2133,-31.43,628567,97,0.754
2134,-25.54,628625,58,0.7836
2135,-19.57,628701,76,0.7539
2136,-142.99,629644,943,0.7974
2137,99.47,629700,56,0.7775
2138,-62.54,630031,331,0.7999
2139,-38.49,630140,109,0.8021
2140,-42.09,630288,148,0.7738
2141,-36.54,630409,121,0.8074
2142,-55.98,630641,232,0.7995
2143,-29.08,630762,121,0.7721
2144,-39.86,630943,181,0.7959
2145,-19.65,631004,61,0.7811
2146,-25.98,631086,82,0.7936
2147,-52.95,631420,334,0.8068
2148,-25.25,631499,79,0.8079
2149,-34.07,631587,88,0.8146
2150,-24.25,631678,91,0.7948
2151,-27.63,631769,91,0.7848
2152,-75.2,632115,346,0.795
2153,-35.49,632239,124,0.8215
2154,-65.8,632588,349,0.796
2155,-136.57,633348,760,0.7904
2156,-55.59,633595,247,0.8009
2157,-160.99,634214,619,0.7933
2158,-59.76,634461,247,0.7817
2159,-25.36,634555,94,0.7932
2160,-25.9,634643,88,0.8065
2161,-51.62,634854,211,0.7998
2162,-44.36,635809,955,0.8019
2163,-24.76,635870,61,0.7722
2164,-27.88,635952,82,0.7865
2165,99.95,635953,1,1.3042
2166,-43.02,636092,139,0.8126
2167,-32.62,636186,94,0.7869
2168,-34.96,636331,145,0.807
2169,-23.69,636398,67,0.759
2170,-19.65,636447,49,0.7699
2171,-120.57,637960,1513,0.7962
2172,-25.22,638042,82,0.8259
2173,-16.49,638109,67,0.761
2174,100.16,638165,56,0.8297
2175,-60.87,638388,223,0.8148
2176,-45.11,638566,178,0.802
2177,-22.11,638618,52,0.8294
2178,101.93,638698,80,0.8066
2179,-20.6,638786,88,0.8032
2180,-83.76,639207,421,0.8014
2181,-154.83,639829,622,0.7863
2182,-21.66,639923,94,0.762
2183,-76.34,640320,397,0.7965
2184,-141.94,640963,643,0.8023
2185,-96.15,641291,328,0.7865
2186,-37.15,641613,322,0.7837
2187,-37.53,641947,334,0.7971
2188,-29.09,642053,106,0.7867
2189,-18.23,642117,64,0.8033
2190,-22.31,642202,85,0.8078
2191,-160.34,643301,1099,0.6141
2192,-30.18,643428,127,0.5737
2193,99.95,643429,1,0.6367
2194,-22.22,643481,52,0.5395
2195,69.81,644368,887,0.5649
2196,-25.34,644444,76,0.5776
2197,-52.0,644730,286,0.5788
2198,-35.82,644875,145,0.5571
2199,-23.95,644969,94,0.6097
2200,-65.58,645300,331,0.5883
2201,-23.39,645361,61,0.5328
2202,-125.3,646064,703,0.5602
2203,-77.49,646431,367,0.5695
2204,-33.87,646618,187,0.549
2205,-28.61,646778,160,0.5465
2206,-34.55,647619,841,0.5603
2207,-74.48,648448,829,0.5642
2208,-23.46,648515,67,0.5293
2209,-26.12,648609,94,0.5737
2210,-24.69,649375,766,0.5705
2211,-65.65,649754,379,0.5499
2212,-37.58,649920,166,0.5616
2213,-96.41,650497,577,0.5591
2214,-29.95,650594,97,0.6995
2215,-30.48,650691,97,0.784
2216,-115.4,651163,472,0.7957
2217,-22.05,651242,79,0.8587
2218,-32.06,651327,85,0.8038
2219,-22.38,651403,76,0.7511
2220,-21.97,651473,70,0.8151
2221,-12.31,651837,364,0.7928
2222,99.95,651838,1,1.17
2223,-62.54,652214,376,0.7968
2224,-59.22,652575,361,0.7834
2225,-105.16,653275,700,0.7999
2226,99.95,653276,1,1.1419
2227,-25.42,653346,70,0.7572
2228,-36.7,653449,103,0.7903
2229,-35.94,653546,97,0.7906
2230,-88.54,653928,382,0.7788
2231,-38.45,654703,775,0.8001
2232,-25.37,654785,82,0.837
2233,-21.75,654840,55,0.8699
2234,-30.09,654922,82,0.7885
2235,-135.9,655679,757,0.7889
2236,-24.95,655806,127,0.785
2237,-97.46,656392,586,0.8066
2238,-36.75,656477,85,0.7677
2239,-46.81,657024,547,0.6906
2240,99.95,657025,1,0.6428
2241,-24.49,657083,58,0.577
2242,-30.55,657279,196,0.536
2243,-19.47,657340,61,0.5651
2244,-64.98,657836,496,0.5583
2245,-22.18,657906,70,0.5658
2246,-81.5,658774,868,0.5612
2247,-19.81,658862,88,0.545
2248,-96.35,659412,550,0.5488
2249,-32.48,659560,148,0.544
2250,99.94,659631,71,0.559
2251,-47.05,659806,175,0.5587
2252,-25.37,659906,100,0.6019
2253,-70.91,660579,673,0.5613
2254,-56.85,660904,325,0.5687
2255,-145.25,661706,802,0.5511
2256,-23.06,661785,79,0.6131
2257,-63.39,662437,652,0.56
2258,-32.42,662549,112,0.5647
2259,-128.95,663216,667,0.5516
2260,-151.42,664147,931,0.5561
2261,-71.66,664484,337,0.5812
2262,-19.42,664596,112,0.5771
2263,-50.64,664915,319,0.5657
2264,36.64,666402,1487,0.6694
2265,-13.72,666631,229,0.7917
2266,-24.01,666713,82,0.8166
2267,-152.76,667494,781,0.7869
2268,-33.9,667621,127,0.7998
2269,-19.29,667679,58,0.7811
2270,-87.08,668328,649,0.7882
2271,-146.15,669022,694,0.7846
2272,-40.54,669203,181,0.7947
2273,-25.44,669279,76,0.7957
2274,-17.65,669352,73,0.8226
2275,-26.06,669443,91,0.8
2276,-31.55,669534,91,0.7884
2277,-31.93,669643,109,0.7936
2278,-113.29,670199,556,0.7815
2279,-71.73,670464,265,0.7904
2280,-28.58,670525,61,0.7775
2281,-21.23,670598,73,0.7534
2282,-26.58,670671,73,0.7954
2283,-38.93,670789,118,0.8113
2284,-22.05,670865,76,0.7714
2285,-73.81,671541,676,0.7857
2286,-104.08,672265,724,0.7867
2287,-152.22,672899,634,0.7946
2288,-150.64,673851,952,0.789
2289,-20.78,673915,64,0.7977
2290,-35.07,674102,187,0.7772
2291,-20.5,674169,67,0.8146
2292,99.95,674170,1,1.0477
2293,-35.96,674318,148,0.8035
2294,-61.55,674511,193,0.8043
2295,-24.53,674569,58,0.7953
2296,-49.38,674861,292,0.7884
2297,-62.7,675351,490,0.7945
2298,-98.21,675781,430,0.7927
2299,-28.38,676106,325,0.7961
2300,-69.17,676377,271,0.8107
2301,-26.59,676444,67,0.8196
2302,103.23,676527,83,0.8246
2303,-26.88,676624,97,0.7923
2304,-26.16,676736,112,0.7999
2305,-27.67,676815,79,0.8054
2306,-51.26,677314,499,0.8032
2307,-21.36,677381,67,0.8402
2308,-33.7,677493,112,0.7632
2309,-29.82,677611,118,0.7854
2310,-29.43,677696,85,0.7853
2311,-40.93,677835,139,0.8126
2312,-17.41,677983,148,0.8
2313,-75.45,678431,448,0.677
2314,-23.2,678726,295,0.5537
2315,-61.34,679168,442,0.5502
2316,-159.93,679949,781,0.5567
2317,-25.79,680031,82,0.5533
2318,-140.21,680794,763,0.5563
2319,-25.74,680894,100,0.5589
2320,-60.77,681165,271,0.5476
2321,-36.41,681643,478,0.5643
2322,-20.58,681716,73,0.5454
2323,-117.24,682431,715,0.5619
2324,-46.83,682735,304,0.5592
2325,-67.96,683474,739,0.5566
2326,97.94,683563,89,0.5307
2327,-116.98,684191,628,0.5576
2328,-29.73,684486,295,0.5605
2329,-21.12,684571,85,0.5574
2330,-148.22,685367,796,0.5567
2331,-30.78,685470,103,0.5277
2332,-29.24,685627,157,0.5428
2333,-24.44,685685,58,0.5231
2334,-60.94,686010,325,0.5575
2335,-43.47,686275,265,0.5551
2336,-23.7,686342,67,0.5555
2337,-118.2,686955,613,0.6522
2338,-19.57,687013,58,0.8072
2339,-21.0,687428,415,0.7808
2340,-157.75,687975,547,0.7612
2341,81.02,689036,1061,0.5756
2342,-16.1,689199,163,0.5627
2343,-142.54,689989,790,0.561
2344,-40.59,690125,136,0.5422
2345,-52.37,690876,751,0.5563
2346,-27.38,690985,109,0.6348
2347,99.85,691107,122,0.5685
2348,-56.1,691684,577,0.5685
2349,-25.16,691784,100,0.5528
2350,-101.04,693018,1234,0.5746
2351,110.77,693131,113,0.5515
2352,-70.81,693606,475,0.5699
2353,-70.09,693937,331,0.6316
2354,-46.63,694340,403,0.7944
2355,-33.64,694467,127,0.7914
2356,-60.05,694795,328,0.7902
2357,-29.25,694880,85,0.797
2358,-25.48,694974,94,0.7938
2359,-46.05,695197,223,0.7997
2360,-61.3,695474,277,0.7789
2361,-47.33,695757,283,0.799
2362,-111.17,696349,592,0.7842
2363,-25.5,696413,64,0.7728
2364,-38.5,696690,277,0.7779
2365,-150.38,697384,694,0.7946
2366,-33.06,697490,106,0.796
2367,-71.0,697779,289,0.7872
2368,100.64,697835,56,0.794
2369,-24.54,697917,82,0.7643
2370,-59.23,698431,514,0.7897
2371,-104.86,698954,523,0.7852
2372,-33.47,699069,115,0.7897
2373,-19.68,699139,70,0.7958
2374,-155.79,699749,610,0.7951
2375,-19.02,699798,49,0.7906
2376,-31.8,699928,130,0.7777
2377,-63.96,700175,247,0.8049
2378,-63.33,700491,316,0.7888
2379,-17.5,700855,364,0.7887
2380,-53.24,701204,349,0.7935
2381,-60.0,701433,229,0.7898
2382,-25.47,701551,118,0.794
2383,-18.94,701822,271,0.7957
2384,-62.18,702042,220,0.7847
2385,-70.89,702394,352,0.8052
2386,-25.66,702476,82,0.8074
2387,-33.53,702600,124,0.776
2388,-21.18,702664,64,0.7777
2389,-65.79,703805,1141,0.8021
2390,-41.25,703926,121,0.769
2391,-24.94,703999,73,0.802
2392,-25.59,704111,112,0.801
2393,99.95,704112,1,0.9887
2394,-30.9,704203,91,0.812
2395,-165.11,704969,766,0.7859
2396,-67.77,705240,271,0.788
2397,-22.03,705721,481,0.7934
2398,-31.79,705851,130,0.7819
2399,-79.49,706503,652,0.8007
2400,-33.48,706702,199,0.7823
2401,-28.6,706796,94,0.7888
2402,-49.28,707016,220,0.8006
2403,-111.66,707500,484,0.8017
2404,-75.43,707777,277,0.8003
2405,-26.12,707820,43,0.7951
2406,-54.48,708028,208,0.7918
2407,-102.09,708683,655,0.7938
2408,-27.09,708756,73,0.7946
2409,-30.48,708832,76,0.7892
2410,-155.86,709526,694,0.7902
2411,-22.25,709614,88,0.806
2412,-26.27,709738,124,0.7759
2413,-28.21,709817,79,0.7645
2414,-35.76,709908,91,0.8061
2415,99.28,709979,71,0.8089
2416,-22.53,710037,58,0.7999
2417,-31.74,710149,112,0.776
2418,-31.61,710213,64,0.7891
2419,-27.19,710286,73,0.8177
2420,-24.7,710344,58,0.7562
2421,-97.68,710945,601,0.7872
2422,-155.54,711636,691,0.7958
2423,-49.92,711841,205,0.7899
2424,-21.24,711899,58,0.7669
2425,-53.25,712104,205,0.7892
2426,-60.88,712321,217,0.7938
2427,-67.7,712664,343,0.8006
2428,-64.46,712950,286,0.7986
2429,-34.73,713077,127,0.7812
2430,-23.08,713165,88,0.7932
2431,-33.86,713238,73,0.798
2432,-187.77,714604,1366,0.7935
2433,-23.25,714689,85,0.7912
2434,-92.36,715020,331,0.788
2435,-22.95,715081,61,0.7657
2436,-54.64,715322,241,0.7958
2437,-43.04,715623,301,0.7785
2438,-50.32,715975,352,0.794
2439,-56.26,716129,154,0.785
2440,-22.49,716202,73,0.7754
2441,-31.98,716293,91,0.8025
2442,-54.92,716597,304,0.8069
2443,95.13,716707,110,0.7961
2444,-99.78,717149,442,0.7872
2445,-29.63,717228,79,0.8027
2446,-25.87,717292,64,0.8049
2447,-24.9,717365,73,0.803
2448,-25.52,717444,79,0.7678
2449,-67.89,717793,349,0.7963
2450,-42.65,718118,325,0.7824
2451,-32.12,718239,121,0.8037
2452,-64.75,718552,313,0.8042
2453,96.29,718932,380,0.8136
2454,-17.74,718993,61,0.8024
2455,-23.79,719057,64,0.7749
2456,-129.06,719631,574,0.793
2457,-42.84,719761,130,0.7859
2458,-19.88,719825,64,0.7951
2459,-154.83,720486,661,0.7913
2460,-64.38,720739,253,0.783
2461,-25.1,721130,391,0.7748
2462,-61.23,721935,805,0.789
2463,-80.19,722626,691,0.7926
2464,-55.26,722885,259,0.8002
2465,-22.03,722955,70,0.764
2466,-73.47,723298,343,0.7861
2467,-74.19,723731,433,0.7828
2468,-32.52,723843,112,0.7971
2469,-161.58,724507,664,0.7902
2470,-21.61,724559,52,0.7171
2471,-69.52,725088,529,0.7933
2472,-24.31,725140,52,0.8273
2473,-30.34,725246,106,0.769
2474,-42.54,725388,142,0.7888
2475,-30.14,725458,70,0.7837
2476,-110.89,725945,487,0.7973
2477,-32.05,726054,109,0.7824
2478,-30.15,726133,79,0.7941
2479,-49.58,726362,229,0.7853
2480,-37.08,726507,145,0.7842
2481,-53.69,727264,757,0.7831
2482,-23.08,727322,58,0.7486
2483,-64.44,727617,295,0.8001
2484,-101.93,728083,466,0.7939
2485,-28.8,728153,70,0.8189
2486,-20.86,728211,58,0.7677
2487,-62.73,729046,835,0.7918
2488,-61.13,729314,268,0.7941
2489,-26.01,729414,100,0.8072
2490,98.0,729467,53,0.7979
2491,-47.52,729894,427,0.7934
2492,-44.65,730078,184,0.794
2493,-59.89,730361,283,0.7908
2494,-25.03,730905,544,0.7946
2495,-19.74,730978,73,0.7895
2496,-25.55,731039,61,0.8038
2497,111.42,731287,248,0.7839
2498,-46.69,731486,199,0.7947
2499,-51.31,731673,187,0.809
2500,-27.35,731764,91,0.781
2501,-170.98,732671,907,0.586
2502,-20.95,732762,91,0.5699
2503,-33.72,732895,133,0.5634
2504,-20.48,732947,52,0.5067
2505,-26.04,733050,103,0.5507
2506,-87.01,733612,562,0.613
2507,-30.86,734216,604,0.6757
2508,-38.7,734361,145,0.7782
2509,-40.0,734521,160,0.7289
2510,-26.03,734657,136,0.7857
2511,99.95,734658,1,0.4518
2512,-25.87,734764,106,0.7642
2513,-19.4,734840,76,0.6121
2514,-27.0,734997,157,0.7342
2515,-67.48,735496,499,0.774
2516,-52.88,735764,268,0.7313
2517,-83.14,736149,385,0.7309
2518,-23.14,736237,88,0.7724
2519,-62.57,736661,424,0.712
2520,-26.2,736833,172,0.6467
2521,-34.7,736975,142,0.8121
2522,-22.05,737066,91,0.6039
2523,-48.17,737511,445,0.696
2524,-62.51,737776,265,0.733
2525,-54.53,737963,187,0.7931
2526,-55.19,738549,586,0.7062
2527,-22.15,738631,82,0.7696
2528,-22.37,738719,88,0.7542
2529,-56.53,738969,250,0.7161
2530,-44.19,739204,235,0.6748
2531,-36.63,739325,121,0.7729
2532,-37.49,739515,190,0.6806
2533,-20.56,739591,76,0.7897
2534,-60.3,739892,301,0.708
2535,-33.3,740019,127,0.7901
2536,-149.84,741130,1111,0.7212
2537,-46.86,741377,247,0.683
2538,-31.53,741597,220,0.6434
2539,-149.49,742357,760,0.6756
2540,-45.73,743225,868,0.7076
2541,-80.53,743643,418,0.7357
2542,-71.88,744253,610,0.7026
2543,-33.53,744464,211,0.693
2544,-20.67,744555,91,0.6749
2545,-20.85,744655,100,0.6208
2546,-77.01,745199,544,0.6965
2547,-27.65,745326,127,0.6262
2548,96.4,745628,302,0.6723
2549,-149.36,746568,940,0.6883
2550,-17.12,746653,85,0.5925
2551,-86.34,747248,595,0.673
2552,-87.77,747714,466,0.547
2553,-76.66,748087,373,0.7788
2554,-104.23,748574,487,0.7735
2555,72.0,749419,845,0.783
2556,-22.35,749471,52,0.7748
2557,-21.54,749553,82,0.6552
2558,-53.27,749740,187,0.7682
2559,-69.27,750005,265,0.7811
2560,-28.88,750102,97,0.7924
2561,-38.06,750283,181,0.7894
2562,-34.53,750380,97,0.7932
2563,-29.29,750483,103,0.7615
2564,-35.45,750619,136,0.7631
2565,99.95,750620,1,1.1566
2566,-26.2,750723,103,0.7783
2567,-57.55,750949,226,0.7696
1,-30.04,118,118,1.1325
2,-53.56,230,112,1.0348
3,-50.61,393,163,1.0189
4,-49.18,520,127,1.0264
5,-45.35,653,133,1.079
6,-41.13,801,148,0.9865
7,-52.89,991,190,0.8854
8,-35.38,1097,106,0.8279
9,-45.71,1452,355,0.9319
10,-42.3,1552,100,1.1598
11,-49.21,1700,148,0.9135
12,-18.04,1806,106,0.8658
13,-45.83,1930,124,0.9603
14,-59.27,2075,145,0.7491
1,-25.03,346,346,0.9519
2,-39.65,476,130,0.9375
3,-6.35,606,130,0.8813
4,-36.2,943,337,0.944
5,-44.8,1145,202,0.9899
6,-47.26,1272,127,1.0807
7,-45.53,1402,130,0.7082
8,-61.22,1613,211,0.5312
9,-9.2,1872,259,1.0539
10,-21.98,2131,259,0.8347
11,-52.59,2228,97,0.7424
12,-56.67,2340,112,0.8877
13,-41.66,2542,202,0.7419
14,-48.64,2660,118,0.6882
15,-46.4,2742,82,0.5359
16,-28.59,3115,373,0.8744
17,-50.84,3248,133,0.8349
18,-48.34,3393,145,0.7771
19,-19.95,3520,127,0.9765
20,-51.94,3683,163,0.6519
21,-53.06,3819,136,1.0099
22,-27.09,3940,121,0.8099
23,-32.79,4085,145,0.6297
24,-15.42,4191,106,0.7168
25,-45.5,4300,109,0.7014
26,-26.22,4451,151,0.7679
27,-45.51,4581,130,0.488
28,-53.58,4741,160,0.475
29,-48.23,4928,187,0.4687
30,-47.58,5133,205,0.4437
31,-50.11,5353,220,0.4979
32,-64.86,5606,253,0.4844
33,-62.22,5832,226,0.5106
34,-46.56,5953,121,0.5058
35,-51.97,6086,133,0.5641
36,-54.65,6255,169,0.5206
37,-44.2,6412,157,0.4942
38,-35.68,6593,181,0.4774
1,-98.32,836,836,0.6685
2,-97.36,1368,532,0.8362
3,-38.98,1477,109,1.1682
4,-80.27,1823,346,0.8553
5,-54.49,2028,205,0.7543
6,-86.09,2482,454,0.7921
7,-86.8,2840,358,0.7325
8,-51.46,2979,139,0.7693
9,-39.69,3082,103,0.7929
10,-37.37,3191,109,0.8049
11,-32.07,3243,52,0.7756
12,-117.6,3934,691,0.769
13,-128.1,4535,601,0.7813
14,-97.72,4881,346,0.7826
15,-39.22,4954,73,0.7639
16,-38.32,5036,82,0.7825
17,-54.82,5343,307,0.7835
18,-26.24,5398,55,0.7431
19,-97.55,6416,1018,0.7451
20,2.84,7197,781,0.7711
21,-171.69,7948,751,0.7199
22,-49.04,8117,169,0.722
23,-75.15,8610,493,0.7717
24,-81.42,8956,346,0.7644
25,-103.61,9428,472,0.6722
26,-45.38,9600,172,0.5677
27,-31.98,9694,94,0.5382
28,-144.61,10301,607,0.6387
29,-31.04,10440,139,0.6562
30,-43.53,10636,196,0.7058
31,-180.42,11567,931,0.6836
32,-40.24,11667,100,0.7452
33,-99.34,12097,430,0.7005
34,-59.12,12347,250,0.6494
35,-67.32,12579,232,0.7525
36,-37.02,12697,118,0.6234
37,-49.27,12848,151,0.8601
38,-77.7,13152,304,0.7045
39,-41.61,13327,175,0.7898
40,-79.55,13934,607,0.9277
41,-32.42,14049,115,1.1219
42,-115.05,14701,652,0.7802
43,-82.35,15242,541,0.7538
44,-31.17,15333,91,0.8154
45,-34.15,15445,112,0.7977
46,-95.43,15803,358,0.7913
47,-95.67,16677,874,0.7612
48,-93.79,17158,481,0.7846
49,-30.81,17261,103,0.8142
50,-43.88,17385,124,0.7669
51,-29.51,17467,82,0.7664
52,-29.56,17534,67,0.7525
53,-54.18,17757,223,0.7471
54,-46.28,17908,151,0.7581
55,-67.09,18155,247,0.7894
56,-8.57,19161,1006,0.8367
57,-104.51,19627,466,0.8181
58,-60.25,19868,241,0.7914
59,-25.78,19959,91,0.809
60,-59.15,20137,178,0.778
61,-62.01,20342,205,0.7985
62,-67.88,20616,274,0.7812
63,-24.84,20683,67,0.8044
64,-39.57,20810,127,0.7567
65,-27.91,20910,100,0.7694
66,-36.91,21019,109,0.7309
67,-30.08,21152,133,0.5959
68,-40.85,21291,139,0.7814
69,-38.5,21427,136,0.7243
70,-47.23,21632,205,0.7333
71,-32.12,21777,145,0.7014
72,-133.88,22642,865,0.7289
73,-159.85,23312,670,0.7312
74,-90.3,23748,436,0.7369
75,-31.08,23806,58,0.7729
76,-44.16,23990,184,0.6991
77,-91.02,24471,481,0.7193
78,-37.02,24604,133,0.7383
79,-126.73,25136,532,0.7049
80,-26.07,25191,55,0.6503
81,-174.49,25858,667,0.7591
82,-107.33,26477,619,0.7996
83,-25.95,26523,46,0.7382
84,-28.73,26602,79,0.7528
85,-79.08,27281,679,0.7974
86,-56.27,27474,193,0.8066
87,-187.37,28486,1012,0.7642
88,-40.38,28610,124,0.7723
89,-31.21,28704,94,0.7852
90,30.68,28924,220,0.7933
91,-60.07,29408,484,0.7611
92,-74.18,29808,400,0.6993
93,-72.05,30172,364,0.8169
94,-78.23,30524,352,0.8017
95,-35.09,30648,124,0.7511
96,-34.51,30757,109,0.7637
97,-23.8,30821,64,0.811
98,-29.24,30894,73,0.7948
99,-35.55,31012,118,0.7473
100,-99.4,31472,460,0.8191
101,-181.08,32292,820,0.7484
102,-73.76,32584,292,0.7639
103,-83.69,33011,427,0.7863
104,-49.71,33183,172,0.8124
105,-83.21,33583,400,0.8232
106,-62.38,33818,235,0.8168
107,-74.75,34119,301,0.7829
108,-26.77,34165,46,0.7817
109,-29.53,34232,67,0.8134
110,-80.12,34545,313,0.742
111,-142.03,35152,607,0.7614
112,-36.06,35267,115,0.6481
113,-72.66,35628,361,0.6737
114,-35.53,35743,115,0.7303
115,-103.6,36062,319,0.7736
116,-34.17,36135,73,0.8283
117,-27.86,36199,64,0.6781
118,-45.75,36329,130,0.8181
119,-88.8,36732,403,0.7334
120,-32.35,36817,85,0.8021
121,-31.13,36893,76,0.7832
122,-85.58,37272,379,0.7347
123,-124.45,37759,487,0.7389
124,-48.53,37895,136,0.7948
125,-73.55,38205,310,0.6933
126,-26.75,38281,76,0.6336
127,-26.85,38351,70,0.7064
128,-39.09,38502,151,0.7849
129,-28.19,38605,103,0.7412
130,-46.74,38726,121,0.7833
131,-52.29,38931,205,0.72
132,-36.95,39016,85,0.7319
133,-126.0,39704,688,0.7027
134,-29.19,39774,70,0.7387
135,-87.52,40123,349,0.6679
136,-27.39,40190,67,0.5297
137,-49.02,40314,124,0.5388
138,-119.12,40858,544,0.7495
139,-37.5,40958,100,0.7682
140,-55.65,41436,478,0.7512
141,-25.94,41512,76,0.7286
142,-73.76,41897,385,0.7486
143,-181.77,42735,838,0.652
144,-27.98,42814,79,0.5863
145,-24.64,42872,58,0.6224
146,-99.41,43326,454,0.7376
147,-42.68,43474,148,0.7903
148,-31.31,43550,76,0.7985
149,-65.62,43836,286,0.7462
150,-171.61,44854,1018,0.8088
151,-76.56,45140,286,0.7959
152,-137.56,45681,541,0.8079
153,-172.99,46357,676,0.7961
154,-31.75,46442,85,0.7854
155,-104.05,46815,373,0.797
156,-27.78,46900,85,0.8082
157,-31.7,46961,61,0.756
158,-30.21,47028,67,0.7916
159,-78.16,47344,316,0.7971
160,-26.24,47399,55,0.8202
161,-176.39,48120,721,0.8142
162,-25.97,48187,67,0.8329
163,-43.29,48317,130,0.7798
164,-55.71,48504,187,0.8034
165,-29.5,48580,76,0.7617
166,-38.41,48716,136,0.8312
167,-36.88,48792,76,0.7885
168,-60.84,49105,313,0.7966
169,-24.62,49190,85,0.7949
170,-44.41,49326,136,0.764
171,-35.7,49435,109,0.7954
172,-27.77,49523,88,0.7695
173,-83.92,49791,268,0.7938
174,-28.29,49879,88,0.8002
175,-78.46,50201,322,0.7659
176,-41.08,50340,139,0.7146
177,-78.58,50725,385,0.7341
178,-28.11,50813,88,0.7095
179,-33.59,50916,103,0.7202
180,-31.99,51025,109,0.7264
181,-77.49,51395,370,0.6711
182,-34.26,51555,160,0.6468
183,-22.66,51631,76,0.7115
184,-96.03,52118,487,0.6623
185,-43.43,52239,121,0.7337
186,-30.16,52333,94,0.6455
187,-70.18,52574,241,0.6369
188,-64.4,52839,265,0.7405
189,-60.02,53059,220,0.6495
190,-32.25,53153,94,0.7564
191,-73.01,53439,286,0.7537
192,-85.3,53788,349,0.6775
193,-32.22,53885,97,0.7268
194,-44.15,54000,115,0.7251
195,-93.62,54424,424,0.7356
196,-36.16,54509,85,0.7288
197,-57.19,54717,208,0.7642
198,-25.34,54781,64,0.7747
199,-33.08,54869,88,0.698
200,-39.13,54990,121,0.6563
201,-44.48,55150,160,0.6118
202,-35.81,55289,139,0.5536
203,-87.8,55653,364,0.7234
204,-43.8,55813,160,0.6578
205,-36.65,55916,103,0.703
206,-30.57,55983,67,0.6769
207,-37.08,56083,100,0.6773
208,-88.56,56420,337,0.6743
209,-91.02,56850,430,0.7369
210,-49.15,57013,163,0.8109
211,-55.64,57260,247,0.7693
212,-54.72,57408,148,0.7238
213,-154.09,58162,754,0.708
214,-144.81,59129,967,0.7208
215,-37.76,59241,112,0.7954
216,-105.93,59743,502,0.7207
217,-27.91,59798,55,0.7685
218,-72.1,60060,262,0.7758
219,-28.83,60106,46,0.819
220,-30.68,60182,76,0.701
221,-86.06,60792,610,0.7356
222,-32.95,60859,67,0.7469
223,-167.14,61460,601,0.7454
224,-78.01,61728,268,0.7955
225,-73.23,62158,430,0.7983
226,-33.1,62234,76,0.7708
227,-58.03,62421,187,0.8031
228,-29.87,62479,58,0.8571
229,-43.13,62609,130,0.7935
230,-65.91,62757,148,0.7874
231,-48.21,62938,181,0.7873
232,-30.93,63041,103,0.7632
233,-31.62,63126,85,0.7604
234,-177.86,63913,787,0.7885
235,-130.17,64535,622,0.8038
236,-28.32,64599,64,0.8219
237,-81.94,65116,517,0.8134
238,-36.55,65222,106,0.8262
239,-93.07,65904,682,0.8146
240,-71.89,66082,178,0.828
241,-24.64,66146,64,0.8611
242,-39.73,66282,136,0.7906
243,-50.47,66490,208,0.8087
244,-40.62,66587,97,0.8153
245,-99.02,67005,418,0.8075
246,-167.67,67660,655,0.8055
247,-42.12,67784,124,0.7965
248,-91.94,68394,610,0.8196
249,-54.28,68620,226,0.8144
250,-32.39,68729,109,0.8332
251,-31.57,68838,109,0.8101
252,-40.9,68980,142,0.7821
253,-54.58,69134,154,0.8019
254,-175.13,70716,1582,0.8163
255,-71.23,70966,250,0.7811
256,-115.76,71471,505,0.8049
257,-33.08,71547,76,0.7973
258,-74.47,71839,292,0.7605
259,-34.42,71933,94,0.796
260,-38.92,72060,127,0.8021
261,-101.79,72427,367,0.8098
262,-67.91,72713,286,0.7982
263,-71.03,72990,277,0.7942
264,-57.15,73183,193,0.782
265,-31.16,73295,112,0.7973
266,-41.15,73407,112,0.797
267,-57.58,73627,220,0.8093
268,-51.33,73856,229,0.7903
269,-174.63,74637,781,0.8073
270,-27.4,74704,67,0.7812
271,-25.09,74768,64,0.7756
272,-142.0,76080,1312,0.81
273,-42.51,76207,127,0.8013
274,-38.45,76307,100,0.8012
275,-33.58,76434,127,0.7795
276,-31.65,76528,94,0.7853
277,-46.85,76676,148,0.8033
278,-40.96,76776,100,0.7963
279,-82.74,77368,592,0.8064
280,-31.96,77459,91,0.7914
281,-63.91,77667,208,0.7709
282,-27.54,77746,79,0.7658
283,-90.91,78590,844,0.8128
284,-70.25,78786,196,0.7941
285,-107.84,79825,1039,0.8112
286,-54.67,80195,370,0.8198
287,-26.16,80265,70,0.7836
288,-45.12,80365,100,0.7933
289,-82.4,80687,322,0.8058
290,-71.83,81102,415,0.8054
291,-70.99,81385,283,0.8164
292,-91.69,81806,421,0.8205
293,-38.9,81921,115,0.8094
294,-35.58,82021,100,0.8007
295,-31.19,82115,94,0.7799
296,-40.91,82245,130,0.8015
297,-184.2,83224,979,0.817
298,-46.95,83363,139,0.8393
299,-177.2,84138,775,0.8034
300,-36.73,84250,112,0.7923
301,-82.16,84545,295,0.7964
302,-56.3,85092,547,0.8175
303,-80.39,85369,277,0.8116
304,-50.27,85547,178,0.807
305,-91.71,85920,373,0.8003
306,-50.83,86092,172,0.7959
307,-51.65,86270,178,0.8127
308,-26.04,86334,64,0.8035
309,-35.83,86428,94,0.8184
310,-32.36,86501,73,0.8002
311,-31.47,86568,67,0.7888
312,-98.59,87628,1060,0.8131
313,-88.81,88376,748,0.8183
314,-40.24,88524,148,0.8074
315,-51.67,88702,178,0.8185
316,-65.87,89255,553,0.8219
317,-43.97,89373,118,0.7934
318,-52.41,89527,154,0.8127
319,-62.6,89720,193,0.8048
320,-93.1,90198,478,0.8052
321,-33.77,90268,70,0.8053
322,5.21,90962,694,0.8194
323,-123.31,91392,430,0.8175
324,-36.65,91522,130,0.8275
325,-27.88,91601,79,0.8063
326,-34.0,91689,88,0.8284
327,-26.42,91747,58,0.8245
328,-154.09,92483,736,0.7974
329,-135.59,93312,829,0.8102
330,-61.61,93886,574,0.8235
331,-44.91,94028,142,0.8289
332,-98.73,94377,349,0.8091
333,-121.12,95113,736,0.8126
334,-41.86,95198,85,0.8217
335,-26.97,95274,76,0.8146
336,-29.42,95329,55,0.822
337,32.11,95543,214,0.8149
338,-53.54,95703,160,0.7969
339,-123.34,96724,1021,0.8108
340,-67.05,96953,229,0.8184
341,-70.08,97536,583,0.8058
342,-173.62,98254,718,0.8097
343,-98.5,98723,469,0.8209
344,-35.46,98808,85,0.8196
345,-168.38,99466,658,0.8014
346,-35.71,99566,100,0.8098
347,-80.15,99921,355,0.8262
348,-37.12,100009,88,0.7833
349,-42.95,100136,127,0.8069
350,-57.85,100317,181,0.8237
351,-26.1,100369,52,0.774
352,-139.01,101138,769,0.8114
353,-78.35,101379,241,0.8139
354,-38.06,101470,91,0.8365
355,-32.48,101540,70,0.7791
356,-23.72,101595,55,0.795
357,-68.11,101815,220,0.8039
358,-68.28,102122,307,0.8227
359,-45.28,102303,181,0.7997
360,-78.7,102679,376,0.8194
361,-99.96,103097,418,0.816
362,-101.48,103491,394,0.8239
363,-174.87,104167,676,0.8015
364,-147.71,104795,628,0.8309
365,-64.35,105054,259,0.8222
366,-190.75,106042,988,0.8136
367,-111.09,106508,466,0.8202
368,-24.72,106578,70,0.8231
369,-105.59,106936,358,0.8106
370,-171.01,107624,688,0.8073
371,-35.29,107697,73,0.835
372,-88.9,108073,376,0.817
373,-104.12,109184,1111,0.8176
374,-125.81,109632,448,0.7953
375,-104.18,110029,397,0.8045
376,-26.52,110093,64,0.8103
377,-24.95,110157,64,0.7957
378,-30.99,110221,64,0.7942
379,-28.8,110300,79,0.8056
380,-58.94,110478,178,0.8206
381,-107.15,111175,697,0.8071
382,-160.65,111872,697,0.7891
383,-48.95,112044,172,0.8092
384,-120.91,112990,946,0.8057
385,-64.17,113237,247,0.8079
386,-41.68,113409,172,0.7905
387,-27.69,113488,79,0.8116
388,-40.44,113624,136,0.8092
389,-45.55,113760,136,0.8233
390,-68.8,113977,217,0.8008
391,-65.35,114743,766,0.811
392,-41.9,115200,457,0.8079
393,-152.66,115786,586,0.8142
394,-30.81,115859,73,0.8311
395,-30.56,115965,106,0.8135
396,-128.38,116512,547,0.7837
397,-78.24,116831,319,0.8077
398,-71.53,117228,397,0.7936
399,-91.61,117673,445,0.6402
400,-88.95,118193,520,0.7137
401,-24.47,118263,70,0.7529
402,-24.59,118342,79,0.5921
403,-73.6,118799,457,0.7173
404,-31.24,118863,64,0.7361
405,-67.61,119116,253,0.647
406,-49.44,119474,358,0.6398
407,-179.45,120339,865,0.7741
408,-37.43,120454,115,0.7813
409,-80.2,120797,343,0.7638
410,-38.65,120921,124,0.8099
411,-30.29,121015,94,0.7847
412,-72.81,121442,427,0.8137
413,-87.08,121776,334,0.797
414,-146.9,122653,877,0.727
415,-106.19,123143,490,0.7045
416,-28.05,123210,67,0.7133
417,-90.35,124000,790,0.781
418,-66.21,124247,247,0.7831
419,-62.97,124470,223,0.7575
420,-49.45,124651,181,0.7544
421,-113.32,126203,1552,0.6584
422,-97.73,126783,580,0.67
423,-38.51,126916,133,0.8033
424,-33.45,127046,130,0.7706
425,-32.93,127167,121,0.7766
426,-80.84,127693,526,0.6163
427,-82.12,128177,484,0.6485
428,-70.75,128496,319,0.6956
429,-99.09,129001,505,0.536
430,9.99,129623,622,0.572
431,-166.03,130269,646,0.7939
432,-34.8,130375,106,0.805
433,-36.64,130448,73,0.8285
434,-70.13,130647,199,0.7985
435,-27.96,130729,82,0.7707
436,-62.97,131072,343,0.7973
437,-66.48,131601,529,0.7982
438,-94.98,131962,361,0.8137
439,-31.74,132032,70,0.8261
440,-36.02,132150,118,0.8118
441,-54.68,132319,169,0.826
442,-69.49,132551,232,0.8285
443,-32.61,132630,79,0.7769
444,-141.73,133519,889,0.8193
445,-41.32,133667,148,0.8668
446,-28.23,133740,73,0.8205
447,-28.12,133810,70,0.8396
448,-33.51,133928,118,0.8296
449,-31.1,134025,97,0.8044
450,-171.4,134767,742,0.8174
451,-46.18,134915,148,0.7907
452,-38.42,135027,112,0.8014
453,-45.35,135151,124,0.8079
454,-30.31,135242,91,0.8087
455,-30.28,135312,70,0.8083
456,-104.48,136141,829,0.8245
457,-61.34,136394,253,0.8128
458,-101.56,136791,397,0.8173
459,-77.12,137155,364,0.8082
460,-37.36,137291,136,0.82
461,-80.84,138120,829,0.8264
462,-110.82,138586,466,0.8208
463,-120.76,139190,604,0.8187
464,-90.13,139875,685,0.8209
465,-37.96,139960,85,0.8442
466,-51.18,140129,169,0.8337
467,-74.3,140478,349,0.8185
468,-198.76,141787,1309,0.8123
469,-81.19,142190,403,0.8384
470,-35.7,142275,85,0.8175
471,-40.3,142705,430,0.8141
472,-64.81,142907,202,0.7846
473,-87.88,143196,289,0.8171
474,-31.73,143281,85,0.8294
475,-55.36,143468,187,0.8402
476,-42.68,143598,130,0.8283
477,-71.9,143911,313,0.8306
478,-63.73,144095,184,0.8245
479,-74.61,144363,268,0.8241
480,-29.34,144472,109,0.8238
481,-28.22,144545,73,0.8378
482,22.65,144900,355,0.8316
483,-184.53,145831,931,0.7837
484,-105.4,146312,481,0.7654
485,-36.91,146406,94,0.8075
486,-31.38,146485,79,0.7765
487,-28.66,146567,82,0.8002
488,-26.52,146628,61,0.794
489,-68.39,146953,325,0.8008
490,-48.91,147137,184,0.8159
491,-29.94,147210,73,0.7788
492,-48.23,147358,148,0.7953
493,-101.43,147890,532,0.781
494,-181.43,148683,793,0.7852
495,-102.63,149407,724,0.7279
496,-111.08,149867,460,0.7972
497,-39.17,150051,184,0.7966
498,-96.76,150412,361,0.8189
499,-35.52,150557,145,0.795
500,10.62,151245,688,0.8151
501,-70.72,151495,250,0.8182
502,-83.52,151889,394,0.8021
503,-42.61,152064,175,0.8266
504,-53.87,152227,163,0.7881
505,-76.07,152555,328,0.8023
506,-60.12,152748,193,0.7982
507,-27.73,152833,85,0.7702
508,-31.56,152909,76,0.8159
509,-176.47,153690,781,0.8006
510,-30.98,153778,88,0.8274
511,-187.75,154766,988,0.7904
512,-69.68,155019,253,0.8099
513,-108.78,155515,496,0.8049
514,-44.19,155681,166,0.814
515,-56.3,155922,241,0.7936
516,-33.11,156019,97,0.7803
517,-100.94,156425,406,0.8138
518,-82.31,156822,397,0.8082
519,-42.96,156970,148,0.789
520,-66.62,157223,253,0.8471
521,-104.65,157728,505,0.8336
522,-48.22,157828,100,0.8261
523,-58.02,157994,166,0.8014
524,-25.5,158052,58,0.8357
525,-31.68,158134,82,0.8314
526,-86.74,158483,349,0.8222
527,-29.31,158559,76,0.8079
528,-103.83,158935,376,0.8144
529,-115.59,160097,1162,0.8175
530,-53.28,160290,193,0.8135
531,-29.27,160339,49,0.8147
532,-48.39,160484,145,0.8057
533,-87.43,160782,298,0.825
534,-58.51,160945,163,0.8139
535,-24.6,160988,43,0.8094
536,-79.36,161358,370,0.8315
537,-83.3,162124,766,0.8374
538,19.47,162566,442,0.8253
539,-99.39,163014,448,0.8387
540,-70.15,163294,280,0.838
541,-28.76,163364,70,0.8198
542,-67.58,163629,265,0.8182
543,-54.8,163798,169,0.8066
544,-37.77,163916,118,0.7901
545,-80.29,164496,580,0.8246
546,-64.4,164770,274,0.8369
547,-66.33,164990,220,0.8102
548,-59.45,165234,244,0.8373
549,-31.39,165328,94,0.8033
550,-150.78,165938,610,0.8307
551,-47.7,166143,205,0.8067
552,-38.15,166279,136,0.7938
553,-153.13,166877,598,0.8375
554,-37.95,166959,82,0.8236
555,-33.34,167044,85,0.7765
556,-8.02,168035,991,0.823
557,-35.1,168114,79,0.828
558,-67.3,168406,292,0.8337
559,-31.36,168518,112,0.8242
560,-31.25,168615,97,0.845
561,-178.42,169387,772,0.8288
562,-79.56,169679,292,0.8098
563,-38.96,169794,115,0.8278
564,-28.02,169867,73,0.8027
565,-174.55,170516,649,0.8087
566,-84.05,170850,334,0.8331
567,-47.81,171028,178,0.8195
568,-25.81,171095,67,0.7783
569,-25.73,171165,70,0.8267
570,-32.3,171247,82,0.8476
571,-69.39,171554,307,0.8331
572,-65.89,171840,286,0.8219
573,-39.82,171931,91,0.8201
574,-40.1,172070,139,0.8418
575,-33.49,172161,91,0.8336
576,-24.75,172228,67,0.8343
577,-131.05,172676,448,0.8288
578,-69.86,172956,280,0.7992
579,-95.36,173305,349,0.8361
580,-27.45,173366,61,0.8096
581,-29.72,173427,61,0.8027
582,-52.88,173596,169,0.8164
583,-78.2,173918,322,0.8347
584,-60.1,174180,262,0.8428
585,-66.17,174823,643,0.8294
586,-161.24,175454,631,0.8164
587,-89.31,176814,1360,0.8305
588,-69.95,177376,562,0.8205
589,-130.91,177959,583,0.8246
590,-103.82,178287,328,0.8209
591,-44.91,178411,124,0.8387
592,-47.71,178523,112,0.8121
593,-47.78,178656,133,0.8416
594,-48.42,178789,133,0.8132
595,-126.39,179339,550,0.8279
596,-29.82,179433,94,0.7928
597,-50.92,179572,139,0.8099
598,-153.9,180224,652,0.8172
599,-40.01,180333,109,0.8535
600,-67.32,180562,229,0.8366
601,-29.18,180611,49,0.825
602,-45.34,180774,163,0.8296
603,-99.5,181162,388,0.8362
604,-74.53,181403,241,0.8272
605,-87.59,182190,787,0.8269
606,-48.08,182332,142,0.8363
607,-31.6,182402,70,0.7997
608,-51.67,182568,166,0.8222
609,-174.78,183283,715,0.8079
610,-166.68,183899,616,0.808
611,-185.98,184926,1027,0.819
612,-72.77,185149,223,0.8149
613,-45.46,185606,457,0.8219
614,-95.53,186000,394,0.8311
615,-75.95,186715,715,0.8161
616,-169.64,187397,682,0.8103
617,-70.36,187623,226,0.8223
618,-32.14,187687,64,0.7975
619,-31.18,187754,67,0.8136
620,-59.9,187977,223,0.8207
621,-94.55,188305,328,0.8087
622,-96.67,189203,898,0.822
623,-168.07,189864,661,0.8173
624,-55.26,190180,316,0.825
625,-54.58,190595,415,0.8183
626,-32.37,190671,76,0.7863
627,-33.52,190741,70,0.8483
628,-139.36,191372,631,0.8178
629,-25.5,191442,70,0.8191
630,-41.67,191569,127,0.8363
631,-50.09,191801,232,0.8336
632,-57.0,191958,157,0.821
633,-61.51,192151,193,0.828
634,-48.82,192290,139,0.8354
635,-64.81,192474,184,0.8266
636,-29.4,192538,64,0.8274
637,-119.3,192965,427,0.8072
638,-64.23,193245,280,0.826
639,-56.91,193411,166,0.8106
640,-71.36,193769,358,0.8157
641,-31.91,193869,100,0.7881
642,-28.77,193930,61,0.7805
643,-44.86,194075,145,0.7714
644,-169.67,194799,724,0.8237
645,-142.28,195484,685,0.8093
646,-34.68,195614,130,0.8183
647,-26.66,195690,76,0.8178
648,-27.69,195763,73,0.8248
649,-34.31,195872,109,0.8096
650,-29.16,195960,88,0.7898
651,-38.82,196066,106,0.7868
652,-55.6,196259,193,0.806
653,-37.25,196359,100,0.8044
654,-24.05,196447,88,0.8033
655,-30.56,196535,88,0.8276
656,-70.02,196791,256,0.8166
657,-93.49,197902,1111,0.8098
658,-75.85,198167,265,0.8172
659,-101.02,198504,337,0.8179
660,-30.31,198583,79,0.8279
661,-24.13,198641,58,0.8017
662,-130.48,199221,580,0.8117
663,-40.38,199336,115,0.8241
664,-32.57,199427,91,0.7947
665,-45.28,199557,130,0.8258
666,12.34,200194,637,0.8055
667,-39.99,200294,100,0.8235
668,-43.64,200421,127,0.7905
669,-73.78,200638,217,0.8207
670,-61.47,200825,187,0.8332
671,-47.93,200943,118,0.797
672,-30.82,201037,94,0.7891
673,-58.61,201224,187,0.8049
674,-43.01,201330,106,0.8086
675,-41.62,201442,112,0.8063
676,-105.05,201836,394,0.8084
677,-118.4,202551,715,0.8084
678,-72.49,202801,250,0.8117
679,-77.28,203231,430,0.8041
680,-107.89,203685,454,0.8153
681,-33.48,203761,76,0.8195
682,-101.02,204575,814,0.8118
683,24.85,204918,343,0.8101
684,-91.05,205219,301,0.8051
685,24.16,205577,358,0.8185
686,-123.19,206250,673,0.8267
687,-32.51,206323,73,0.8011
688,-30.97,206381,58,0.8129
689,-28.56,206445,64,0.8574
690,-171.98,207178,733,0.8138
691,-28.25,207257,79,0.8138
692,-102.66,207735,478,0.7958
693,-70.42,208357,622,0.8257
694,-140.0,208973,616,0.8063
695,-76.72,209247,274,0.8115
696,-44.67,209377,130,0.7951
697,-53.57,209846,469,0.8229
698,-68.99,210126,280,0.8162
699,-50.01,210271,145,0.7935
700,-69.83,210980,709,0.8175
701,-109.56,211578,598,0.8077
702,-30.96,211666,88,0.7963
703,-59.14,212153,487,0.8066
704,-88.42,212526,373,0.8166
705,-66.8,213220,694,0.8078
706,-36.2,213311,91,0.8037
707,19.55,213756,445,0.8196
708,-30.96,213832,76,0.7765
709,-54.95,214019,187,0.7879
710,-76.39,214293,274,0.7859
711,-70.12,214603,310,0.8215
712,-76.3,214964,361,0.7819
713,-38.85,215079,115,0.8235
714,-33.54,215206,127,0.7803
715,-167.24,215816,610,0.8103
716,-35.75,215931,115,0.8156
717,-62.85,216355,424,0.8247
718,-68.92,216608,253,0.8134
719,11.32,217197,589,0.8065
720,-163.81,217789,592,0.8204
721,-30.69,217868,79,0.8307
722,-81.99,218460,592,0.8268
723,-33.28,218566,106,0.8281
724,-37.12,218651,85,0.822
725,-83.7,219315,664,0.8194
726,-80.34,219841,526,0.8303
727,-32.01,219911,70,0.8218
728,-173.35,220632,721,0.8102
729,-93.76,220945,313,0.8184
730,-115.36,221441,496,0.8115
731,-29.67,221505,64,0.8383
732,-53.81,221680,175,0.7889
733,-53.47,221834,154,0.8041
734,-29.93,221907,73,0.7868
735,-24.67,221971,64,0.8039
736,-70.74,222245,274,0.8288
737,-147.72,222873,628,0.8082
738,-31.67,222964,91,0.8024
739,-30.64,223034,70,0.8381
740,-195.7,224172,1138,0.8138
741,-29.84,224257,85,0.8279
742,-110.29,224732,475,0.8132
743,-46.44,224892,160,0.8097
744,-49.88,225382,490,0.8273
745,-66.26,225560,178,0.8295
746,-33.58,225663,103,0.822
747,-33.85,225763,100,0.8223
748,-72.17,226046,283,0.8197
749,-84.58,226317,271,0.8242
750,-82.24,226849,532,0.8303
751,-79.89,227138,289,0.8125
752,-26.45,227232,94,0.8185
753,-59.1,227464,232,0.8462
754,-30.9,227519,55,0.8142
755,-91.76,227961,442,0.8168
756,-89.91,228238,277,0.8463
757,-75.16,228581,343,0.8139
758,-92.74,228939,358,0.8141
759,-95.33,229333,394,0.8106
760,-67.73,229511,178,0.82
761,-43.94,229662,151,0.8236
762,-36.64,229744,82,0.8244
763,-61.74,229958,214,0.8228
764,-49.92,230142,184,0.8217
765,-88.43,230701,559,0.8171
766,-174.38,231431,730,0.8259
767,-164.68,232284,853,0.8152
768,-119.64,232777,493,0.8223
769,-110.64,233168,391,0.8107
770,-92.42,233532,364,0.812
771,-176.74,234232,700,0.8123
772,-47.42,234863,631,0.8177
773,-71.24,235173,310,0.8039
774,-30.26,235243,70,0.8473
775,-45.63,235403,160,0.8137
776,-91.82,235866,463,0.8244
777,-33.4,235945,79,0.6804
778,-81.0,236255,310,0.8193
779,-33.34,236367,112,0.7907
780,-24.84,236437,70,0.8425
781,-166.3,237074,637,0.8182
782,-34.02,237156,82,0.8563
783,-160.51,237886,730,0.8193
784,-53.08,238085,199,0.8083
785,-120.76,238575,490,0.8158
786,-46.26,238726,151,0.8173
787,-104.85,239213,487,0.8343
788,-25.89,239271,58,0.8049
789,-113.42,239758,487,0.822
790,-38.89,239867,109,0.8285
791,-175.5,240594,727,0.8038
792,-72.07,241189,595,0.825
793,-118.7,241649,460,0.8024
794,-104.71,242085,436,0.802
795,-30.11,242143,58,0.8109
796,-43.76,242318,175,0.8192
797,-33.88,242400,82,0.7929
798,-100.47,242830,430,0.8036
799,-54.5,242990,160,0.8291
800,-86.64,244029,1039,0.8256
801,-36.17,244111,82,0.8542
802,-101.2,244583,472,0.8286
803,-39.04,244671,88,0.7938
804,-59.47,244873,202,0.8097
805,-66.44,245138,265,0.8142
806,-104.82,245556,418,0.8222
807,-54.69,245707,151,0.8252
808,-30.56,245783,76,0.8144
809,-40.58,245925,142,0.8151
810,-104.41,246325,400,0.8204
811,-35.13,246428,103,0.8423
812,-49.9,246618,190,0.8372
813,-71.98,246880,262,0.8421
814,-119.63,247295,415,0.8105
815,-23.32,247365,70,0.8389
816,-62.73,247651,286,0.8086
817,-87.13,248003,352,0.812
818,-89.09,248811,808,0.8093
819,-30.82,248911,100,0.798
820,-64.63,249104,193,0.8214
821,-29.58,249177,73,0.7931
822,-32.27,249250,73,0.8196
823,-114.3,249746,496,0.8185
824,-30.97,249813,67,0.8087
825,-159.95,250426,613,0.8195
826,-40.23,250538,112,0.7898
827,-76.15,250845,307,0.8203
828,-31.22,250933,88,0.8143
829,-81.65,251234,301,0.8208
830,-79.77,251583,349,0.8256
831,-94.08,251968,385,0.812
832,-110.92,252695,727,0.8067
833,-48.67,252822,127,0.8123
834,-173.22,253576,754,0.8146
835,-28.98,253637,61,0.7954
836,-33.8,253746,109,0.7812
837,-42.08,253870,124,0.8174
838,-119.38,254402,532,0.8145
839,-114.33,255003,601,0.8203
840,-91.04,255424,421,0.8278
841,-161.06,256040,616,0.8154
842,-26.2,256098,58,0.8177
843,-25.88,256147,49,0.8574
844,-59.4,256349,202,0.8289
845,-82.33,256962,613,0.8258
846,-54.45,257110,148,0.811
847,-28.76,257162,52,0.8304
848,-180.73,257973,811,0.825
849,-31.29,258085,112,0.809
850,-174.59,258755,670,0.8061
851,-28.62,258843,88,0.8165
852,-46.59,259042,199,0.8299
853,-87.17,259409,367,0.8199
854,-36.33,259524,115,0.7908
855,-115.43,260149,625,0.8251
856,-61.26,260465,316,0.8214
857,-118.27,260970,505,0.8178
858,-53.6,261166,196,0.8236
859,-77.82,261440,274,0.8102
860,18.35,261921,481,0.823
861,-73.27,262111,190,0.8269
862,-26.16,262196,85,0.8461
863,-50.25,262413,217,0.8196
864,-31.63,262486,73,0.825
865,-90.98,263348,862,0.8172
866,-90.58,263691,343,0.8127
867,-73.55,263998,307,0.8063
868,-89.98,264335,337,0.8158
869,-75.94,264882,547,0.8165
870,-77.21,265390,508,0.8128
871,-89.71,265790,400,0.8236
872,-67.69,266025,235,0.825
873,-94.14,266389,364,0.8289
874,-26.87,266483,94,0.8067
875,-34.91,266589,106,0.8282
876,-31.3,266653,64,0.8081
877,-97.61,267050,397,0.8189
878,-126.26,267612,562,0.8191
879,-66.31,267898,286,0.8062
880,-74.92,268235,337,0.8176
881,-29.57,268287,52,0.892
882,-29.54,268351,64,0.8054
883,-109.36,268970,619,0.808
884,-67.42,269217,247,0.8081
885,-167.66,269821,604,0.8132
886,-56.12,269993,172,0.8225
887,-34.64,270096,103,0.8348
888,-164.35,270712,616,0.8041
889,-46.06,270848,136,0.8095
890,-41.74,270981,133,0.7778
891,-30.01,271072,91,0.8391
892,-30.44,271160,88,0.8512
893,-137.4,272073,913,0.8264
894,-108.83,272530,457,0.8227
895,-26.87,272591,61,0.8122
896,-171.67,273294,703,0.8237
897,-50.46,273430,136,0.7989
898,-30.8,273506,76,0.8335
899,-25.76,273567,61,0.8218
900,-167.82,274237,670,0.8054
901,-76.22,274478,241,0.8052
902,-185.54,275358,880,0.821
903,-82.72,275656,298,0.7995
904,-28.86,275738,82,0.6538
905,-140.89,276687,949,0.8196
906,-25.2,276751,64,0.8007
907,-86.16,277106,355,0.8057
908,-70.15,277332,226,0.8232
909,-43.03,277462,130,0.8245
910,-37.79,277586,124,0.8327
911,-29.97,277656,70,0.8321
912,-166.71,278314,658,0.8216
913,-69.31,278678,364,0.8221
914,-102.35,279090,412,0.8305
915,-111.71,279523,433,0.8177
916,-26.61,279611,88,0.8205
917,-166.29,280269,658,0.8166
918,-119.54,280711,442,0.8224
919,-36.76,280784,73,0.7977
920,21.7,281169,385,0.8312
921,-36.32,281254,85,0.7844
922,-43.49,281393,139,0.7891
923,-75.84,281709,316,0.8091
924,-51.98,281899,190,0.8005
925,-31.94,281978,79,0.7991
926,-114.03,282345,367,0.8168
927,-96.32,282964,619,0.8294
928,-50.21,283142,178,0.8325
929,15.34,283701,559,0.8158
930,-140.11,284224,523,0.8241
931,-92.7,284606,382,0.8239
932,-61.12,284796,190,0.8268
933,-37.65,284908,112,0.8234
934,-61.14,285095,187,0.8129
935,-75.86,285390,295,0.8046
936,-124.76,285841,451,0.809
937,-41.43,285965,124,0.8214
938,-45.45,286128,163,0.8298
939,-53.24,286270,142,0.8141
940,-63.04,286478,208,0.831
941,-107.28,286872,394,0.8179
942,-59.81,287029,157,0.8198
943,-92.06,287357,328,0.8253
944,-64.86,287598,241,0.8219
945,-67.93,287875,277,0.8414
946,-167.87,288524,649,0.8205
947,-38.89,288666,142,0.8403
948,-52.66,288838,172,0.8365
949,-183.32,289697,859,0.8215
950,-44.37,289833,136,0.8465
951,-28.09,289894,61,0.8641
952,-182.08,290789,895,0.8159
953,-42.97,290919,130,0.8068
954,-29.46,290989,70,0.8301
955,-87.42,291359,370,0.8146
956,-33.39,291465,106,0.8668
957,-109.58,291922,457,0.8084
958,-44.66,292043,121,0.8214
959,-83.1,292365,322,0.8047
960,-70.45,292729,364,0.8347
961,-35.19,292814,85,0.7792
962,-99.57,293187,373,0.8161
963,-28.19,293269,82,0.8118
964,-126.0,293834,565,0.7996
965,-72.45,294138,304,0.829
966,-68.55,294661,523,0.8179
967,-78.31,295181,520,0.8134
968,-152.12,295782,601,0.8207
969,-119.51,296272,490,0.8115
970,-100.64,296663,391,0.8108
971,-45.85,296796,133,0.7986
972,-85.49,297190,394,0.7989
973,-181.71,297998,808,0.7977
974,-96.48,298359,361,0.8275
975,-30.6,298417,58,0.8013
976,-108.13,299648,1231,0.8173
977,-56.28,300009,361,0.8225
978,-49.79,300142,133,0.8263
979,-86.48,300830,688,0.8134
980,-123.55,301308,478,0.8016
981,-42.44,301456,148,0.7864
982,-26.43,301508,52,0.8297
983,-40.61,301644,136,0.7893
984,25.24,301966,322,0.8109
985,-70.2,302324,358,0.8234
986,-29.06,302406,82,0.8089
987,-33.67,302482,76,0.8055
988,-33.64,302606,124,0.8381
989,-27.7,302955,349,0.8192
990,-42.63,303091,136,0.8175
991,-63.09,303314,223,0.8306
992,-47.86,303456,142,0.7871
993,-102.37,304087,631,0.8095
994,-30.98,304163,76,0.816
995,-64.62,304380,217,0.8301
996,-32.58,304471,91,0.7895
997,-69.76,304790,319,0.806
998,-56.18,304947,157,0.8239
999,-169.02,305629,682,0.8064
1000,-40.73,305732,103,0.8219
1001,-52.72,306216,484,0.8102
1002,-76.37,306535,319,0.8209
1003,-173.53,307217,682,0.8082
1004,-30.59,307287,70,0.7694
1005,-66.82,307534,247,0.8263
1006,-35.93,307610,76,0.8044
1007,-64.54,308202,592,0.8122
1008,-53.23,308554,352,0.8167
1009,-51.03,308705,151,0.8203
1010,-26.74,308772,67,0.8168
1011,-78.76,309262,490,0.8277
1012,-145.69,309929,667,0.8241
1013,-53.54,310218,289,0.825
1014,-79.15,310969,751,0.8196
1015,-34.05,311051,82,0.8066
1016,-80.63,311508,457,0.8058
1017,-51.53,311707,199,0.8211
1018,-51.69,312509,802,0.8238
1019,-139.3,313197,688,0.8127
1020,-32.33,313261,64,0.775
1021,-31.19,313358,97,0.8249
1022,-49.15,313515,157,0.7828
1023,-77.27,313978,463,0.819
1024,-37.31,314081,103,0.8273
1025,-73.13,314634,553,0.8125
1026,-53.12,314818,184,0.8067
1027,28.35,315092,274,0.8126
1028,-32.93,315171,79,0.7738
1029,-63.17,315424,253,0.8179
1030,-34.34,315515,91,0.8152
1031,-75.23,315834,319,0.7785
1032,-173.15,316606,772,0.811
1033,-92.36,317645,1039,0.825
1034,-38.6,317757,112,0.8293
1035,-53.25,318166,409,0.8162
1036,-33.84,318245,79,0.837
1037,-170.48,318912,667,0.8222
1038,-74.06,319189,277,0.8274
1039,-38.79,319316,127,0.8306
1040,-32.72,319395,79,0.8538
1041,-101.85,319741,346,0.8184
1042,-32.64,319817,76,0.8091
1043,-42.32,319908,91,0.7849
1044,-29.12,319972,64,0.8213
1045,-61.28,320195,223,0.8165
1046,-32.93,320283,88,0.8574
1047,-61.03,320497,214,0.8187
1048,-42.33,320621,124,0.8013
1049,-80.3,321042,421,0.8231
1050,-29.87,321094,52,0.792
1051,-72.18,321359,265,0.8205
1052,16.7,321849,490,0.8236
1053,-154.32,322483,634,0.8187
1054,-49.72,322919,436,0.8244
1055,-61.64,323289,370,0.8147
1056,-48.91,323689,400,0.8281
1057,29.35,323951,262,0.8166
1058,-44.7,324111,160,0.827
1059,26.4,324448,337,0.8109
1060,-34.13,324533,85,0.8274
1061,-69.56,325035,502,0.8129
1062,-32.58,325126,91,0.8048
1063,-75.52,325439,313,0.8319
1064,-82.14,325830,391,0.8124
1065,-38.82,325942,112,0.8058
1066,-38.73,326051,109,0.829
1067,-110.49,326634,583,0.8244
1068,-29.56,326716,82,0.7933
1069,-155.56,328019,1303,0.8103
1070,-27.57,328074,55,0.8136
1071,-71.03,328456,382,0.817
1072,-48.02,328595,139,0.8242
1073,-40.89,328728,133,0.809
1074,-53.1,328933,205,0.8089
1075,-177.82,329675,742,0.8201
1076,-49.78,329802,127,0.8207
1077,-83.01,330283,481,0.8122
1078,-86.5,330722,439,0.8147
1079,-129.61,331275,553,0.8153
1080,-51.29,331423,148,0.8012
1081,-49.73,332231,808,0.826
1082,-108.98,332682,451,0.8169
1083,-76.28,332944,262,0.8246
1084,-34.25,333038,94,0.8372
1085,-99.74,333474,436,0.8155
1086,-39.7,333571,97,0.8069
1087,-151.29,334373,802,0.8199
1088,-63.72,334644,271,0.7988
1089,-112.65,335065,421,0.7971
1090,-93.83,335363,298,0.815
1091,-68.46,335577,214,0.8337
1092,-31.54,335644,67,0.826
1093,-40.29,335762,118,0.8205
1094,-41.75,335889,127,0.8333
1095,-84.9,336346,457,0.8241
1096,-68.65,336719,373,0.8043
1097,-38.38,336825,106,0.7784
1098,-70.37,337189,364,0.8253
1099,-34.89,337286,97,0.8088
1100,-171.23,337950,664,0.8246
1101,-57.09,338113,163,0.8224
1102,-84.47,338423,310,0.8124
1103,-39.25,338535,112,0.8165
1104,32.12,338758,223,0.8243
1105,-108.91,339164,406,0.8271
1106,-34.36,339255,91,0.8399
1107,-30.8,339313,58,0.8323
1108,-35.07,339404,91,0.8022
1109,-47.84,339549,145,0.8187
1110,-134.41,340249,700,0.8081
1111,-66.64,341003,754,0.8167
1112,-79.11,341529,526,0.8032
1113,-162.07,342058,529,0.8171
1114,-179.52,342971,913,0.824
1115,-79.49,343314,343,0.818
1116,-70.61,343606,292,0.8133
1117,-34.2,343697,91,0.8163
1118,-192.58,344859,1162,0.8161
1119,-54.6,345019,160,0.8043
1120,-58.55,345707,688,0.829
1121,-44.92,345891,184,0.8366
1122,-108.3,346552,661,0.8116
1123,-55.52,346739,187,0.8123
1124,-115.67,347199,460,0.8092
1125,-27.25,347266,67,0.8338
1126,-37.76,347399,133,0.8015
1127,-35.5,347493,94,0.8019
1128,-27.58,347578,85,0.8203
1129,-39.7,347687,109,0.8682
1130,-34.74,347790,103,0.809
1131,-67.4,348109,319,0.8107
1132,-78.99,348659,550,0.8242
1133,-40.82,348774,115,0.831
1134,-65.11,348991,217,0.8175
1135,-27.94,349052,61,0.8275
1136,-55.61,349263,211,0.8164
1137,-63.7,349537,274,0.8138
1138,-101.97,349928,391,0.8273
1139,-86.94,350379,451,0.8016
1140,-43.03,350512,133,0.8141
1141,-91.32,351323,811,0.8196
1142,-46.28,351447,124,0.8129
1143,-30.43,351565,118,0.8124
1144,-57.44,351743,178,0.8026
1145,-173.83,352407,664,0.8126
1146,-31.39,352471,64,0.8361
1147,-29.53,352541,70,0.8197
1148,-42.85,352695,154,0.8219
1149,-86.05,353137,442,0.8189
1150,-73.85,353357,220,0.8047
1151,15.68,353868,511,0.8185
1152,-77.29,354223,355,0.8257
1153,-130.62,355037,814,0.8176
1154,-176.13,355812,775,0.7911
1155,-25.49,355879,67,0.8078
1156,-136.0,356468,589,0.8042
1157,-51.77,356655,187,0.8047
1158,-119.54,357205,550,0.8206
1159,-86.39,357926,721,0.8195
1160,-67.38,358170,244,0.8239
1161,-67.92,358630,460,0.8155
1162,-77.5,358877,247,0.8021
1163,-38.47,358983,106,0.7963
1164,-50.0,359110,127,0.8294
1165,-43.24,359234,124,0.8072
1166,-30.72,359334,100,0.8206
1167,-43.94,359464,130,0.8215
1168,-36.94,359588,124,0.8196
1169,-33.49,359676,88,0.821
1170,-36.83,359776,100,0.827
1171,-32.1,359873,97,0.7748
1172,-136.28,360795,922,0.8081
1173,-51.81,361147,352,0.8279
1174,-107.25,361613,466,0.8056
1175,-27.82,361695,82,0.8183
1176,-33.16,361777,82,0.8332
1177,-90.0,362144,367,0.8178
1178,-34.24,362229,85,0.8169
1179,-110.66,362806,577,0.8287
1180,-59.89,363029,223,0.8482
1181,-97.64,363384,355,0.8072
1182,-62.99,363622,238,0.8345
1183,-32.61,363713,91,0.8211
1184,-48.24,363891,178,0.8215
1185,-91.33,364234,343,0.8301
1186,-69.49,364781,547,0.8133
1187,20.23,365229,448,0.8199
1188,-62.03,365737,508,0.8207
1189,-42.35,366011,274,0.8053
1190,-66.32,366276,265,0.8269
1191,-46.1,366430,154,0.8145
1192,-62.54,366665,235,0.8124
1193,-71.86,366984,319,0.8199
1194,-29.62,367078,94,0.8202
1195,-81.57,367589,511,0.8096
1196,33.5,367773,184,0.8288
1197,-82.62,368113,340,0.8188
1198,-31.12,368171,58,0.8116
1199,-37.02,368262,91,0.7926
1200,-133.22,368947,685,0.8231
1201,-58.74,369116,169,0.7988
1202,-59.93,369303,187,0.7959
1203,-77.95,369568,265,0.8053
1204,-131.29,370139,571,0.8106
1205,-30.03,370230,91,0.8028
1206,-33.32,370585,355,0.8236
1207,-30.4,370640,55,0.8135
1208,-61.08,370872,232,0.7936
1209,-149.55,372862,1990,0.8047
1210,-38.14,372953,91,0.803
1211,-36.18,373038,85,0.8373
1212,-70.64,373426,388,0.8178
1213,-30.5,374912,1486,0.8143
1214,-45.99,375069,157,0.8246
1215,-38.56,375190,121,0.8108
1216,-68.7,375434,244,0.8196
1217,-163.93,376032,598,0.8106
1218,-64.48,376219,187,0.7984
1219,-103.59,376646,427,0.8299
1220,-123.87,377202,556,0.8162
1221,-82.18,377536,334,0.8076
1222,-58.07,377729,193,0.8078
1223,-56.61,377919,190,0.803
1224,-37.95,378037,118,0.8242
1225,-85.09,378398,361,0.8149
1226,-67.73,378726,328,0.8114
1227,-29.84,378811,85,0.8062
1228,-36.93,378884,73,0.7848
1229,-92.12,379512,628,0.8098
1230,-93.31,380221,709,0.8169
1231,-71.59,380525,304,0.8095
1232,-100.6,380952,427,0.811
1233,-29.55,381007,55,0.7687
1234,-104.25,381956,949,0.8077
1235,-196.04,383208,1252,0.8087
1236,-173.53,384076,868,0.8052
1237,-117.61,384575,499,0.8221
1238,-34.14,384651,76,0.7962
1239,-60.98,384844,193,0.8079
1240,-23.17,384908,64,0.798
1241,-125.62,385431,523,0.8057
1242,-93.39,386308,877,0.8013
1243,-128.62,386843,535,0.8036
1244,-29.84,386940,97,0.8012
1245,-28.7,387019,79,0.7899
1246,-62.15,387260,241,0.7946
1247,-128.27,387975,715,0.8064
1248,-31.63,388039,64,0.7722
1249,-53.33,388184,145,0.8236
1250,-146.92,388815,631,0.7976
1251,-74.95,389164,349,0.8281
1252,-58.35,389318,154,0.811
1253,-88.79,390051,733,0.8193
1254,-38.5,390163,112,0.8124
1255,-117.54,390608,445,0.7998
1256,-39.77,391092,484,0.8079
1257,-31.17,391195,103,0.7975
1258,-64.47,391532,337,0.8088
1259,-32.98,391584,52,0.8013
1260,-132.4,392233,649,0.8085
1261,-63.92,392462,229,0.8009
1262,-84.75,392739,277,0.805
1263,-115.1,393358,619,0.8069
1264,-132.62,393998,640,0.8068
1265,-50.89,394140,142,0.7973
1266,-148.05,394831,691,0.8189
1267,-34.62,394925,94,0.7904
1268,-169.19,395610,685,0.8054
1269,-37.53,395692,82,0.8046
1270,-69.11,395951,259,0.7492
1271,-92.78,396783,832,0.8109
1272,-110.83,397390,607,0.8012
1273,-157.21,398129,739,0.81
1274,-67.93,398346,217,0.8306
1275,-33.39,398404,58,0.8112
1276,-55.77,398543,139,0.8438
1277,-166.02,399141,598,0.8054
1278,-121.79,399577,436,0.8112
1279,-59.55,399800,223,0.7985
1280,-54.44,400062,262,0.8105
1281,-47.47,400198,136,0.7916
1282,-1.09,401057,859,0.7989
1283,-28.35,401139,82,0.819
1284,-74.92,401530,391,0.8174
1285,-49.22,401660,130,0.7888
1286,-81.84,401973,313,0.8051
1287,-27.68,402061,88,0.8
1288,-74.75,402392,331,0.8067
1289,-54.73,402555,163,0.8105
1290,-77.2,403060,505,0.8153
1291,-140.56,403667,607,0.8043
1292,-29.4,403761,94,0.8095
1293,29.3,404053,292,0.7918
1294,-84.18,404681,628,0.8182
1295,-61.46,404934,253,0.7945
1296,-48.54,405070,136,0.8052
1297,-78.26,405491,421,0.8223
1298,-39.55,405597,106,0.8116
1299,-56.61,405727,130,0.7968
1300,-34.52,405803,76,0.7996
1301,-137.02,406947,1144,0.8132
1302,-48.3,407044,97,0.7775
1303,-77.1,407516,472,0.8027
1304,-37.4,407610,94,0.8315
1305,-28.02,407680,70,0.8139
1306,-51.12,407813,133,0.8108
1307,-42.17,407910,97,0.8063
1308,-74.92,408241,331,0.7988
1309,-31.81,408323,82,0.8019
1310,-110.9,408741,418,0.8106
1311,-54.19,408895,154,0.8165
1312,-35.13,408965,70,0.8177
1313,-93.36,409263,298,0.8118
1314,-120.18,409795,532,0.8221
1315,-66.38,410033,238,0.8107
1316,-25.85,410094,61,0.8013
1317,-34.21,410173,79,0.7961
1318,-85.44,411251,1078,0.8106
1319,-26.21,411321,70,0.8104
1320,-72.44,411589,268,0.7964
1321,-51.23,411794,205,0.8179
1322,-83.47,412224,430,0.8128
1323,-34.82,412315,91,0.8275
1324,-45.26,413027,712,0.7991
1325,-79.97,413331,304,0.8231
1326,-47.88,413482,151,0.8029
1327,-35.74,413576,94,0.7948
1328,-33.76,413667,91,0.7741
1329,-35.25,413731,64,0.7858
1330,-31.46,413789,58,0.8624
1331,-142.87,414288,499,0.8145
1332,-72.94,414637,349,0.8176
1333,-109.82,415001,364,0.7979
1334,-77.39,415308,307,0.8135
1335,-65.67,415603,295,0.8164
1336,-150.96,416207,604,0.8017
1337,-39.23,416289,82,0.833
1338,-86.44,416695,406,0.8084
1339,-168.04,417338,643,0.8028
1340,-30.67,417399,61,0.7993
1341,-40.6,417496,97,0.8051
1342,-177.92,418235,739,0.8026
1343,-90.72,418593,358,0.8017
1344,-112.45,419083,490,0.8128
1345,-86.68,419438,355,0.801
1346,-34.03,419523,85,0.8222
1347,-28.0,419590,67,0.8114
1348,-131.39,420134,544,0.8138
1349,-30.35,420195,61,0.7496
1350,-25.93,420259,64,0.7691
1351,-57.09,420419,160,0.8128
1352,-53.13,420615,196,0.761
1353,-100.89,421909,1294,0.8022
1354,-43.1,422021,112,0.7931
1355,-148.57,422688,667,0.826
1356,-46.91,422836,148,0.7647
1357,-174.92,423632,796,0.8138
1358,-26.58,423693,61,0.7576
1359,-68.92,424030,337,0.8087
1360,-66.7,424262,232,0.7852
1361,-118.03,424818,556,0.8078
1362,-176.63,425602,784,0.8031
1363,-152.28,426914,1312,0.8035
1364,-67.81,427401,487,0.8434
1365,-135.71,427954,553,0.7938
1366,-76.49,428279,325,0.7334
1367,-34.98,428418,139,0.7786
1368,-80.38,429310,892,0.7956
1369,-85.93,429662,352,0.8044
1370,-88.43,430146,484,0.8216
1371,-53.8,430363,217,0.8125
1372,-27.78,430433,70,0.784
1373,-57.31,430704,271,0.8184
1374,-90.49,431458,754,0.8063
1375,-120.9,431984,526,0.7987
1376,-151.45,432648,664,0.7742
1377,-152.57,433273,625,0.7464
1378,-98.55,433715,442,0.7978
1379,-30.52,433800,85,0.7716
1380,-29.89,433876,76,0.7514
1381,-53.68,434120,244,0.8071
1382,-87.63,435033,913,0.732
1383,-31.65,435124,91,0.6526
1384,-29.34,435221,97,0.6206
1385,-87.77,435609,388,0.6734
1,-29.15,58,58,0.7494
2,-27.33,116,58,0.6323
3,-51.31,246,130,0.7067
4,-29.12,298,52,0.6973
5,-38.11,392,94,0.7117
6,-42.97,498,106,0.6338
7,-42.63,607,109,0.6384
8,-79.8,896,289,0.7115
9,-36.51,963,67,0.6538
10,-29.16,1015,52,0.8316
11,-53.14,1139,124,0.6883
12,-31.9,1206,67,0.6333
13,-31.58,1264,58,0.6381
14,-39.68,1370,106,0.6486
15,-51.69,1509,139,0.7509
16,-36.76,1591,82,0.7011
17,-75.36,1820,229,0.7133
18,-43.19,1953,133,0.6654
19,-25.51,2005,52,0.816
20,-32.54,2084,79,0.6572
21,-29.1,2136,52,0.7879
22,-41.06,2224,88,0.6951
23,-84.97,2477,253,0.6594
24,-108.5,2805,328,0.7148
25,-29.97,2854,49,0.6642
26,-43.23,2960,106,0.7628
27,-35.99,3051,91,0.7208
28,-32.07,3109,58,0.7301
29,-63.18,3470,361,0.7398
30,-27.82,3513,43,0.7876
31,-26.57,3565,52,0.6046
32,-73.26,3767,202,0.6983
33,-91.42,4074,307,0.6696
34,-33.98,4144,70,0.8049
35,-40.27,4250,106,0.7058
36,-30.19,4311,61,0.6919
37,-33.85,4384,73,0.7077
38,-108.48,4820,436,0.6912
39,-36.26,4881,61,0.6731
40,-29.57,4939,58,0.6635
41,-53.31,5048,109,0.8164
42,-31.51,5091,43,0.9761
43,-83.31,5317,226,1.252
44,-17.05,5570,253,1.0695
45,-67.59,5694,124,1.1282
46,-77.76,5869,175,1.2618
47,-31.89,5915,46,1.1295
48,-49.16,6075,160,1.2607
49,-95.16,6310,235,1.2483
50,-28.16,6572,262,1.2288
51,-37.84,6619,47,1.2628
52,-33.57,6662,43,1.1382
53,-103.16,6873,211,1.0721
54,-34.47,6919,46,1.1173
55,-73.21,7184,265,1.1777
56,-86.17,7362,178,1.0753
57,-54.0,7462,100,1.2388
58,-109.24,7725,263,1.2003
59,-50.23,7810,85,1.1519
60,-69.29,7934,124,1.0993
61,-39.31,7998,64,1.1337
62,-31.11,8134,136,1.1737
63,-59.97,8249,115,1.1851
64,-50.27,8325,76,1.2086
65,-48.76,8410,85,1.1878
66,-86.05,8627,217,1.1978
67,-37.8,8683,56,1.2777
68,-34.49,8732,49,1.1282
69,-34.88,8787,55,1.3625
70,-71.35,8968,181,1.1929
71,-46.01,9026,58,1.1995
72,-53.21,9114,88,1.2713
73,-142.23,9469,355,1.2377
74,-35.17,9518,49,0.9577
75,-73.74,9699,181,1.294
76,-141.43,10024,325,1.221
77,-61.61,10154,130,1.1684
78,-58.67,10257,103,1.1084
79,-56.82,10399,142,1.1784
80,-75.64,10559,160,1.1862
81,-31.11,10599,40,1.2425
82,-38.14,10678,79,1.1959
83,-63.17,10829,151,1.0921
84,-30.61,10869,40,1.1774
85,-33.6,10921,52,1.1968
86,-41.54,10997,76,1.1833
87,-27.79,11031,34,1.1978
88,-35.81,11089,58,1.1963
89,-32.93,11129,40,0.9267
90,-42.34,11223,94,1.2027
91,-83.62,11437,214,1.1843
92,-30.38,11897,460,1.2539
93,-72.71,12132,235,1.0504
94,-146.62,12574,442,1.1801
95,-74.36,12875,301,1.2289
96,-97.43,13260,385,1.2231
97,-76.28,13681,421,1.2375
98,-86.74,14204,523,1.1265
99,-81.29,14727,523,1.2731
100,-43.66,14842,115,1.1056
101,-167.85,17954,3112,1.2047
102,-15.65,20857,2903,1.2221
103,105.34,21342,485,1.2266
104,97.02,21989,647,1.1728
105,105.98,22465,476,1.1097
106,-28.61,22958,493,1.1883
107,120.1,23155,197,1.1304
108,46.13,24828,1673,1.2064
109,102.0,25373,545,1.219
110,117.72,25621,248,1.2583
111,-12.21,25691,70,0.8242
112,-36.01,26427,736,1.2551
113,125.84,26504,77,1.3223
114,-10.85,26574,70,0.916
115,124.77,26678,104,1.2573
116,124.12,26809,131,1.2664
117,126.49,26886,77,1.1768
118,120.54,27059,173,1.3205
119,126.68,27142,83,1.2398
120,122.46,27288,146,0.817
121,117.21,27539,251,1.0798
122,-8.39,27609,70,1.2853
123,114.37,27911,302,1.2334
124,124.81,28009,98,1.3161
125,122.98,28143,134,1.1456
126,122.89,28283,140,1.1324
127,-13.46,28344,61,1.2423
128,82.12,29297,953,1.2357
129,-9.89,29556,259,1.2159
130,-6.68,29635,79,1.2546
131,-9.1,29712,77,1.0316
132,119.85,29906,194,1.2304
133,-9.37,29982,76,1.3242
134,-6.99,30073,91,1.1012
135,-7.92,30146,73,1.1415
136,-40.07,30952,806,1.2485
137,-8.51,31028,76,1.2038
138,-8.47,31104,76,1.0905
139,-6.6,31183,79,1.2121
140,-8.35,31256,73,1.1096
141,124.05,31369,113,1.2168
142,120.6,31551,182,1.1819
143,115.47,31850,299,1.2082
144,-7.56,31929,79,1.1215
145,-7.92,32005,76,1.1942
146,121.92,32151,146,1.1285
147,-13.17,32222,71,1.1146
148,120.12,32404,182,1.2164
149,116.79,32679,275,1.1915
150,118.08,32915,236,1.1785
151,-13.88,32988,73,1.1771
152,120.95,33173,185,1.2418
153,-14.64,33249,76,1.1886
154,99.48,33866,617,1.2551
155,117.42,34102,236,1.1499
156,-12.41,34175,73,1.1205
157,118.03,34417,242,1.1738
158,-10.26,34487,70,0.9378
159,118.53,34705,218,1.2329
160,-11.93,34766,61,1.2461
161,120.14,34954,188,1.0571
162,121.15,35133,179,1.2331
163,-12.07,35197,64,1.2626
164,119.98,35382,185,1.2226
165,-12.09,35455,73,1.2851
166,121.21,35634,179,1.1274
167,-13.08,35704,70,1.1989
168,117.99,35931,227,1.2467
169,-12.14,36004,73,1.1661
170,116.75,36285,281,1.183
171,117.9,36515,230,1.229
172,123.39,36640,125,1.1424
173,-11.52,36710,70,1.2739
174,120.1,36895,185,1.1761
175,119.05,37098,203,1.1541
176,-12.06,37171,73,1.1749
177,116.98,37419,248,1.1928
178,-12.57,37492,73,1.2308
179,117.04,37746,254,1.2072
180,117.19,38006,260,1.1059
181,120.69,38182,176,1.2054
182,120.64,38367,185,1.239
183,117.42,38609,242,1.1669
184,118.34,38830,221,1.2231
185,117.5,39087,257,1.1684
186,119.76,39278,191,1.2197
187,118.77,39511,233,0.992
188,105.5,40008,497,1.1988
189,120.69,40196,188,1.2481
190,120.64,40396,200,1.0176
191,-13.23,40460,64,1.1058
192,117.93,40714,254,1.1476
193,-13.74,40790,76,1.0556
194,115.81,41059,269,1.1259
195,108.25,41493,434,1.2449
196,119.93,41681,188,1.1548
197,124.18,41806,125,1.1147
198,-11.03,41867,61,1.1641
199,116.39,42139,272,1.2263
200,121.35,42330,191,1.2846
201,-12.45,42394,64,1.3149
202,-23.09,42791,397,1.2786
203,96.71,43462,671,1.2035
204,118.96,43680,218,1.1168
205,104.86,44186,506,1.183
206,116.62,44476,290,1.1996
207,-9.14,44540,64,1.2152
208,117.24,44791,251,1.2214
209,102.39,45342,551,1.2678
210,-13.58,45412,70,1.2837
211,111.01,45777,365,1.1667
212,-12.97,45973,196,1.1843
213,111.54,46356,383,1.2791
214,-161.49,49363,3007,1.2413
215,-83.1,50801,1438,1.2505
216,-14.27,50871,70,1.1967
217,114.26,51197,326,1.2436
218,-15.87,51267,70,1.2232
219,-25.72,51697,430,1.268
220,-37.67,52136,439,1.1875
221,-39.79,52833,697,1.2493
222,94.3,53531,698,1.2526
223,-15.33,53595,64,1.0533
224,104.2,54095,500,1.2129
225,-11.47,54180,85,1.0718
226,112.86,54515,335,1.1972
227,113.51,54859,344,1.1441
228,-12.65,54935,76,1.1086
229,-10.01,55068,133,1.1445
230,-12.28,55186,118,0.9465
231,-15.56,55295,109,1.2599
232,-13.28,55419,124,1.1366
233,109.97,55805,386,1.1806
234,-17.12,55965,160,1.1428
235,-23.31,56371,406,1.2486
236,-21.35,56453,82,1.2003
237,-26.67,56805,352,1.2423
238,123.49,56936,131,1.0728
239,-20.63,57018,82,1.2876
240,-9.1,57133,115,1.0818
241,113.83,57459,326,1.2404
242,-33.67,57676,217,1.2984
243,81.6,58662,986,1.2311
244,115.37,58946,284,1.3084
245,59.37,60349,1403,1.2274
246,-16.56,60527,178,1.1213
247,-32.37,60966,439,1.2487
248,76.84,62018,1052,1.1843
249,-25.03,62436,418,1.1933
250,-9.72,62560,124,1.2947
251,-23.62,62843,283,1.307
252,-12.05,63003,160,1.308
253,-15.55,63148,145,1.2955
254,-13.99,63230,82,1.2922
255,-21.41,63321,91,1.0951
256,-14.9,63478,157,1.1847
257,111.46,63837,359,1.2949
258,-64.44,65050,1213,1.2613
259,119.87,65238,188,1.2443
260,-10.15,65395,157,1.2638
261,104.95,65880,485,1.2309
262,120.64,66056,176,1.2806
263,-13.22,66276,220,1.2694
264,110.99,66644,368,1.283
265,84.67,67543,899,1.251
266,-18.06,67691,148,1.0893
267,-14.64,67854,163,1.2781
268,-12.25,67975,121,1.2267
269,77.31,69015,1040,1.2856
270,114.87,69302,287,1.2294
271,98.55,69919,617,1.1106
272,-31.7,70487,568,1.231
273,111.78,70870,383,1.2639
274,-19.32,71021,151,1.2234
275,56.93,72493,1472,1.2675
276,-9.44,72605,112,1.1564
277,-43.44,72927,322,1.2106
278,38.76,74759,1832,1.2663
279,111.72,75112,353,1.2535
280,-15.99,75296,184,1.2657
281,111.24,75655,359,1.2624
282,108.96,76077,422,1.1758
283,115.02,76361,284,1.1915
284,112.7,76720,359,1.2184
285,-10.82,76886,166,1.2528
286,92.54,77629,743,1.2907
287,-22.0,78080,451,1.2798
288,-8.48,78192,112,1.1121
289,-7.75,78298,106,1.2975
290,-17.26,78588,290,1.3136
291,87.93,79424,836,1.2815
292,112.49,79771,347,1.3013
293,-21.97,79862,91,1.2425
294,122.79,80002,140,1.2829
295,-14.2,80135,133,1.2704
296,111.59,80491,356,1.2651
297,-17.91,80585,94,1.2495
298,-14.74,80808,223,1.2538
299,-15.66,80947,139,1.2634
300,-20.75,81020,73,1.1975
301,34.71,82912,1892,1.2784
302,-16.33,83117,205,1.1227
303,-51.21,84093,976,1.2378
304,68.92,85319,1226,1.2459
305,113.64,85645,326,1.3004
306,-20.07,85991,346,1.2695
307,122.31,86131,140,1.2304
308,118.5,86358,227,1.2434
309,109.34,86774,416,1.277
310,104.74,87277,503,1.2462
311,-25.15,87527,250,1.2568
312,-43.16,88278,751,1.2551
313,-8.94,88483,205,1.236
314,121.61,88656,173,1.3232
315,-32.37,89167,511,1.1968
316,-33.63,89735,568,1.227
317,-37.76,90423,688,1.296
318,-25.38,90901,478,1.2848
319,123.33,91041,140,1.291
320,-31.76,91636,595,1.2872
321,123.33,91776,140,1.2362
322,-26.63,92203,427,1.2904
323,123.24,92325,122,1.2691
324,116.78,92585,260,1.2732
325,-26.74,92928,343,1.2784
326,88.23,93761,833,1.2576
327,114.64,94069,308,1.1688
328,108.21,94491,422,1.2818
329,114.33,94802,311,1.2864
330,114.62,95104,302,1.223
331,99.18,95715,611,1.213
332,-17.84,95923,208,1.2086
333,-39.13,96368,445,1.2197
334,123.0,96493,125,1.1793
335,-18.84,96725,232,1.2719
336,-10.61,96867,142,1.0553
337,122.46,97004,137,1.3537
338,-18.26,97161,157,1.2629
339,122.09,97313,152,1.27
340,114.72,97621,308,1.2336
341,-25.24,98015,394,1.2787
342,111.02,98401,386,1.2539
343,-23.48,98762,361,1.1868
344,-14.95,98988,226,1.2851
345,-18.89,99157,169,1.272
346,105.65,99639,482,1.234
347,-19.02,99868,229,1.2679
348,-19.55,100109,241,1.2704
349,-49.06,100974,865,1.2746
350,114.29,101303,329,1.3396
351,-22.17,101586,283,1.2994
352,-23.91,101986,400,1.2739
353,-36.83,102653,667,1.2923
354,-14.53,102777,124,1.2218
355,-53.74,103744,967,1.2946
356,-27.88,104168,424,1.2212
357,-26.64,104652,484,1.2805
358,117.62,104912,260,1.1679
359,-23.0,105300,388,1.2891
360,121.16,105470,170,1.2546
361,-19.32,105759,289,1.2041
362,-18.25,106063,304,1.1636
363,-18.51,106358,295,1.2709
364,-25.55,106788,430,1.286
365,-14.57,106999,211,1.238
366,-20.4,107354,355,1.2302
367,-14.05,107559,205,1.3259
368,-11.93,107728,169,1.2016
369,-11.65,107882,154,1.2781
370,81.17,108865,983,1.2362
371,-21.01,109229,364,1.1935
372,-18.41,109515,286,1.3134
373,-21.27,109813,298,1.2731
374,-32.18,110327,514,1.3001
375,-16.13,110568,241,1.1337
376,-27.29,110851,283,1.251
377,-11.74,111029,178,1.2943
378,107.74,111469,440,1.246
379,121.73,111630,161,1.2378
380,-13.79,111859,229,1.3431
381,-16.81,112076,217,1.2717
382,-16.77,112233,157,1.2559
383,-11.1,112402,169,1.2526
384,112.49,112749,347,1.1936
385,-8.89,112885,136,1.2046
386,113.91,113202,317,1.2795
387,-13.41,113413,211,1.1776
388,-14.6,113630,217,1.2666
389,-14.77,113880,250,1.3174
390,-12.05,114052,172,1.2163
391,-9.98,114206,154,1.2198
392,-14.66,114459,253,1.2496
393,-31.74,114865,406,1.2018
394,-15.13,115076,211,1.2822
395,-54.55,116043,967,1.2866
396,-15.33,116257,214,1.2692
397,-243.79,120257,4000,1.2579
398,-9.97,120408,151,1.2834
399,123.52,120536,128,1.3027
400,-11.04,120672,136,1.2597
401,120.5,120854,182,1.2094
402,-8.84,120942,88,1.2293
403,120.99,121121,179,1.297
404,123.65,121237,116,1.2872
405,-20.81,121553,316,1.1786
406,125.78,121639,86,1.2877
407,-9.53,121781,142,1.3152
408,120.2,121969,188,1.2623
409,-9.32,122054,85,1.1844
410,120.6,122233,179,1.2814
411,-26.38,122517,284,1.3418
412,-17.54,122773,256,1.3022
413,122.33,122946,173,1.2722
414,-12.86,123148,202,1.1889
415,-14.4,123233,85,1.2972
416,-22.03,123324,91,1.1373
417,-7.08,123415,91,1.1326
418,-9.53,123620,205,1.2271
419,-10.19,123774,154,1.1701
420,-8.95,123850,76,1.2571
421,-12.51,124061,211,1.2367
422,-11.6,124137,76,1.1128
423,125.78,124214,77,1.0917
424,-14.12,124320,106,1.2927
425,-11.78,124393,73,1.0423
426,124.35,124515,122,1.2761
427,-24.88,124891,376,1.2876
428,-23.71,125297,406,1.2425
429,-30.8,125580,283,1.2995
430,-8.19,125662,82,1.2157
431,-11.35,125837,175,1.2687
432,-10.19,125985,148,1.3064
433,-17.76,126289,304,1.2256
434,121.09,126456,167,1.1921
435,-9.69,126646,190,1.21
436,-15.24,126956,310,1.2835
437,-8.14,127035,79,1.3059
438,120.18,127226,191,1.1722
439,-183.56,130089,2863,1.2252
440,122.85,130226,137,1.2406
441,121.58,130411,185,1.2683
442,-26.33,130892,481,1.211
443,-25.57,131337,445,1.2469
444,120.42,131528,191,1.3288
445,-27.55,132000,472,1.3035
446,120.35,132185,185,1.249
447,-12.86,132348,163,1.3029
448,-13.65,132505,157,1.2469
449,-11.82,132803,298,1.2542
450,117.44,133048,245,1.3103
451,-19.23,133301,253,1.2033
452,-7.91,133536,235,1.2718
453,-8.46,133637,101,1.0926
454,117.59,133897,260,1.2781
455,115.39,134181,284,1.2848
456,-29.49,134209,28,1.1104
457,-28.97,134243,34,1.2055
458,-28.78,134277,34,1.232
459,-30.32,134314,37,1.0697
460,-10.85,134483,169,1.2614
461,-31.21,134520,37,1.2357
462,-24.39,134641,121,1.3329
463,-28.57,134744,103,1.3002
464,-29.59,134778,34,1.1533
465,-9.47,134995,217,1.2168
466,-29.35,135032,37,1.0698
467,-16.36,135210,178,1.3212
468,-49.74,135580,370,1.2778
469,125.54,135660,80,1.1456
470,87.87,136523,863,1.2594
471,122.35,136663,140,1.3297
472,-12.59,136850,187,1.3223
473,-8.21,136944,94,1.211
474,-8.4,137026,82,1.1791
475,-10.9,137123,97,1.2002
476,-12.58,137235,112,1.2428
477,-7.62,137323,88,1.2727
478,106.25,137790,467,1.1885
479,120.31,137987,197,1.3252
480,-14.41,138099,112,1.3109
481,-10.02,138250,151,1.2438
482,-21.47,138365,115,1.243
483,-13.15,138519,154,1.2223
484,-12.16,138643,124,1.2644
485,-11.09,138725,82,1.1794
486,119.64,138928,203,1.3409
487,119.62,139128,200,1.1816
488,-12.0,139294,166,1.088
489,-15.83,139532,238,1.1664
490,-8.89,139626,94,1.0518
491,-8.87,139723,97,1.2999
492,-12.06,139895,172,1.1318
493,-8.21,139992,97,1.2813
494,-8.62,140083,91,1.16
495,-23.92,140180,97,1.2786
496,124.02,140323,143,1.3293
497,47.91,141957,1634,1.2753
498,-24.18,142441,484,1.2458
499,121.6,142629,188,1.1511
500,-277.38,145742,3113,1.2659
501,-11.19,145852,110,1.2238
502,-23.07,146249,397,1.2061
503,122.72,146380,131,1.2162
504,-20.66,146483,103,1.208
505,121.18,146650,167,1.2652
506,-10.34,146759,109,1.2912
507,-12.19,146859,100,1.2461
508,-14.07,147067,208,1.2911
509,112.19,147432,365,1.2371
510,-14.8,147691,259,1.2078
511,106.18,148191,500,1.2582
512,-11.56,148285,94,1.2101
513,-11.22,148496,211,1.1413
514,102.32,149053,557,1.2346
515,-12.69,149246,193,1.2412
516,-8.61,149367,121,1.2091
517,-13.77,149563,196,1.2722
518,-34.24,149912,349,1.2744
519,-15.83,150117,205,1.2048
520,-13.03,150202,85,1.262
521,-20.52,150404,202,1.2143
522,-15.82,150504,100,1.2655
523,-27.51,150907,403,1.2251
524,-21.29,151085,178,1.2657
525,-231.79,155085,4000,1.2574
526,-26.57,155440,355,1.3135
527,125.69,155538,98,1.1689
528,-10.49,155623,85,1.1028
529,105.45,156099,476,1.3209
530,-20.41,156298,199,1.3375
531,-51.7,156950,652,1.2391
532,-45.45,157398,448,1.2035
533,-29.62,157660,262,1.2223
534,69.11,158877,1217,1.2714
535,-31.93,159292,415,1.2746
536,-19.65,159392,100,1.2661
537,-67.33,160335,943,1.2819
538,-28.63,160564,229,1.2229
539,-12.9,160763,199,1.1248
540,-40.84,161223,460,1.2086
541,119.05,161438,215,1.2449
542,-13.57,161607,169,1.0698
543,-28.7,162061,454,1.2668
544,-15.85,162230,169,1.1902
545,-41.47,162783,553,1.2424
546,108.93,163211,428,1.2018
547,-27.97,163824,613,1.2708
548,-27.41,164287,463,1.3072
549,-28.64,164375,88,1.2558
550,-8.05,164457,82,1.1424
551,123.36,164576,119,1.0018
552,-11.87,164739,163,1.1184
553,-26.87,164935,196,1.257
554,-21.85,165152,217,1.304
555,-12.81,165246,94,1.105
556,-43.25,165898,652,1.2371
557,-25.89,165983,85,1.0469
558,-37.52,166470,487,1.139
559,-31.76,166642,172,1.2843
560,-24.95,166733,91,1.2832
561,-23.2,166803,70,1.1784
562,117.89,167030,227,1.2464
563,-27.57,167190,160,1.2779
564,-30.98,167281,91,1.2068
565,-55.49,168245,964,1.0431
566,-23.97,168342,97,0.9148
567,122.54,168491,149,0.802
568,-19.86,168762,271,0.8644
569,-23.2,168865,103,1.2443
570,-20.98,169052,187,1.1133
571,-24.23,169158,106,1.1045
572,-15.7,169408,250,1.1498
573,-30.98,169703,295,1.0928
574,-30.72,169923,220,1.1615
575,-14.61,170185,262,1.2039
576,-16.32,170285,100,1.171
577,-23.0,170376,91,1.1125
578,-24.88,170470,94,1.2725
579,-25.26,170564,94,1.0592
580,-25.36,170658,94,1.2918
581,-22.6,170776,118,0.9928
582,-25.06,170978,202,1.1998
583,-24.01,171078,100,1.2616
584,103.82,171587,509,1.1376
585,-31.01,171756,169,1.2276
586,-24.63,171865,109,1.1312
587,-70.31,172661,796,1.0492
588,-15.05,173004,343,1.1884
589,117.83,173252,248,1.1816
590,-19.97,173526,274,1.0927
591,123.01,173660,134,1.1593
592,-21.5,173781,121,0.9885
593,-35.98,174451,670,1.2485
594,122.4,174591,140,1.2047
595,121.02,174773,182,1.1977
596,-19.38,174966,193,1.163
597,122.93,175097,131,1.2494
598,-9.49,175317,220,0.9379
599,118.4,175547,230,1.0497
600,-13.13,175752,205,0.9145
601,-15.92,175934,182,1.0902
602,-26.26,176262,328,1.1984
1,-33.41,70,70,1.2965
2,-33.21,138,68,1.376
3,-35.25,214,76,1.2924
4,-33.4,284,70,1.1929
5,-32.08,352,68,1.4415
6,-32.19,422,70,1.3947
7,-32.79,490,68,1.4515
8,-39.07,582,92,1.3348
9,-36.98,663,81,1.3827
10,-32.24,730,67,1.2263
11,-32.54,800,70,1.2876
12,-33.15,870,70,1.2404
13,-33.53,940,70,1.0668
14,-31.6,1007,67,1.2756
15,-30.78,1074,67,1.1847
16,-31.35,1141,67,1.0725
17,-33.66,1211,70,1.2492
18,-41.52,1314,103,1.2754
19,-34.34,1386,72,0.9886
20,-31.79,1453,67,1.1245
21,-29.15,1512,59,1.1929
22,-32.17,1579,67,1.1937
23,-31.22,1646,67,1.2191
24,-27.12,1697,51,1.3812
25,-32.86,1765,68,1.559
26,-31.47,1830,65,1.3103
27,-31.98,1900,70,1.1283
28,-31.12,1967,67,1.3262
29,-29.74,2031,64,0.8948
30,-30.53,2098,67,1.2403
31,-27.11,2149,51,1.2707
32,-32.4,2219,70,1.2234
33,-37.64,2303,84,1.1801
34,-31.76,2368,65,1.6144
35,-31.92,2435,67,1.2341
36,-30.97,2500,65,1.4608
37,-31.16,2570,70,1.2323
38,-37.81,2659,89,0.9799
39,-31.97,2724,65,1.4116
40,-31.77,2791,67,1.279
41,-35.46,2866,75,1.1519
42,-33.69,2936,70,1.4045
43,-35.15,3009,73,1.329
44,-32.95,3077,68,1.4457
45,-36.71,3158,81,1.2135
46,-37.04,3239,81,1.5479
47,-32.64,3309,70,1.2462
48,-33.32,3381,72,0.8899
49,-34.82,3456,75,1.1268
50,-34.79,3529,73,1.382
51,-36.32,3605,76,1.4952
52,-31.95,3675,70,1.2835
53,-32.95,3743,68,1.4428
54,-37.85,3829,86,1.1391
55,-36.28,3909,80,0.8274
56,-33.81,3979,70,1.1384
57,-35.46,4055,76,1.3598
58,-33.65,4123,68,1.4888
59,-31.73,4190,67,1.1948
60,-34.84,4263,73,1.2663
61,-35.38,4336,73,1.4508
62,-35.62,4412,76,1.462
63,-34.78,4483,71,1.7006
64,-31.69,4553,70,1.3233
65,-31.88,4618,65,1.5094
66,-36.17,4694,76,1.4025
67,-33.92,4762,68,1.3931
68,-30.88,4827,65,1.4503
69,-29.93,4889,62,1.3662
70,-30.96,4954,65,1.513
71,-30.26,5011,57,1.2323
72,-69.05,5330,319,0.5677
73,-40.11,5397,67,0.5411
74,-29.88,5440,43,0.5421
75,-56.31,5549,109,0.5693
76,-61.28,5916,367,0.5624
77,-45.41,6004,88,0.5511
78,-52.68,6119,115,0.5656
79,-43.72,6195,76,0.549
80,-48.3,6280,85,0.5905
81,-34.68,6335,55,0.5788
82,-153.3,6762,427,0.5545
83,-34.8,6844,82,0.5676
84,-41.61,6944,100,0.5652
85,-82.5,7299,355,0.5609
86,30.21,7558,259,0.5765
87,-86.13,7778,220,0.5527
88,-94.08,8073,295,0.5733
89,-44.72,8338,265,0.5703
90,-68.04,8537,199,0.5796
91,-69.79,8739,202,0.5642
92,-25.54,8995,256,0.5745
93,-28.61,9077,82,0.5466
94,22.13,9480,403,0.5599
95,38.29,9595,115,0.5633
96,22.85,9980,385,0.5601
97,-40.92,10197,217,0.5561
98,-66.5,10495,298,0.5549
99,32.12,10682,187,0.5676
100,30.21,10899,217,0.5781
101,29.78,11149,250,0.5664
102,-20.32,11357,208,0.5974
103,36.08,11493,136,0.5921
104,-22.91,11707,214,0.5541
105,-22.74,11825,118,0.5748
106,35.76,11952,127,0.5988
107,-27.34,12208,256,0.5652
108,-16.84,12344,136,0.567
109,-16.57,12450,106,0.5839
110,-18.57,12568,118,0.5846
111,-21.68,12677,109,0.5522
112,36.35,12777,100,0.56
113,-16.86,12880,103,0.5793
114,38.23,12995,115,0.5533
115,32.81,13179,184,0.5847
116,-49.35,13387,208,0.586
117,37.78,13487,100,0.5706
118,39.34,13557,70,0.5737
119,40.23,13636,79,0.5464
120,37.26,13763,127,0.5718
121,39.82,13836,73,0.5906
122,40.38,13912,76,0.572
123,39.38,13985,73,0.5659
124,39.61,14058,73,0.5545
125,39.49,14137,79,0.6113
126,39.46,14213,76,0.5668
127,38.8,14292,79,0.5873
128,39.24,14371,79,0.5984
129,37.94,14456,85,0.573
130,39.39,14541,85,0.5544
131,38.35,14626,85,0.6139
132,37.65,14711,85,0.6492
133,37.57,14799,88,0.5858
134,-21.75,15046,247,0.5813
135,38.64,15134,88,0.6496
136,39.87,15207,73,0.8545
137,38.64,15289,82,0.7239
138,39.28,15368,79,0.8451
139,37.83,15456,88,0.593
140,35.75,15589,133,0.5929
141,39.13,15680,91,0.5583
142,38.16,15768,88,0.532
143,39.08,15859,91,0.5691
144,37.64,15956,97,0.5985
145,38.47,16053,97,0.57
146,38.07,16150,97,0.6983
147,39.71,16247,97,0.6186
148,37.66,16341,94,0.5534
149,38.61,16438,97,0.5487
150,37.04,16535,97,0.5807
151,37.95,16629,94,0.5864
152,37.12,16726,97,0.5725
153,-23.55,16835,109,0.5769
154,36.07,16935,100,0.5763
155,-24.58,17044,109,0.5533
156,38.81,17141,97,0.5454
157,38.13,17235,94,0.5707
158,39.04,17332,97,0.5721
159,38.36,17426,94,0.5637
160,36.73,17520,94,0.5813
161,-22.35,17629,109,0.5649
162,38.8,17723,94,0.5953
163,38.06,17823,100,0.5673
164,37.1,17932,109,0.5589
165,37.41,18026,94,0.5688
166,-14.82,18117,91,0.5739
167,-22.04,18223,106,0.5584
168,-27.14,18332,109,0.5547
169,36.43,18426,94,0.5432
170,-19.73,18529,103,0.5508
171,36.98,18626,97,0.5669
172,-15.05,18720,94,0.5524
173,-19.27,18817,97,0.5441
174,-16.93,18914,97,0.5691
175,-18.31,19023,109,0.5662
176,38.54,19129,106,0.5549
177,37.37,19235,106,0.6141
178,37.24,19356,121,0.6645
179,37.98,19456,100,0.5957
180,39.35,19550,94,0.5669
181,38.95,19656,106,0.5813
182,37.59,19759,103,0.5813
183,35.7,19862,103,0.5574
184,-14.86,19965,103,0.5657
185,-16.48,20068,103,0.5963
186,-16.68,20171,103,0.5647
187,38.42,20268,97,0.5624
188,-14.72,20359,91,0.6066
189,37.93,20459,100,0.5729
190,38.71,20559,100,0.5771
191,38.21,20650,91,0.6002
192,37.95,20756,106,0.5783
193,38.34,20856,100,0.5898
194,-31.31,21271,415,0.5815
195,36.91,21398,127,0.5748
196,38.41,21483,85,0.5801
197,38.57,21571,88,0.612
198,38.14,21674,103,0.5997
199,38.85,21765,91,0.5955
200,38.81,21856,91,0.5729
201,38.99,21953,97,0.5591
202,38.96,22050,97,0.5708
203,-251.58,26050,4000,0.5664
204,38.65,26150,100,0.5644
205,39.01,26241,91,0.5966
206,38.39,26332,91,0.5633
207,38.56,26414,82,0.5579
208,39.46,26493,79,0.5568
209,38.72,26581,88,0.5596
210,38.9,26669,88,0.5709
211,39.28,26754,85,0.5769
212,38.34,26839,85,0.5539
213,40.05,26927,88,0.5647
214,38.56,27018,91,0.5637
215,38.72,27100,82,0.5473
216,39.47,27191,91,0.5777
217,38.84,27279,88,0.5433
218,38.97,27364,85,0.5538
219,38.94,27446,82,0.5534
220,39.57,27528,82,0.5425
221,38.87,27610,82,0.54
222,39.37,27701,91,0.5903
223,39.15,27783,82,0.5839
224,38.56,27868,85,0.5561
225,38.27,27953,85,0.5592
226,38.2,28044,91,0.557
227,38.26,28129,85,0.5376
228,39.31,28214,85,0.5542
229,39.31,28299,85,0.552
230,39.03,28393,94,0.5934
231,38.84,28484,91,0.5882
232,38.91,28575,91,0.5673
233,38.3,28657,82,0.6286
234,38.96,28754,97,0.5711
235,38.52,28836,82,0.5701
236,39.14,28924,88,0.5564
237,38.89,29024,100,0.5707
238,38.28,29118,94,0.576
239,38.65,29218,100,0.5733
240,38.66,29309,91,0.5694
241,39.21,29406,97,0.5761
242,38.39,29491,85,0.5761
243,37.7,29594,103,0.5729
244,38.25,29685,91,0.5651
245,38.84,29776,91,0.5585
246,38.96,29873,97,0.5683
247,36.97,29982,109,0.5819
248,38.57,30082,100,0.5489
249,38.54,30176,94,0.5661
250,37.78,30270,94,0.5702
251,38.35,30361,91,0.5588
252,32.09,30515,154,0.5658
253,39.34,30615,100,0.5532
254,38.4,30706,91,0.5275
255,39.25,30797,91,0.5252
256,36.64,30903,106,0.5658
257,39.05,30997,94,0.5359
258,37.69,31091,94,0.5529
259,38.44,31185,94,0.5681
260,38.55,31276,91,0.5444
261,38.01,31370,94,0.5645
262,38.41,31470,100,0.5399
263,38.2,31576,106,0.5393
264,37.99,31673,97,0.5327
265,37.1,31788,115,0.5663
266,38.54,31882,94,0.5764
267,38.05,31982,100,0.5355
268,37.93,32094,112,0.5513
269,37.47,32197,103,0.5222
270,37.91,32300,103,0.589
271,38.11,32403,103,0.5409
272,37.84,32500,97,0.5923
273,38.29,32603,103,0.5582
274,38.36,32700,97,0.5548
275,38.42,32800,100,0.5612
276,38.72,32888,88,0.5504
277,39.24,32988,100,0.5993
278,39.3,33082,94,0.5666
279,38.51,33179,97,0.5799
280,39.41,33270,91,0.5576
281,39.66,33361,91,0.5917
282,38.48,33449,88,0.5586
283,39.16,33537,88,0.5486
284,39.2,33628,91,0.571
285,39.29,33716,88,0.5308
286,39.12,33810,94,0.5809
287,38.53,33907,97,0.5569
288,38.45,33992,85,0.5722
289,38.44,34083,91,0.5844
290,38.83,34168,85,0.5688
291,37.79,34262,94,0.5848
292,38.63,34359,97,0.5607
293,38.7,34453,94,0.5572
294,38.61,34547,94,0.5708
295,40.03,34635,88,0.5536
296,38.06,34729,94,0.5607
297,38.52,34814,85,0.581
298,38.9,34899,85,0.5462
299,38.6,34990,91,0.5496
300,39.27,35078,88,0.5602
301,38.65,35172,94,0.5633
302,38.1,35260,88,0.5788
303,38.79,35351,91,0.5579
304,38.18,35442,91,0.5801
305,39.19,35530,88,0.5699
306,39.43,35618,88,0.5465
307,38.42,35700,82,0.5736
308,38.35,35791,91,0.5482
309,38.99,35888,97,0.5564
310,37.96,35991,103,0.5625
311,36.66,36109,118,0.571
312,38.94,36203,94,0.5506
313,38.7,36300,97,0.5675
314,38.71,36391,91,0.5608
315,38.74,36491,100,0.5617
316,38.87,36585,94,0.5865
317,38.14,36670,85,0.5744
318,38.51,36764,94,0.5721
319,38.65,36849,85,0.555
320,39.34,36946,97,0.5974
321,38.31,37034,88,0.5607
322,38.97,37122,88,0.5685
323,38.07,37216,94,0.5833
324,38.95,37304,88,0.569
325,38.73,37389,85,0.6286
326,39.33,37486,97,0.5581
327,39.14,37574,88,0.5737
328,38.43,37665,91,0.55
329,38.66,37753,88,0.5737
330,38.39,37847,94,0.5706
331,39.38,37926,79,0.5515
332,38.95,38014,88,0.5643
333,38.01,38102,88,0.5829
334,39.87,38187,85,0.5498
335,39.37,38266,79,0.5382
336,38.62,38354,88,0.5548
337,38.14,38433,79,0.5604
338,38.55,38521,88,0.5597
339,39.54,38606,85,0.5558
340,38.38,38691,85,0.5768
341,37.58,38773,82,0.5636
342,38.13,38855,82,0.5657
343,38.95,38952,97,0.5566
344,38.11,39037,85,0.5768
345,39.64,39125,88,0.5856
346,38.2,39228,103,0.5637
347,38.8,39313,85,0.5804
348,39.2,39401,88,0.5883
349,37.33,39492,91,0.5805
350,38.17,39583,91,0.5543
351,38.44,39668,85,0.5803
352,38.34,39750,82,0.5509
353,38.55,39847,97,0.5598
354,38.55,39941,94,0.5601
355,39.01,40026,85,0.5664
356,37.85,40120,94,0.5444
357,38.77,40205,85,0.5494
358,39.63,40290,85,0.5548
359,38.68,40381,91,0.5737
360,38.38,40478,97,0.569
361,39.42,40563,85,0.5483
362,39.38,40645,82,0.5785
363,38.0,40733,88,0.5623
364,37.73,40821,88,0.5643
365,37.91,40909,88,0.5559
366,37.43,40997,88,0.5587
367,38.99,41085,88,0.5962
368,38.76,41170,85,0.5653
369,37.22,41279,109,0.5761
370,38.82,41364,85,0.5749
371,38.65,41461,97,0.5701
372,38.85,41552,91,0.5518
373,38.34,41640,88,0.5829
374,38.44,41728,88,0.5685
375,38.13,41816,88,0.5747
376,39.79,41907,91,0.5479
377,-13.98,41995,88,0.5479
378,38.63,42083,88,0.5782
379,38.4,42168,85,0.6284
380,37.01,42253,85,0.561
381,37.84,42341,88,0.5482
382,39.33,42435,94,0.5763
383,38.39,42526,91,0.5968
384,38.66,42629,103,0.5838
385,37.92,42735,106,0.5821
386,38.76,42823,88,0.6639
387,38.56,42917,94,0.732
388,39.06,42999,82,0.7826
389,37.58,43087,88,0.8481
390,38.03,43181,94,0.5716
391,38.52,43272,91,0.5794
392,39.05,43372,100,0.585
393,37.67,43457,85,0.571
394,38.45,43545,88,0.5722
395,38.61,43636,91,0.5639
396,37.88,43724,88,0.568
397,36.89,43815,91,0.6058
398,36.47,43906,91,0.5707
399,38.18,43994,88,0.5781
400,38.39,44079,85,0.6356
401,38.83,44164,85,0.5816
402,39.21,44264,100,0.5907
403,38.44,44358,94,0.584
404,38.67,44449,91,0.5796
405,38.38,44540,91,0.5533
406,37.78,44628,88,0.5787
407,38.02,44719,91,0.5698
408,37.71,44816,97,0.5848
409,37.75,44904,88,0.5951
410,36.59,44992,88,0.5651
411,38.28,45077,85,0.5526
412,37.28,45165,88,0.5839
413,36.64,45250,85,0.558
414,37.92,45335,85,0.5512
415,37.98,45426,91,0.5728
416,38.84,45517,91,0.5703
417,37.65,45605,88,0.5749
418,37.02,45696,91,0.5911
419,38.85,45790,94,0.5468
420,-14.46,45881,91,0.5576
421,38.08,45969,88,0.5652
422,37.74,46057,88,0.5827
423,38.8,46148,91,0.5525
424,37.66,46236,88,0.5743
425,39.09,46330,94,0.5863
426,38.07,46421,91,0.5692
427,36.36,46515,94,0.5717
428,38.81,46612,97,0.5608
429,39.01,46700,88,0.5787
430,38.53,46791,91,0.583
431,37.55,46885,94,0.5629
432,38.39,46976,91,0.5637
433,36.44,47100,124,0.5525
434,38.08,47188,88,0.5817
435,38.13,47276,88,0.5819
436,38.74,47376,100,0.5722
437,39.18,47470,94,0.5549
438,37.43,47564,94,0.644
439,37.93,47652,88,0.565
440,38.79,47746,94,0.5719
441,38.41,47828,82,0.5615
442,38.46,47916,88,0.5597
443,38.32,48004,88,0.5623
444,38.54,48089,85,0.5647
445,38.95,48180,91,0.5624
446,38.62,48277,97,0.5285
447,38.24,48374,97,0.5416
448,36.34,48468,94,0.5798
449,38.15,48568,100,0.582
450,37.89,48659,91,0.576
451,38.21,48750,91,0.5522
452,38.15,48847,97,0.5787
453,-14.53,48944,97,0.56
454,38.48,49041,97,0.5671
455,38.55,49135,94,0.6164
456,38.7,49226,91,0.5517
457,38.07,49314,88,0.5764
458,39.0,49414,100,0.5705
459,37.96,49508,94,0.6652
460,39.03,49602,94,0.5549
461,38.05,49693,91,0.5447
462,38.48,49790,97,0.5559
463,37.68,49890,100,0.5805
464,-14.3,49990,100,0.6399
465,38.02,50081,91,0.5559
466,39.1,50172,91,0.5847
467,38.45,50266,94,0.5743
468,34.38,50411,145,0.5513
469,38.43,50502,91,0.5595
470,37.97,50596,94,0.5614
471,37.8,50687,91,0.5626
472,37.73,50781,94,0.565
473,38.02,50869,88,0.5902
474,39.46,50966,97,0.5481
475,38.7,51060,94,0.5561
476,38.24,51148,88,0.5553
477,37.31,51239,91,0.5697
478,38.53,51333,94,0.5967
479,37.95,51439,106,0.5694
480,38.49,51533,94,0.5549
481,39.28,51624,91,0.5827
482,39.14,51721,97,0.5631
483,38.53,51812,91,0.5562
484,38.13,51900,88,0.548
485,37.64,51994,94,0.5734
486,36.92,52085,91,0.57
487,38.97,52173,88,0.5836
488,39.2,52261,88,0.5669
489,38.02,52358,97,0.5603
490,38.67,52443,85,0.5507
491,34.62,52579,136,0.5399
492,37.7,52667,88,0.5688
493,38.6,52764,97,0.5883
494,39.59,52861,97,0.5816
495,38.26,52949,88,0.6111
496,38.66,53034,85,0.508
497,38.36,53125,91,0.5588
498,37.84,53213,88,0.5827
499,37.81,53307,94,0.5643
500,38.34,53407,100,0.5648
501,38.45,53513,106,0.6322
502,37.25,53610,97,0.6426
503,37.84,53698,88,0.6899
504,37.63,53789,91,0.6084
505,38.88,53877,88,0.5566
506,38.54,53971,94,0.5552
507,38.66,54074,103,0.6012
508,38.54,54174,100,0.6202
509,39.08,54265,91,0.579
510,37.01,54356,91,0.5657
511,38.09,54456,100,0.5446
512,38.53,54550,94,0.5665
513,38.8,54638,88,0.5478
514,39.1,54729,91,0.5626
515,32.0,54886,157,0.5644
516,38.67,54971,85,0.556
517,39.4,55065,94,0.5463
518,37.59,55165,100,0.656
519,38.46,55268,103,0.679
520,39.6,55356,88,0.6141
521,39.64,55444,88,0.5365
522,38.91,55535,91,0.5558
523,38.08,55623,88,0.5481
524,38.9,55717,94,0.5749
525,39.42,55814,97,0.5688
526,37.58,55914,100,0.5883
527,37.11,56017,103,0.5857
528,37.72,56120,103,0.611
529,21.47,56484,364,0.5649
530,38.99,56581,97,0.5619
531,38.49,56672,91,0.5671
532,37.72,56769,97,0.6086
533,38.18,56869,100,0.5719
534,38.85,56966,97,0.6317
535,39.17,57066,100,0.5602
536,37.97,57172,106,0.563
537,38.9,57269,97,0.5709
538,38.68,57375,106,0.6031
539,38.89,57475,100,0.5758
540,38.09,57572,97,0.6871
541,38.5,57669,97,0.6527
542,37.47,57778,109,0.602
543,38.02,57878,100,0.5729
544,38.39,57981,103,0.565
545,38.27,58075,94,0.6129
546,38.35,58184,109,0.6202
547,37.64,58284,100,0.5896
548,39.35,58378,94,0.5719
549,36.37,58475,97,0.5912
550,39.21,58569,94,0.5771
551,38.81,58669,100,0.5724
552,38.61,58769,100,0.5663
553,35.95,58869,100,0.63
554,37.69,58990,121,0.6278
555,38.48,59087,97,0.5783
556,37.36,59190,103,0.6161
557,38.32,59284,94,0.5806
558,38.81,59381,97,0.5719
559,-18.54,59496,115,0.707
560,23.73,59854,358,0.5837
561,38.53,59948,94,0.5468
562,38.1,60054,106,0.6267
563,37.74,60172,118,0.5664
564,37.39,60278,106,0.593
565,38.21,60375,97,0.5547
566,38.94,60469,94,0.5568
567,39.84,60560,91,0.562
568,39.5,60654,94,0.5484
569,38.71,60754,100,0.5863
570,37.96,60848,94,0.5846
571,39.35,60939,91,0.5932
572,39.2,61030,91,0.574
573,37.12,61139,109,0.572
574,39.36,61233,94,0.5915
575,38.88,61333,100,0.5837
576,38.85,61427,94,0.5703
577,38.27,61530,103,0.6027
578,39.43,61624,94,0.5669
579,38.92,61724,100,0.5817
580,38.81,61818,94,0.596
581,32.12,61978,160,0.5871
582,39.27,62078,100,0.5807
583,38.69,62172,94,0.5821
584,38.99,62272,100,0.5637
585,38.56,62369,97,0.5907
586,38.53,62469,100,0.5424
587,38.45,62563,94,0.5793
588,38.83,62660,97,0.5548
589,38.82,62754,94,0.6214
590,38.82,62845,91,0.5796
591,38.86,62936,91,0.5647
592,38.19,63027,91,0.5855
593,39.11,63118,91,0.5768
594,38.38,63215,97,0.5917
595,38.28,63315,100,0.5936
596,39.02,63412,97,0.5856
597,39.36,63509,97,0.5813
598,37.17,63624,115,0.5722
599,38.25,63715,91,0.5598
600,38.99,63800,85,0.5709
601,38.17,63906,106,0.5739
602,39.11,64003,97,0.5702
603,37.14,64115,112,0.5887
604,39.23,64203,88,0.5811
605,38.92,64291,88,0.5576
606,38.65,64394,103,0.5666
607,38.96,64491,97,0.5705
608,38.35,64594,103,0.5537
609,36.32,64724,130,0.6464
610,38.46,64821,97,0.5979
611,38.13,64918,97,0.5758
612,37.82,65006,88,0.5991
613,38.54,65100,94,0.6651
614,38.24,65191,91,0.568
615,38.7,65291,100,0.6829
616,38.55,65391,100,0.6539
617,38.9,65491,100,0.6884
618,38.87,65585,94,0.5744
619,38.13,65676,91,0.562
620,38.56,65776,100,0.6358
621,38.81,65879,103,0.5712
622,37.72,65982,103,0.5459
623,38.75,66085,103,0.5633
624,36.46,66197,112,0.5714
625,37.86,66288,91,0.6517
626,38.71,66379,91,0.5921
627,39.06,66476,97,0.6414
628,38.74,66567,91,0.6213
629,38.4,66658,91,0.5651
630,33.58,66812,154,0.5698
631,38.71,66912,100,0.5548
632,38.25,67018,106,0.5608
633,38.41,67118,100,0.5541
634,38.14,67224,106,0.5856
635,37.27,67336,112,0.56
636,37.76,67430,94,0.5652
637,38.96,67530,100,0.5745
638,37.94,67636,106,0.5705
639,38.02,67733,97,0.5851
640,38.38,67836,103,0.5919
641,38.43,67936,100,0.5694
642,38.76,68036,100,0.5794
643,38.39,68133,97,0.545
644,39.29,68230,97,0.5849
645,37.76,68321,91,0.5885
646,38.31,68412,91,0.5589
647,38.51,68512,100,0.5843
648,37.14,68609,97,0.5691
649,37.85,68703,94,0.5681
650,37.15,68818,115,0.5578
651,37.48,68924,106,0.6058
652,37.81,69027,103,0.5668
653,38.5,69121,94,0.5754
654,37.54,69236,115,0.5664
655,37.04,69348,112,0.5662
656,38.09,69451,103,0.5885
657,38.81,69548,97,0.564
658,33.52,69702,154,0.5657
659,38.57,69817,115,0.5513
660,38.68,69917,100,0.5607
661,38.1,70020,103,0.5716
662,37.23,70147,127,0.5687
663,38.13,70253,106,0.5679
664,38.18,70353,100,0.5991
665,30.86,70546,193,0.5798
666,38.02,70649,103,0.5951
667,38.12,70746,97,0.5542
668,38.8,70840,94,0.5556
669,-66.26,71270,430,0.5732
670,39.02,71361,91,0.5583
671,37.33,71485,124,0.5627
672,38.42,71573,88,0.573
673,39.12,71673,100,0.5763
674,39.2,71770,97,0.5647
675,38.86,71870,100,0.5774
676,36.57,71994,124,0.5624
677,22.12,72397,403,0.5714
678,39.07,72494,97,0.5766
679,39.2,72591,97,0.6134
680,37.99,72700,109,0.591
681,37.97,72803,103,0.5643
682,38.15,72906,103,0.5729
683,38.84,73000,94,0.5806
684,37.6,73121,121,0.5508
685,37.72,73221,100,0.5821
686,38.79,73318,97,0.6047
687,38.47,73409,91,0.5957
688,37.88,73500,91,0.5715
689,37.86,73600,100,0.5571
690,37.61,73697,97,0.5474
691,38.13,73794,97,0.5903
692,38.56,73894,100,0.6103
693,37.99,73988,94,0.568
694,36.7,74115,127,0.5656
695,38.69,74209,94,0.5624
696,37.81,74300,91,0.5675
697,36.88,74412,112,0.571
698,38.92,74509,97,0.5878
699,37.76,74600,91,0.5501
700,37.34,74706,106,0.5633
701,37.56,74800,94,0.5579
702,37.44,74903,103,0.5633
703,38.2,75003,100,0.5489
704,38.53,75094,91,0.5834
705,39.07,75185,91,0.5784
706,38.72,75276,91,0.6037
707,38.97,75364,88,0.5661
708,38.35,75458,94,0.5779
709,38.34,75540,82,0.5521
710,38.85,75628,88,0.551
711,39.07,75713,85,0.5562
712,38.46,75798,85,0.5706
713,38.84,75886,88,0.5819
714,38.63,75971,85,0.5454
715,38.8,76059,88,0.5779
716,38.51,76153,94,0.5845
717,39.08,76241,88,0.5584
718,37.99,76329,88,0.5799
719,38.81,76417,88,0.5911
720,38.26,76505,88,0.5815
721,38.2,76593,88,0.5603
722,38.13,76690,97,0.5796
723,37.89,76787,97,0.5823
724,38.28,76884,97,0.6777
725,39.16,76975,91,0.5752
726,38.72,77066,91,0.6007
727,37.97,77157,91,0.5852
728,38.75,77248,91,0.5804
729,38.43,77342,94,0.5785
730,37.89,77430,88,0.5755
731,37.51,77518,88,0.5648
732,37.74,77624,106,0.578
733,39.28,77718,94,0.5463
734,39.26,77809,91,0.5642
735,39.43,77897,88,0.6361
736,38.36,77991,94,0.5734
737,39.01,78082,91,0.5683
738,37.95,78182,100,0.6022
739,37.61,78279,97,0.5571
740,38.04,78373,94,0.5917
741,38.83,78467,94,0.5721
742,33.27,78630,163,0.5782
743,38.0,78721,91,0.5627
744,38.78,78809,88,0.5586
745,38.43,78906,97,0.5623
746,38.54,79000,94,0.5418
747,38.12,79100,100,0.6236
748,38.33,79200,100,0.5525
749,38.53,79291,91,0.5864
750,38.96,79382,91,0.5738
751,38.28,79488,106,0.5653
752,38.76,79579,91,0.5796
753,38.58,79673,94,0.5483
754,37.98,79773,100,0.5661
755,38.3,79873,100,0.5859
756,36.91,79970,97,0.6566
757,38.31,80067,97,0.6705
758,38.45,80167,100,0.6643
759,37.88,80264,97,0.655
760,37.46,80361,97,0.6552
761,38.5,80458,97,0.6881
762,39.04,80552,94,0.5609
763,37.58,80646,94,0.561
764,38.02,80746,100,0.5844
765,39.13,80843,97,0.6295
766,-14.46,80943,100,0.6036
767,38.29,81037,94,0.6726
768,38.57,81131,94,0.6496
769,37.37,81228,97,0.6333
770,38.25,81328,100,0.6294
771,38.08,81425,97,0.6206
772,38.17,81534,109,0.5766
773,38.66,81637,103,0.5678
774,37.33,81737,100,0.5872
775,33.83,81891,154,0.6107
776,38.02,81991,100,0.7316
777,34.16,82151,160,0.6949
778,39.14,82245,94,0.6225
779,36.99,82354,109,0.5717
780,33.87,82514,160,0.5826
781,38.68,82605,91,0.5796
782,38.31,82702,97,0.5792
783,38.17,82793,91,0.5679
784,39.03,82896,103,0.5704
785,38.98,82987,91,0.5848
786,37.83,83081,94,0.5616
787,38.25,83175,94,0.5651
788,38.99,83272,97,0.5855
789,38.31,83372,100,0.5691
790,36.02,83499,127,0.5773
791,35.15,83626,127,0.5636
792,-38.9,84188,562,0.5593
793,38.93,84279,91,0.5583
794,37.78,84379,100,0.5591
795,38.29,84470,91,0.5726
796,37.36,84594,124,0.5653
797,38.51,84694,100,0.5966
798,38.63,84788,94,0.5663
799,37.9,84888,100,0.5576
800,38.44,84979,91,0.6163
801,34.64,85133,154,0.5425
802,38.17,85227,94,0.5949
803,37.89,85321,94,0.564
804,37.63,85412,91,0.5663
805,37.75,85506,94,0.5615
806,37.88,85600,94,0.5563
807,38.58,85694,94,0.5748
808,37.61,85785,91,0.5663
809,38.71,85882,97,0.5862
810,36.43,85976,94,0.5806
811,39.25,86067,91,0.5666
812,37.76,86164,97,0.5783
813,37.91,86270,106,0.6003
814,36.2,86364,94,0.5654
815,38.27,86467,103,0.5592
816,37.9,86567,100,0.6449
817,37.16,86679,112,0.5677
818,36.81,86797,118,0.5954
819,38.04,86909,112,0.6277
820,37.88,87006,97,0.6643
821,37.15,87118,112,0.5886
822,38.79,87221,103,0.5894
823,-17.84,87327,106,0.6679
824,36.07,87463,136,0.5643
825,37.91,87581,118,0.5613
826,38.04,87681,100,0.5564
827,36.03,87778,97,0.557
828,38.1,87875,97,0.5634
829,37.81,87969,94,0.5586
830,37.84,88066,97,0.5863
831,38.21,88163,97,0.542
832,38.94,88257,94,0.5687
833,37.99,88351,94,0.5665
834,38.22,88445,94,0.5672
835,37.85,88542,97,0.5676
836,38.54,88642,100,0.5867
837,37.79,88742,100,0.5359
838,36.62,88854,112,0.557
839,37.46,88957,103,0.5786
840,38.88,89051,94,0.6032
841,37.04,89154,103,0.558
842,36.25,89290,136,0.5599
843,38.28,89384,94,0.5541
844,38.34,89481,97,0.5677
845,37.74,89578,97,0.5638
846,39.2,89675,97,0.5514
847,37.62,89781,106,0.574
848,37.46,89878,97,0.5755
849,-15.06,89975,97,0.5726
850,37.78,90072,97,0.5646
851,38.64,90169,97,0.5752
852,38.2,90266,97,0.5969
853,38.06,90375,109,0.5406
854,37.86,90478,103,0.5487
855,36.82,90569,91,0.5636
856,38.55,90663,94,0.5584
857,38.26,90754,91,0.5555
858,34.68,90905,151,0.5654
859,37.64,90999,94,0.5686
860,37.74,91102,103,0.6353
861,37.64,91202,100,0.5812
862,38.08,91296,94,0.5572
863,39.0,91390,94,0.5432
864,37.57,91484,94,0.5852
865,-14.56,91584,100,0.5802
866,38.07,91690,106,0.5832
867,37.82,91787,97,0.5823
868,37.98,91884,97,0.5652
869,37.26,91987,103,0.6777
870,37.54,92084,97,0.5693
871,36.57,92178,94,0.5624
872,38.38,92281,103,0.5525
873,37.62,92378,97,0.5461
874,38.0,92481,103,0.5887
875,36.91,92584,103,0.5745
876,-14.99,92684,100,0.5581
877,37.05,92781,97,0.5699
878,37.37,92887,106,0.6006
879,37.35,92981,94,0.5496
880,38.04,93081,100,0.5513
881,38.14,93181,100,0.5914
882,38.76,93278,97,0.5665
883,39.01,93372,94,0.6
884,38.22,93475,103,0.6003
885,-14.97,93578,103,0.575
886,38.76,93681,103,0.557
887,38.32,93778,97,0.581
888,37.23,93887,109,0.622
889,37.8,93996,109,0.5855
890,37.96,94093,97,0.5797
891,38.53,94187,94,0.5632
892,38.54,94287,100,0.5649
893,38.46,94387,100,0.5627
894,38.12,94490,103,0.5657
895,37.11,94602,112,0.5747
896,39.1,94699,97,0.5571
897,37.38,94796,97,0.5678
898,38.19,94896,100,0.5939
899,37.88,95011,115,0.5584
900,-71.8,95291,280,0.5799
901,38.29,95391,100,0.5837
902,38.27,95488,97,0.5527
903,38.12,95588,100,0.5661
904,36.97,95697,109,0.552
905,38.15,95800,103,0.564
906,37.48,95900,100,0.5714
907,38.51,96003,103,0.6102
908,37.19,96103,100,0.5907
909,38.17,96203,100,0.6399
910,38.47,96306,103,0.6838
911,37.85,96409,103,0.568
912,38.81,96506,97,0.6234
913,38.62,96603,97,0.5698
914,38.53,96700,97,0.5742
915,38.37,96800,100,0.5331
916,38.66,96897,97,0.576
917,38.39,96997,100,0.569
918,37.8,97100,103,0.5855
919,38.35,97200,100,0.5673
920,34.91,97339,139,0.5758
921,37.89,97436,97,0.5995
922,38.17,97536,100,0.6278
923,38.83,97633,97,0.5999
924,39.47,97730,97,0.5586
925,37.79,97854,124,0.5763
926,38.66,97948,94,0.5893
927,37.96,98048,100,0.5769
928,38.62,98145,97,0.5759
929,-14.27,98242,97,0.5952
930,37.9,98354,112,0.5671
931,37.07,98466,112,0.5572
932,38.15,98563,97,0.591
933,38.81,98660,97,0.5706
934,38.43,98754,94,0.5667
935,38.28,98854,100,0.5718
936,37.67,98945,91,0.5617
937,37.89,99039,94,0.6756
938,36.15,99166,127,0.5507
939,37.84,99263,97,0.5598
940,38.49,99360,97,0.5644
941,37.44,99460,100,0.5849
942,36.39,99557,97,0.5618
943,37.4,99675,118,0.5826
944,38.15,99775,100,0.564
945,38.25,99890,115,0.5558
946,37.16,99981,91,0.5743
947,37.95,100075,94,0.5777
948,38.45,100169,94,0.552
949,38.45,100263,94,0.5733
950,38.04,100360,97,0.5894
951,36.57,100469,109,0.5645
952,38.66,100569,100,0.5685
953,38.27,100660,91,0.5448
954,38.03,100760,100,0.5791
955,33.93,100923,163,0.563
956,38.37,101026,103,0.591
957,37.66,101147,121,0.5803
958,38.28,101244,97,0.558
959,38.21,101344,100,0.5712
960,38.19,101444,100,0.5659
961,39.35,101538,94,0.5601
962,36.97,101638,100,0.5623
963,37.88,101744,106,0.561
964,38.09,101835,91,0.5489
965,37.09,101932,97,0.578
966,38.03,102026,94,0.6408
967,37.82,102123,97,0.5384
968,37.87,102223,100,0.5507
969,38.55,102320,97,0.5807
970,38.45,102423,103,0.5526
971,38.39,102526,103,0.5719
972,38.45,102620,94,0.587
973,38.21,102717,97,0.5819
974,36.6,102811,94,0.5491
975,38.01,102905,94,0.554
976,36.77,102996,91,0.5554
977,37.99,103093,97,0.5697
978,38.7,103190,97,0.5531
979,38.22,103281,91,0.5583
980,38.11,103375,94,0.5637
981,38.34,103469,94,0.5866
982,37.82,103566,97,0.5802
983,38.13,103657,91,0.5744
984,38.65,103760,103,0.5768
985,38.77,103857,97,0.5583
986,30.03,104131,274,0.5696
987,37.08,104240,109,0.5781
988,39.01,104337,97,0.5636
989,38.52,104431,94,0.5384
990,39.02,104525,94,0.5565
991,39.13,104619,94,0.5643
992,33.85,104779,160,0.5548
993,-46.6,105023,244,0.5559
994,39.47,105126,103,0.5552
995,39.17,105217,91,0.5545
996,38.87,105314,97,0.5948
997,31.78,105498,184,0.5626
998,38.48,105592,94,0.564
999,38.29,105695,103,0.5771
1000,33.55,105843,148,0.5832
1001,38.03,105943,100,0.588
1002,38.04,106037,94,0.5698
1003,34.0,106191,154,0.5611
1004,36.32,106303,112,0.5736
1005,38.25,106400,97,0.5725
1006,38.74,106494,94,0.5549
1007,38.97,106594,100,0.5844
1008,28.72,106901,307,0.5583
1009,38.54,107001,100,0.5778
1010,38.24,107107,106,0.5606
1011,36.78,107207,100,0.5716
1012,37.74,107307,100,0.5749
1013,37.22,107407,100,0.5869
1014,37.01,107513,106,0.59
1015,36.8,107625,112,0.5709
1016,38.22,107725,100,0.5794
1017,38.34,107825,100,0.5378
1018,38.2,107925,100,0.5561
1019,38.73,108019,94,0.5658
1020,37.32,108137,118,0.5582
1021,37.62,108264,127,0.594
1022,37.43,108373,109,0.5917
1023,37.99,108497,124,0.5734
1024,37.05,108612,115,0.561
1025,28.83,108907,295,0.5622
1026,38.13,109010,103,0.5728
1027,37.26,109140,130,0.5702
1028,37.68,109252,112,0.5627
1029,37.19,109361,109,0.6006
1030,29.99,109641,280,0.5637
1031,37.06,109759,118,0.5678
1032,37.77,109865,106,0.5552
1033,37.6,109992,127,0.5679
1034,37.21,110098,106,0.5539
1035,-133.38,112250,2152,0.5484
1036,34.77,112404,154,0.5807
1037,37.57,112522,118,0.6002
1038,26.67,112853,331,0.5605
1039,38.82,112968,115,0.5548
1040,36.5,113092,124,0.5632
1041,36.74,113201,109,0.5609
1042,37.65,113310,109,0.5835
1043,38.36,113428,118,0.5608
1044,-16.62,113543,115,0.5661
1045,18.16,114027,484,0.5642
1046,-27.79,114073,46,0.5572
1047,-26.05,114284,211,0.5791
1048,37.72,114408,124,0.5542
1049,24.04,114745,337,0.559
1050,38.02,114860,115,0.5415
1051,37.1,114966,106,0.5455
1052,33.68,115132,166,0.5591
1053,38.6,115238,106,0.5564
1054,38.17,115347,109,0.5482
1055,-114.76,117454,2107,0.5503
1056,38.03,117557,103,0.5531
1057,38.75,117672,115,0.5599
1058,-96.19,118672,1000,0.5517
1059,37.77,118778,106,0.5525
1060,37.6,118875,97,0.5491
1061,38.37,118984,109,0.5422
1062,-67.87,119387,403,0.5416
1063,30.88,119598,211,0.5353
1064,-20.52,119800,202,0.5654
1065,35.47,119957,157,0.5824
1066,-20.47,120075,118,0.5823
1067,-18.23,120193,118,0.564
1068,37.01,120329,136,0.5637
1069,36.58,120456,127,0.5771
1070,-20.49,120577,121,0.5577
1071,31.62,120767,190,0.566
1072,-19.32,120876,109,0.5686
1073,-18.02,121006,130,0.567
1074,-20.5,121136,130,0.5464
1075,-15.24,121242,106,0.5515
1076,-18.15,121354,112,0.5716
1077,-22.17,121472,118,0.5811
1078,-16.77,121572,100,0.5613
1079,-18.46,121675,103,0.5561
1080,-17.56,121787,112,0.5801
1081,-19.44,121893,106,0.5627
1082,-20.21,122008,115,0.5741
1083,38.65,122117,109,0.5853
1084,-19.3,122223,106,0.5325
1085,-18.16,122326,103,0.5464
1086,-21.34,122441,115,0.5589
1087,-19.31,122547,106,0.5543
1088,-18.8,122665,118,0.5784
1089,-19.63,122786,121,0.5466
1090,-24.28,123003,217,0.5559
1091,-20.45,123118,115,0.5411
1092,-21.3,123230,112,0.5587
1093,-27.71,123354,124,0.5363
1094,-21.12,123472,118,0.563
1095,-22.0,123590,118,0.5873
1096,-16.29,123711,121,0.5608
1097,-27.47,123835,124,0.5694
1098,-23.77,123953,118,0.5757
1099,-21.29,124074,121,0.5647
1100,-30.94,124216,142,0.551
1101,-33.5,124352,136,0.561
1102,-18.31,124506,154,0.5723
1103,37.25,124621,115,0.5478
1104,36.72,124748,127,0.5657
1105,37.04,124872,124,0.568
1106,-23.99,124993,121,0.5936
1107,35.96,125108,115,0.5767
1108,-62.98,125361,253,0.5696
1109,35.45,125491,130,0.5582
1110,-18.43,125639,148,0.5649
1111,-35.35,125760,121,0.5313
1112,-256.82,129760,4000,0.5527
1113,25.47,130109,349,0.5832
1114,-38.91,130608,499,0.5841
1115,36.85,130726,118,0.5871
1116,33.29,130892,166,0.5857
1117,-125.64,132003,1111,0.5617
1118,-73.14,132568,565,0.5524
1119,-63.18,133586,1018,0.5629
1120,34.87,133752,166,0.5488
1121,-57.35,134089,337,0.5596
1122,-106.46,134672,583,0.5575
1123,34.23,134805,133,0.5586
1124,35.2,134926,121,0.5883
1125,15.55,135491,565,0.5578
1126,35.61,135603,112,0.5602
1127,37.27,135715,112,0.5747
1128,-17.32,135842,127,0.5908
1129,35.76,135954,112,0.5688
1130,22.86,136315,361,0.5655
1131,-39.27,136898,583,0.5504
1132,38.87,136998,100,0.5407
1133,36.4,137107,109,0.5824
1134,36.26,137207,100,0.5708
1135,38.32,137307,100,0.5591
1136,39.06,137407,100,0.5472
1137,39.17,137501,94,0.5809
1138,37.87,137619,118,0.5377
1139,-20.42,137728,109,0.5348
1140,37.69,137819,91,0.5992
1141,37.38,137919,100,0.5584
1142,38.58,138013,94,0.5562
1143,38.89,138110,97,0.5717
1144,38.53,138210,100,0.5563
1145,38.93,138301,91,0.5567
1146,37.63,138407,106,0.5624
1147,33.51,138558,151,0.5496
1148,37.78,138664,106,0.5378
1149,36.09,138773,109,0.5689
1150,33.88,138927,154,0.5653
1151,-27.05,139156,229,0.5493
1152,38.44,139259,103,0.5477
1153,-36.65,139797,538,0.5524
1154,-20.81,139912,115,0.5642
1155,-34.38,140069,157,0.5993
1156,-23.11,140223,154,0.5662
1157,39.04,140317,94,0.5556
1158,36.1,140420,103,0.5682
1159,38.83,140517,97,0.5751
1160,38.26,140608,91,0.5671
1161,38.77,140705,97,0.5423
1162,37.66,140814,109,0.574
1163,36.89,140926,112,0.5622
1164,38.37,141020,94,0.5806
1165,-13.88,141108,88,0.5338
1166,30.74,141319,211,0.5957
1167,32.33,141515,196,0.5702
1168,-34.99,141669,154,0.5513
1169,37.53,141766,97,0.5404
1170,38.86,141863,97,0.5377
1171,38.28,141978,115,0.5495
1172,38.46,142075,97,0.551
1173,-96.89,143273,1198,0.5537
1174,38.58,143388,115,0.5659
1175,36.68,143494,106,0.5531
1176,-65.93,144020,526,0.5473
1177,33.35,144234,214,0.5564
1178,33.65,144391,157,0.5771
1179,-42.11,144776,385,0.5437
1180,-113.61,145857,1081,0.5461
1181,-16.18,145987,130,0.5514
1182,-31.01,146048,61,0.5476
1183,-31.33,146109,61,0.5829
1184,-29.62,146167,58,0.5668
1185,8.81,146852,685,0.5661
1186,-68.68,147267,415,0.5644
1187,29.12,147493,226,0.5834
1188,24.84,147872,379,0.563
1189,-62.8,148245,373,0.5438
1190,29.96,148534,289,0.5577
1191,-86.71,149087,553,0.5547
1192,-97.0,149937,850,0.5728
1193,38.25,150049,112,0.5794
1194,-273.76,154049,4000,0.5533
1195,-75.05,154698,649,0.5719
1196,13.37,155317,619,0.5715
1197,35.45,155456,139,0.56
1198,-233.52,159456,4000,0.5548
1199,2.47,160252,796,0.5523
1200,-165.02,162491,2239,0.5536
1201,14.49,163083,592,0.5657
1202,7.05,163777,694,0.5522
1203,-68.92,164027,250,0.5438
1204,-15.76,165195,1168,0.5538
1205,37.67,165319,124,0.572
1206,33.53,165479,160,0.607
1207,-42.68,167178,1699,0.555
1208,37.15,167308,130,0.5542
1209,33.55,167474,166,0.5722
1210,-14.46,167571,97,0.5607
1211,35.1,167713,142,0.5533
1212,29.99,167969,256,0.5519
1213,39.23,168054,85,0.5658
1214,38.91,168145,91,0.5421
1215,38.34,168233,88,0.5643
1216,38.67,168327,94,0.5452
1217,38.08,168418,91,0.5682
1218,38.67,168515,97,0.5573
1219,38.97,168615,100,0.5706
1220,39.39,168703,88,0.5688
1221,39.26,168794,91,0.5519
1222,38.9,168894,100,0.5537
1223,38.07,169009,115,0.5634
1224,38.4,169097,88,0.5629
1225,38.83,169197,100,0.5707
1226,38.41,169300,103,0.5461
1227,37.1,169418,118,0.5468
1228,37.65,169512,94,0.5514
1229,-20.07,169648,136,0.5761
1230,37.24,169766,118,0.5437
1231,3.46,170538,772,0.5529
1232,37.19,170644,106,0.5566
1233,36.24,170768,124,0.5379
1234,-10.15,171837,1069,0.5674
1235,36.88,171946,109,0.5636
1236,38.77,172043,97,0.5332
1237,37.95,172143,100,0.547
1238,37.49,172255,112,0.5325
1239,38.88,172352,97,0.5574
1240,37.69,172455,103,0.5448
1241,34.96,172594,139,0.5727
1242,36.75,172712,118,0.576
1243,37.27,172842,130,0.5317
1244,36.37,172951,109,0.5586
1245,38.09,173072,121,0.5787
1246,37.22,173184,112,0.5516
1247,36.06,173296,112,0.5545
1248,36.64,173414,118,0.5552
1249,37.52,173517,103,0.5814
1250,36.8,173626,109,0.5461
1251,37.08,173738,112,0.5351
1252,37.44,173838,100,0.55
1253,-146.16,175648,1810,0.5634
1254,-22.57,175859,211,0.5617
1255,-92.15,176508,649,0.5482
1256,-21.09,176707,199,0.5816
1257,-97.16,177242,535,0.5487
1258,36.02,177372,130,0.58
1259,34.31,177517,145,0.5532
1260,-23.82,178868,1351,0.5577
1261,27.13,179199,331,0.5891
1262,-31.99,179614,415,0.5514
1263,32.99,179801,187,0.5537
1264,39.0,179895,94,0.5693
1265,37.42,180007,112,0.5577
1266,39.58,180095,88,0.5738
1267,35.58,180228,133,0.5606
1268,32.37,180424,196,0.5684
1269,38.52,180521,97,0.5625
1270,-2.98,181431,910,0.5526
1271,38.92,181534,103,0.5732
1272,35.9,181667,133,0.5462
1273,37.47,181770,103,0.542
1274,36.0,181891,121,0.5427
1275,28.58,182144,253,0.5709
1276,37.75,182250,106,0.5837
1277,29.51,182530,280,0.5507
1278,33.9,182693,163,0.5905
1279,34.46,182847,154,0.5588
1280,38.72,182941,94,0.56
1281,39.48,183029,88,0.5801
1282,38.92,183123,94,0.5541
1283,39.35,183208,85,0.5383
1284,2.14,184040,832,0.5656
1285,39.67,184131,91,0.551
1286,38.69,184213,82,0.5459
1287,38.83,184310,97,0.5572
1288,38.17,184410,100,0.5666
1289,38.75,184504,94,0.5669
1290,38.6,184589,85,0.5399
1291,38.59,184671,82,0.5629
1292,37.42,184756,85,0.5764
1293,38.89,184844,88,0.5695
1294,38.66,184938,94,0.5426
1295,33.01,185143,205,0.5529
1296,38.7,185231,88,0.5956
1297,23.15,185613,382,0.5587
1298,38.44,185701,88,0.5491
1299,38.63,185792,91,0.5562
1300,38.35,185874,82,0.546
1301,38.02,185959,85,0.5624
1302,37.79,186044,85,0.571
1303,37.42,186129,85,0.5399
1304,38.52,186223,94,0.5703
1305,29.5,186485,262,0.5589
1306,39.05,186576,91,0.5579
1307,37.8,186661,85,0.5649
1308,38.76,186752,91,0.5457
1309,38.2,186840,88,0.5446
1310,28.54,187132,292,0.5603
1311,38.93,187223,91,0.548
1312,39.14,187317,94,0.5982
1313,38.0,187405,88,0.5708
1314,-143.41,189965,2560,0.5655
1315,-14.72,190059,94,0.5702
1316,-15.07,190150,91,0.5613
1317,-13.72,190235,85,0.5637
1318,38.04,190323,88,0.5625
1319,38.23,190420,97,0.5852
1320,-14.11,190506,86,0.5413
1321,-20.14,190618,112,0.5551
1322,-15.87,190715,97,0.564
1323,36.77,190815,100,0.6027
1324,38.42,190915,100,0.563
1325,-15.97,191012,97,0.5599
1326,-15.72,191109,97,0.5668
1327,-16.5,191206,97,0.5492
1328,-14.88,191297,91,0.551
1329,-17.95,191397,100,0.5532
1330,10.63,192037,640,0.5613
1331,-16.4,192131,94,0.5739
1332,-80.93,192963,832,0.5573
1333,37.28,193057,94,0.5608
1334,-16.72,193154,97,0.5496
1335,30.47,193398,244,0.5695
1336,-15.45,193492,94,0.5603
1337,38.15,193595,103,0.5489
1338,36.62,193713,118,0.5922
1339,38.62,193819,106,0.5502
1340,29.25,194078,259,0.5603
1341,-29.97,195540,1462,0.57
1342,-111.11,196714,1174,0.5544
1343,-15.47,196811,97,0.5684
1344,32.93,196974,163,0.5834
1345,35.59,197110,136,0.5466
1346,-9.15,198155,1045,0.5568
1347,38.03,198252,97,0.5475
1348,36.66,198343,91,0.5552
1349,-73.01,198719,376,0.5566
1350,38.0,198819,100,0.5704
1351,-37.89,199084,265,0.564
1352,-33.66,199433,349,0.5593
1353,30.71,199677,244,0.5635
1354,37.87,199780,103,0.5544
1355,-2.74,200708,928,0.5538
1356,-85.68,201201,493,0.5548
1357,-33.94,202744,1543,0.5671
1358,37.59,202847,103,0.5487
1359,33.14,203004,157,0.5756
1360,37.92,203092,88,0.5569
1361,36.86,203213,121,0.5549
1362,-66.53,203676,463,0.5681
1363,-20.91,204961,1285,0.5605
1364,37.63,205076,115,0.5719
1365,37.96,205170,94,0.5712
1366,38.8,205255,85,0.5601
1367,39.25,205343,88,0.5856
1368,38.08,205425,82,0.5566
1369,37.67,205513,88,0.5381
1370,38.34,205601,88,0.5594
1371,37.67,205701,100,0.5877
1372,36.99,205783,82,0.5368
1373,38.75,205874,91,0.6087
1374,36.94,205998,124,0.5648
1375,38.09,206083,85,0.5431
1376,35.34,206231,148,0.5744
1377,-49.78,207147,916,0.5594
1378,37.89,207238,91,0.5547
1379,21.04,207695,457,0.548
1380,36.8,207813,118,0.5608
1381,-64.8,207997,184,0.595
1382,-214.84,211997,4000,0.564
1383,19.83,212445,448,0.5546
1384,-0.59,213320,875,0.5948
1385,37.7,213435,115,0.5625
1386,26.28,213790,355,0.5623
1387,13.94,214355,565,0.5653
1388,36.79,214473,118,0.5896
1389,-34.5,214612,139,0.5779
1390,37.19,214733,121,0.5641
1391,28.01,215013,280,0.5426
1392,-30.31,215431,418,0.5594
1393,31.08,215630,199,0.5631
1394,-16.99,215781,151,0.5608
1395,35.89,215908,127,0.5942
1396,-32.99,216347,439,0.567
1397,-38.03,217950,1603,0.5579
1398,-27.35,218140,190,0.5867
1399,32.81,218333,193,0.5662
1400,37.75,218448,115,0.5535
1401,35.23,218620,172,0.5643
1402,34.81,218801,181,0.56
1403,38.21,218904,103,0.5582
1404,31.89,219115,211,0.5616
1405,37.81,219221,106,0.5798
1406,38.84,219321,100,0.6019
1407,38.14,219439,118,0.5578
1408,13.03,220022,583,0.5614
1409,31.22,220218,196,0.5941
1410,35.54,220369,151,0.5788
1411,36.15,220496,127,0.6182
1412,33.81,220659,163,0.5657
1413,25.59,220978,319,0.5666
1414,10.76,221630,652,0.5583
1415,35.22,221793,163,0.5465
1416,-79.69,222352,559,0.5597
1417,35.02,222500,148,0.5569
1418,32.59,222672,172,0.5485
1419,34.6,222844,172,0.5596
1420,35.92,222989,145,0.5699
1421,37.65,223116,127,0.5693
1422,-47.66,223597,481,0.5794
1423,-160.57,224990,1393,0.5502
1424,-51.6,225279,289,0.5832
1425,30.39,225493,214,0.5741
1426,31.5,225698,205,0.572
1427,38.45,225786,88,0.5606
1428,38.01,225874,88,0.5626
1429,27.62,226142,268,0.567
1430,38.5,226227,85,0.5881
1431,38.21,226312,85,0.5936
1432,38.64,226397,85,0.5528
1433,33.92,226593,196,0.5803
1434,38.54,226675,82,0.5147
1435,28.99,226970,295,0.5833
1436,37.82,227058,88,0.5589
1437,20.32,227491,433,0.5779
1438,-50.9,228272,781,0.5591
1439,33.78,228471,199,0.5702
1440,39.4,228562,91,0.6103
1441,-64.4,228791,229,0.571
1442,38.15,228876,85,0.5708
1443,38.81,228964,88,0.5594
1444,39.23,229055,91,0.5528
1445,39.61,229140,85,0.5463
1446,4.18,229897,757,0.554
1447,39.56,229985,88,0.5534
1448,-49.09,230595,610,0.5531
1449,38.14,230701,106,0.5674
1450,28.97,230975,274,0.551
1451,35.4,231141,166,0.5847
1452,29.24,231415,274,0.564
1453,28.79,231671,256,0.5835
1454,30.39,231891,220,0.5587
1455,34.76,232066,175,0.5313
1456,34.88,232232,166,0.5448
1457,-19.99,232425,193,0.5853
1458,38.96,232522,97,0.5793
1459,34.29,232709,187,0.5714
1460,25.44,233061,352,0.5784
1461,39.07,233167,106,0.5365
1462,34.03,233342,175,0.5672
1463,34.33,233511,169,0.5657
1464,33.32,233698,187,0.5595
1465,-7.03,234695,997,0.5623
1466,23.93,235047,352,0.5496
1467,33.05,235222,175,0.5561
1468,33.55,235370,148,0.5547
1469,31.84,235596,226,0.5714
1470,14.46,236170,574,0.5696
1471,33.88,236342,172,0.5538
1472,36.06,236484,142,0.5368
1473,-47.9,236737,253,0.5381
1474,25.54,237101,364,0.5748
1475,32.77,237315,214,0.5458
1476,34.9,237469,154,0.5405
1477,31.51,237656,187,0.5454
1478,37.92,237747,91,0.5437
1479,-63.44,238909,1162,0.5713
1480,35.97,239042,133,0.5778
1481,-26.94,239358,316,0.5703
1482,14.88,239941,583,0.5686
1483,30.59,240173,232,0.5751
1484,29.76,240420,247,0.5617
1485,-65.28,241525,1105,0.5645
1486,28.86,241829,304,0.587
1487,30.96,242055,226,0.5713
1488,36.43,242203,148,0.5709
1489,33.74,242351,148,0.5682
1490,35.28,242514,163,0.5601
1491,35.9,242654,140,0.5825
1492,24.71,243018,364,0.5761
1493,31.15,243229,211,0.5811
1494,36.26,243371,142,0.577
1495,2.86,244191,820,0.5726
1496,29.99,244468,277,0.5755
1497,34.05,244661,193,0.5659
1498,-28.3,244821,160,0.6018
1499,-90.45,245395,574,0.5564
1500,-26.56,245498,103,0.5572
1501,22.41,245871,373,0.5579
1502,33.73,246064,193,0.5502
1503,21.13,246500,436,0.5566
1504,-32.19,246678,178,0.5552
1505,35.74,246835,157,0.5589
1506,24.69,247208,373,0.5581
1507,37.38,247329,121,0.5821
1508,36.17,247471,142,0.5643
1509,38.77,247568,97,0.5619
1510,29.25,247845,277,0.5618
1511,37.85,247951,106,0.5474
1512,36.71,248069,118,0.5527
1513,35.56,248241,172,0.5618
1514,37.28,248359,118,0.5754
1515,-110.19,249488,1129,0.5602
1516,38.56,249600,112,0.5576
1517,18.9,250078,478,0.5571
1518,24.61,250466,388,0.5489
1519,18.19,250968,502,0.5522
1520,32.93,251137,169,0.5323
1521,26.86,251426,289,0.5617
1522,38.92,251532,106,0.5433
1523,23.33,251890,358,0.5593
1524,19.76,252365,475,0.5512
1525,-55.02,253245,880,0.5589
1526,14.66,253789,544,0.5557
1527,10.22,254432,643,0.5545
1528,33.82,254637,205,0.5496
1529,38.19,254752,115,0.5565
1530,19.9,255188,436,0.5578
1531,37.31,255303,115,0.5637
1532,37.41,255406,103,0.5701
1533,37.52,255539,133,0.5399
1534,22.43,255930,391,0.5518
1535,38.63,256024,94,0.5553
1536,22.86,256391,367,0.5426
1537,-36.89,256911,520,0.5562
1538,38.29,257023,112,0.5528
1539,21.59,257438,415,0.5507
1540,36.82,257580,142,0.558
1541,30.39,257803,223,0.5359
1542,29.04,258074,271,0.5623
1543,29.78,258309,235,0.565
1544,30.34,258547,238,0.5631
1545,-48.93,259085,538,0.5546
1546,38.23,259185,100,0.5469
1547,27.38,259513,328,0.5397
1548,-52.02,259961,448,0.5732
1549,30.87,260202,241,0.5636
1550,31.98,260425,223,0.5474
1551,38.24,260519,94,0.5841
1552,32.51,260727,208,0.5426
1553,36.81,260839,112,0.5569
1554,37.51,260948,109,0.5511
1555,-6.48,261939,991,0.5496
1556,27.6,262219,280,0.5702
1557,36.9,262349,130,0.5601
1558,29.4,262611,262,0.5596
1559,36.33,262735,124,0.5638
1560,37.95,262859,124,0.5627
1561,34.04,263028,169,0.5453
1562,-21.37,263230,202,0.5439
1563,36.34,263363,133,0.5387
1564,26.81,263694,331,0.5633
1565,32.81,263869,175,0.5525
1566,35.26,264029,160,0.5514
1567,-22.85,264249,220,0.5564
1568,32.01,264475,226,0.5652
1569,35.46,264614,139,0.5409
1570,27.77,264888,274,0.5503
1571,27.49,265168,280,0.5425
1572,-18.5,265349,181,0.5394
1573,-27.09,265554,205,0.5499
1574,23.6,265966,412,0.5523
1575,27.75,266273,307,0.5533
1576,35.35,266412,139,0.5573
1577,21.99,266830,418,0.5445
1578,0.23,267671,841,0.556
1579,20.99,268074,403,0.5664
1580,38.25,268180,106,0.5434
1581,36.75,268286,106,0.5699
1582,36.7,268401,115,0.5725
1583,36.84,268519,118,0.5419
1584,36.89,268643,124,0.538
1585,37.29,268761,118,0.5558
1586,-21.5,268894,133,0.5612
1587,37.46,269006,112,0.5809
1588,37.11,269121,115,0.5432
1589,36.19,269227,106,0.5606
1590,31.38,269459,232,0.553
1591,37.91,269562,103,0.5477
1592,36.94,269671,109,0.561
1593,37.07,269774,103,0.5478
1594,36.99,269892,118,0.5516
1595,38.05,269989,97,0.5605
1596,38.17,270110,121,0.562
1597,37.75,270228,118,0.5431
1598,37.3,270352,124,0.5606
1599,37.07,270470,118,0.5638
1600,31.76,270714,244,0.5651
1601,37.93,270826,112,0.5779
1602,36.19,270953,127,0.5655
1603,35.93,271083,130,0.5513
1604,35.76,271219,136,0.5667
1605,35.51,271343,124,0.5565
1606,38.15,271464,121,0.5553
1607,37.49,271582,118,0.5485
1608,25.67,271892,310,0.5625
1609,36.43,272025,133,0.5576
1610,-65.71,272203,178,0.5459
1611,38.48,272303,100,0.5467
1612,-49.43,272679,376,0.5576
1613,37.08,272788,109,0.5536
1614,-35.71,273035,247,0.5759
1615,37.01,273162,127,0.5626
1616,36.02,273295,133,0.5697
1617,37.6,273395,100,0.555
1618,-19.1,273537,142,0.5457
1619,37.49,273649,112,0.5551
1620,36.53,273758,109,0.5448
1621,36.6,273888,130,0.5427
1622,36.62,274015,127,0.5584
1623,36.38,274145,130,0.5533
1624,37.93,274266,121,0.5367
1625,36.14,274390,124,0.5638
1626,37.13,274514,124,0.5538
1627,37.07,274635,121,0.5717
1628,37.11,274759,124,0.5398
1629,35.22,274898,139,0.5352
1630,35.63,275037,139,0.5531
1631,36.31,275161,124,0.5682
1632,37.17,275291,130,0.5578
1633,-95.33,275595,304,0.5556
1634,-23.16,275716,121,0.5451
1635,36.31,275846,130,0.5579
1636,36.11,275985,139,0.5654
1637,-17.04,276124,139,0.5467
1638,37.17,276230,106,0.5649
1639,37.42,276351,121,0.5589
1640,37.21,276466,115,0.5605
1641,37.78,276584,118,0.5598
1642,37.2,276705,121,0.5495
1643,37.31,276823,118,0.5628
1644,37.22,276944,121,0.5635
1645,10.66,277596,652,0.5521
1646,25.12,277933,337,0.5476
1647,-92.32,278669,736,0.5603
1648,37.83,278781,112,0.5598
1649,-30.82,278956,175,0.5854
1650,36.64,279080,124,0.552
1651,37.17,279201,121,0.553
1652,-17.72,279352,151,0.5704
1653,37.08,279476,124,0.5562
1654,27.03,279756,280,0.5706
1655,-22.49,279883,127,0.5679
1656,35.87,280022,139,0.5605
1657,35.13,280149,127,0.5589
1658,27.43,280456,307,0.561
1659,36.74,280580,124,0.5546
1660,37.82,280704,124,0.5575
1661,-32.0,280921,217,0.5769
1662,27.1,281279,358,0.5675
1663,22.78,281673,394,0.559
1664,22.44,282070,397,0.5439
1665,16.02,282557,487,0.5546
1666,-33.51,282768,211,0.5675
1667,-37.42,282895,127,0.5705
1668,-40.15,283088,193,0.5564
1669,-17.65,283254,166,0.555
1670,34.51,283417,163,0.5569
1671,-39.41,283592,175,0.5614
1672,28.47,283872,280,0.5789
1673,-39.96,284122,250,0.5464
1674,-30.52,284318,196,0.5484
1675,-154.73,288318,4000,0.5569
1676,24.35,288697,379,0.5678
1677,38.07,288815,118,0.5689
1678,-27.14,288984,169,0.5567
1679,36.31,289123,139,0.5544
1680,-39.57,289772,649,0.5603
1681,38.83,289869,97,0.5603
1682,35.15,290038,169,0.5572
1683,36.84,290150,112,0.5508
1684,36.15,290277,127,0.5644
1685,36.89,290392,115,0.5528
1686,36.24,290516,124,0.564
1687,37.18,290649,133,0.5489
1688,37.11,290770,121,0.5513
1689,36.54,290888,118,0.5603
1690,36.59,291012,124,0.5675
1691,37.0,291145,133,0.5571
1692,25.12,291509,364,0.5548
1693,34.18,291672,163,0.5634
1694,-30.02,291739,67,0.5559
1695,-31.16,291815,76,0.5489
1696,-28.48,291882,67,0.5402
1697,-29.53,291952,70,0.5775
1698,-27.64,292019,67,0.5484
1699,-28.39,292086,67,0.5909
1700,-32.79,292159,73,0.5609
1701,34.92,292313,154,0.5657
1702,35.63,292440,127,0.55
1703,35.22,292588,148,0.5507
1704,25.03,292943,355,0.5649
1705,27.09,293274,331,0.5487
1706,21.73,293674,400,0.5672
1707,16.27,294176,502,0.5594
1708,-33.89,294348,172,0.5511
1709,-20.45,294529,181,0.5517
1710,-0.43,295427,898,0.557
1711,35.62,295575,148,0.5474
1712,38.12,295690,115,0.5515
1713,34.75,295823,133,0.5573
1714,35.84,295956,133,0.5643
1715,35.93,296101,145,0.5495
1716,-70.53,296501,400,0.5469
1717,-52.42,296940,439,0.5509
1718,35.96,297097,157,0.5581
1719,34.89,297257,160,0.5474
1720,37.07,297354,97,0.5467
1721,36.31,297478,124,0.5582
1722,8.29,298193,715,0.5581
1723,37.43,298323,130,0.5627
1724,26.46,298663,340,0.5605
1725,28.0,298940,277,0.5524
1726,37.02,299058,118,0.5538
1727,-24.04,299242,184,0.5551
1728,-17.5,299378,136,0.5486
1729,35.49,299499,121,0.5691
1730,12.36,300115,616,0.5576
1731,32.8,300287,172,0.5332
1732,37.86,300414,127,0.5511
1733,36.31,300544,130,0.5512
1734,35.83,300689,145,0.5775
1735,-22.24,300873,184,0.5588
1736,36.95,300997,124,0.5336
1737,-16.97,301133,136,0.573
1738,-28.58,301317,184,0.5557
1739,34.89,301459,142,0.5539
1740,38.81,301571,112,0.5407
1741,-22.02,301749,178,0.5623
1742,35.73,301876,127,0.5859
1743,-142.06,302942,1066,0.5546
1744,31.74,303126,184,0.5481
1745,3.93,303898,772,0.5658
1746,-24.85,304079,181,0.5676
1747,30.95,304287,208,0.5637
1748,-93.8,305047,760,0.5613
1749,-37.92,305207,160,0.5521
1750,-22.43,305403,196,0.5537
1751,36.33,305527,124,0.5653
1752,23.15,305909,382,0.5651
1753,26.38,306180,271,0.5611
1754,38.08,306271,91,0.5506
1755,37.43,306392,121,0.5554
1756,32.46,306606,214,0.5574
1757,34.3,306748,142,0.5621
1758,38.13,306860,112,0.554
1759,16.11,307380,520,0.5629
1760,27.32,307687,307,0.5605
1761,37.33,307781,94,0.5572
1762,-29.67,308097,316,0.5585
1763,37.23,308179,82,0.5635
1764,37.54,308291,112,0.5605
1765,38.42,308391,100,0.5752
1766,38.29,308488,97,0.5661
1767,38.36,308585,97,0.5511
1768,38.19,308691,106,0.5555
1769,38.05,308803,112,0.551
1770,39.28,308903,100,0.5846
1771,37.1,309006,103,0.5783
1772,33.1,309220,214,0.5513
1773,39.7,309317,97,0.5821
1774,33.24,309513,196,0.5504
1775,-19.42,309664,151,0.5648
1776,38.85,309767,103,0.5513
1777,31.11,309975,208,0.5563
1778,34.33,310141,166,0.5801
1779,38.07,310244,103,0.5728
1780,35.45,310407,163,0.5718
1781,38.73,310507,100,0.5586
1782,38.58,310613,106,0.5762
1783,38.32,310707,94,0.5503
1784,-30.65,310909,202,0.5812
1785,32.51,311108,199,0.5539
1786,37.9,311208,100,0.5738
1787,32.6,311380,172,0.5567
1788,32.83,311570,190,0.5659
1789,8.56,312264,694,0.5547
1790,-23.12,312496,232,0.5531
1791,38.06,312599,103,0.5408
1792,-23.31,312807,208,0.5721
1793,39.04,312913,106,0.5735
1794,36.86,313022,109,0.5653
1795,28.0,313314,292,0.5617
1796,24.27,313702,388,0.5589
1797,30.26,313982,280,0.549
1798,31.47,314172,190,0.5517
1799,-32.13,314437,265,0.5575
1800,-38.1,314798,361,0.5643
1801,36.76,314925,127,0.5563
1802,36.98,315049,124,0.5525
1803,26.61,315350,301,0.5627
1804,12.68,315960,610,0.5574
1805,38.19,316060,100,0.5649
1806,30.83,316277,217,0.5591
1807,34.42,316422,145,0.5857
1808,38.28,316519,97,0.6049
1809,35.11,316661,142,0.5552
1810,4.29,317451,790,0.5618
1811,36.61,317560,109,0.5585
1812,37.23,317678,118,0.5545
1813,37.07,317799,121,0.5495
1814,38.29,317890,91,0.5633
1815,-27.29,318224,334,0.5496
1816,37.65,318345,121,0.5685
1817,37.11,318448,103,0.5807
1818,37.55,318551,103,0.5377
1819,38.83,318651,100,0.5429
1820,21.68,319099,448,0.537
1821,37.76,319205,106,0.5557
1822,36.72,319311,106,0.5576
1823,37.28,319426,115,0.5699
1824,37.92,319529,103,0.5627
1825,36.42,319632,103,0.5643
1826,35.26,319771,139,0.5623
1827,38.04,319880,109,0.5681
1828,28.62,320184,304,0.5632
1829,36.79,320302,118,0.5453
1830,35.12,320426,124,0.558
1831,36.59,320547,121,0.5641
1832,38.1,320647,100,0.5472
1833,37.3,320774,127,0.563
1834,36.17,320898,124,0.5649
1835,36.89,321019,121,0.5777
1836,38.39,321146,127,0.5547
1837,37.42,321255,109,0.5646
1838,33.01,321466,211,0.5474
1839,38.25,321569,103,0.5943
1840,37.42,321672,103,0.5612
1841,37.12,321793,121,0.5678
1842,38.1,321914,121,0.5474
1843,37.37,322041,127,0.5793
1844,39.53,322135,94,0.5394
1845,36.38,322265,130,0.5541
1846,36.18,322392,127,0.5566
1847,37.28,322519,127,0.5557
1848,-18.63,322637,118,0.557
1849,38.86,322734,97,0.5504
1850,38.01,322855,121,0.551
1851,38.13,322946,91,0.5384
1852,28.92,323166,220,0.5561
1853,37.24,323278,112,0.5661
1854,33.42,323486,208,0.5558
1855,38.91,323583,97,0.5356
1856,-14.43,323686,103,0.5466
1857,38.54,323783,97,0.5662
1858,37.82,323904,121,0.5404
1859,37.17,324025,121,0.549
1860,37.25,324149,124,0.5603
1861,37.83,324270,121,0.5511
1862,35.01,324403,133,0.5703
1863,36.88,324515,112,0.5563
1864,31.84,324744,229,0.56
1865,37.28,324847,103,0.5725
1866,31.76,325010,163,0.5627
1867,37.48,325128,118,0.566
1868,37.83,325228,100,0.5587
1869,-17.82,325346,118,0.567
1870,36.42,325470,124,0.5794
1871,32.92,325675,205,0.5691
1872,-141.22,326852,1177,0.5573
1873,34.52,326997,145,0.5536
1874,38.2,327103,106,0.5625
1875,37.25,327224,121,0.5544
1876,19.37,327636,412,0.5685
1877,37.75,327751,115,0.5653
1878,38.04,327866,115,0.5574
1879,-39.54,328470,604,0.5521
1880,35.99,328600,130,0.5527
1881,35.6,328739,139,0.5719
1882,37.69,328866,127,0.5554
1883,34.32,329029,163,0.5648
1884,36.6,329153,124,0.5759
1885,34.19,329310,157,0.5741
1886,21.94,329695,385,0.5639
1887,34.21,329831,136,0.5668
1888,36.3,329958,127,0.5549
1889,37.79,330067,109,0.5827
1890,35.22,330233,166,0.5535
1891,-24.39,330396,163,0.5764
1892,38.63,330496,100,0.5514
1893,22.72,330893,397,0.5597
1894,-32.91,331365,472,0.5736
1895,37.26,331459,94,0.5531
1896,36.77,331580,121,0.5675
1897,34.84,331728,148,0.575
1898,7.09,332449,721,0.5686
1899,37.35,332573,124,0.571
1900,23.49,332949,376,0.5607
1901,36.05,333079,130,0.5572
1902,21.13,333521,442,0.5556
1903,-2.38,334434,913,0.5624
1904,37.68,334537,103,0.5562
1905,36.41,334676,139,0.5644
1906,37.91,334782,106,0.5458
1907,25.66,335095,313,0.5674
1908,37.36,335189,94,0.5441
1909,38.84,335283,94,0.5705
1910,36.32,335416,133,0.5485
1911,38.91,335528,112,0.5791
1912,37.86,335631,103,0.5757
1913,-25.0,335857,226,0.5551
1914,32.17,336038,181,0.5589
1915,35.68,336171,133,0.5596
1916,37.06,336310,139,0.5519
1917,-17.62,336467,157,0.5583
1918,-13.45,337593,1126,0.5565
1919,14.38,338134,541,0.5715
1920,34.86,338273,139,0.5692
1921,33.8,338469,196,0.5704
1922,35.77,338605,136,0.5656
1923,35.53,338750,145,0.5624
1924,31.93,338973,223,0.553
1925,35.34,339115,142,0.5635
1926,31.49,339356,241,0.5674
1927,38.38,339453,97,0.5204
1928,35.02,339583,130,0.5127
1929,18.9,340037,454,0.515
1930,30.51,340299,262,0.5236
1931,36.65,340420,121,0.5339
1932,25.92,340769,349,0.5095
1933,28.61,341073,304,0.5062
1934,36.28,341203,130,0.5166
1935,-19.72,341345,142,0.5058
1936,-42.96,341559,214,0.5291
1937,-40.19,342163,604,0.5197
1938,36.09,342287,124,0.5229
1939,37.37,342366,79,0.5459
1940,22.64,342769,403,0.5159
1941,32.52,342929,160,0.5352
1942,16.05,343428,499,0.5131
1943,38.37,343510,82,0.5139
1944,34.44,343640,130,0.518
1945,21.98,344067,427,0.5161
1946,38.11,344176,109,0.5117
1947,22.45,344579,403,0.5229
1948,39.6,344670,91,0.5157
1949,-41.53,345310,640,0.5146
1950,36.9,345440,130,0.5184
1951,38.09,345528,88,0.5283
1952,-17.58,345670,142,0.5124
1953,-13.91,345752,82,0.5172
1954,35.65,345879,127,0.5142
1955,26.13,346204,325,0.5181
1956,17.16,346730,526,0.5187
1957,27.18,347046,316,0.5099
1958,36.15,347173,127,0.5252
1959,34.6,347372,199,0.5285
1960,37.87,347463,91,0.5235
1961,36.81,347608,145,0.5159
1962,36.25,347729,121,0.5202
1963,-26.0,347967,238,0.5148
1964,-21.69,348211,244,0.5196
1965,36.28,348335,124,0.5279
1966,37.49,348456,121,0.5416
1967,38.87,348544,88,0.5286
1968,-5.12,349493,949,0.5195
1969,36.54,349608,115,0.5249
1970,33.19,349819,211,0.5343
1971,-132.21,350627,808,0.5081
1972,-35.93,351129,502,0.5082
1973,36.09,351247,118,0.5334
1974,37.51,351350,103,0.5095
1975,-20.01,352593,1243,0.5184
1976,29.04,352909,316,0.5202
1977,-31.48,353135,226,0.5219
1978,-46.65,353283,148,0.5213
1979,-73.14,353752,469,0.5257
1980,-88.34,354389,637,0.5189
1981,-26.47,355731,1342,0.5205
1982,-30.43,356026,295,0.5261
1983,28.85,356315,289,0.5261
1984,-63.49,356949,634,0.5287
1985,-24.22,357109,160,0.5302
1986,28.39,357368,259,0.5318
1987,-62.72,357918,550,0.5281
1988,-32.63,358105,187,0.5299
1989,3.72,358871,766,0.523
1990,6.62,359628,757,0.523
1991,-15.91,359758,130,0.5203
1992,-38.5,359933,175,0.5408
1993,-30.52,360300,367,0.5285
1994,36.98,360421,121,0.5285
1995,34.74,360581,160,0.5301
1996,-26.01,360732,151,0.5405
1997,36.63,360859,127,0.5251
1998,-37.15,361238,379,0.5271
1999,-27.42,361389,151,0.5338
2000,27.29,361678,289,0.5284
2001,-21.56,361817,139,0.5286
2002,20.25,362283,466,0.5253
2003,34.88,362428,145,0.5299
2004,34.99,362573,145,0.5179
2005,-25.51,362727,154,0.535
2006,25.03,363058,331,0.5276
2007,-28.69,363095,37,0.527
2008,-26.7,363423,328,0.5223
2009,-7.91,364429,1006,0.516
2010,-82.14,365876,1447,0.5201
2011,30.66,366114,238,0.5346
2012,19.21,366550,436,0.5225
2013,-31.81,366599,49,0.5542
2014,-35.06,366876,277,0.5188
2015,-31.62,366925,49,0.5405
2016,-82.7,367412,487,0.5223
2017,15.69,367953,541,0.5303
2018,35.39,368089,136,0.5307
2019,35.8,368234,145,0.5229
2020,-26.82,368409,175,0.5275
2021,-24.73,368710,301,0.5323
2022,-63.25,370748,2038,0.5265
2023,-23.42,370890,142,0.5151
2024,37.51,370996,106,0.5589
2025,30.32,371252,256,0.5276
2026,37.33,371367,115,0.5351
2027,35.4,371512,145,0.5264
2028,-27.96,371558,46,0.5694
2029,32.83,371718,160,0.5326
2030,27.21,372037,319,0.531
2031,37.65,372161,124,0.535
2032,21.4,372588,427,0.5334
2033,17.1,373090,502,0.529
2034,-28.85,373136,46,0.5583
2035,-30.31,373482,346,0.5363
2036,29.65,373708,226,0.5327
2037,-56.16,373982,274,0.5377
2038,-84.59,374763,781,0.5261
2039,35.8,374893,130,0.5416
2040,-25.95,375062,169,0.5254
2041,-26.49,375111,49,0.542
2042,32.62,375295,184,0.5263
2043,25.41,375662,367,0.5302
2044,-30.79,376029,367,0.5353
2045,-25.16,376183,154,0.5355
2046,34.81,376349,166,0.5277
2047,-48.22,376608,259,0.5452
2048,-24.57,376792,184,0.5424
2049,-40.6,377282,490,0.536
2050,35.53,377433,151,0.5365
2051,7.73,378106,673,0.5318
2052,-17.67,378269,163,0.5271
2053,-133.81,378879,610,0.5252
2054,36.02,379006,127,0.5357
2055,30.15,379256,250,0.5281
2056,36.0,379401,145,0.546
2057,-32.8,379552,151,0.5511
2058,30.88,379805,253,0.5295
2059,34.0,379950,145,0.5285
2060,26.08,380305,355,0.5346
2061,29.09,380612,307,0.5327
2062,-29.51,380754,142,0.5199
2063,-25.12,381073,319,0.5338
2064,35.3,381230,157,0.5323
2065,35.94,381402,172,0.5333
2066,-29.86,381736,334,0.5329
2067,36.2,381893,157,0.5456
2068,24.9,382281,388,0.5302
2069,30.26,382549,268,0.5274
2070,31.53,382739,190,0.5351
2071,-19.12,382911,172,0.545
2072,-24.71,383221,310,0.5361
2073,33.61,383372,151,0.5246
2074,-24.2,383418,46,0.5348
2075,21.71,383824,406,0.5266
2076,34.83,383978,154,0.5281
2077,-24.48,384027,49,0.5305
2078,-20.2,384196,169,0.5128
2079,-37.78,384527,331,0.5121
2080,-22.59,384747,220,0.524
2081,-27.79,384796,49,0.5508
2082,-24.23,384845,49,0.536
2083,-38.56,385044,199,0.5226
2084,-23.46,385093,49,0.5624
2085,-24.03,385142,49,0.5155
2086,-24.84,385194,52,0.5135
2087,-44.84,385759,565,0.5201
2088,-24.0,385811,52,0.5218
2089,26.78,386145,334,0.5182
2090,-21.89,386191,46,0.5259
2091,-29.64,386243,52,0.5251
2092,-33.21,386706,463,0.5159
2093,-41.6,387268,562,0.5257
2094,-22.03,387317,49,0.5194
2095,-21.99,387366,49,0.5414
2096,29.43,387598,232,0.5229
2097,-21.62,387644,46,0.5443
2098,-21.66,387693,49,0.5312
2099,17.84,388198,505,0.5231
2100,36.12,388343,145,0.5256
2101,-34.72,388734,391,0.5232
2102,-21.24,388780,46,0.5526
2103,-22.07,388826,46,0.5492
2104,-21.81,388875,49,0.5272
2105,-21.54,388924,49,0.5425
2106,-21.41,388973,49,0.5394
2107,-21.86,389022,49,0.5307
2108,-22.09,389071,49,0.5658
2109,-20.91,389120,49,0.5112
2110,-28.14,389169,49,0.5241
2111,-21.22,389218,49,0.5392
2112,-23.63,389270,52,0.5465
2113,-21.91,389322,52,0.5393
2114,-22.97,389371,49,0.5193
2115,-21.82,389420,49,0.5396
2116,-20.4,389466,46,0.5582
2117,-21.47,389515,49,0.5377
2118,-21.46,389564,49,0.5282
2119,-23.11,389616,52,0.5185
2120,-22.58,389665,49,0.5061
2121,30.17,389921,256,0.5368
2122,32.38,390102,181,0.5203
2123,13.67,390685,583,0.531
2124,35.33,390830,145,0.5295
2125,-30.47,391113,283,0.5239
2126,-24.19,391285,172,0.5219
2127,-20.94,391469,184,0.5257
2128,-24.08,391707,238,0.5304
2129,34.55,391858,151,0.5334
2130,31.79,392093,235,0.5314
2131,-35.46,392265,172,0.5211
2132,-22.32,392419,154,0.5105
2133,-27.22,392735,316,0.5198
2134,33.37,392901,166,0.5317
2135,-21.77,393040,139,0.5365
2136,-50.02,393788,748,0.5292
2137,30.58,394005,217,0.533
2138,34.42,394156,151,0.5242
2139,14.34,394562,406,0.5305
2140,-278.35,398562,4000,0.5124
2141,31.36,398812,250,0.5302
2142,31.46,399029,217,0.5222
2143,29.79,399270,241,0.5266
2144,-22.22,399418,148,0.527
2145,-17.92,399566,148,0.5375
2146,-252.18,403566,4000,0.5191
2147,37.21,403708,142,0.5252
2148,34.21,403844,136,0.5142
2149,5.33,404577,733,0.5246
2150,-25.32,404830,253,0.5252
2151,36.64,404939,109,0.5367
2152,-14.95,405054,115,0.5255
2153,-20.33,405208,154,0.5317
2154,31.85,405407,199,0.5093
2155,36.13,405549,142,0.5155
2156,2.71,406333,784,0.5242
2157,-53.37,406610,277,0.5185
2158,-141.56,407673,1063,0.5159
2159,23.08,408097,424,0.538
2160,22.08,408542,445,0.5269
2161,34.87,408681,139,0.5321
2162,18.27,409153,472,0.5171
2163,-185.66,411731,2578,0.5258
2164,33.65,411891,160,0.5211
2165,37.31,412009,118,0.553
2166,36.91,412130,121,0.5262
2167,22.99,412491,361,0.5267
2168,-41.8,412687,196,0.5289
2169,31.18,412937,250,0.5195
2170,36.57,413061,124,0.5407
2171,-46.01,413326,265,0.5324
2172,33.52,413477,151,0.5432
2173,0.3,414342,865,0.5207
2174,-89.31,415408,1066,0.5262
2175,-26.9,415457,49,0.5445
2176,-27.17,415506,49,0.5297
2177,-72.15,416185,679,0.5328
2178,-38.36,416534,349,0.5247
2179,-27.82,416583,49,0.5223
2180,-23.9,416629,46,0.548
2181,-26.8,416678,49,0.535
2182,-24.65,416724,46,0.5378
2183,-25.39,416770,46,0.5633
2184,-24.35,416813,43,0.5383
2185,-23.55,416856,43,0.5445
2186,-23.96,416899,43,0.5357
2187,-25.67,416945,46,0.5101
2188,-25.52,416991,46,0.522
2189,-24.66,417037,46,0.5533
2190,-25.58,417083,46,0.5409
2191,-24.62,417126,43,0.5346
2192,-25.47,417172,46,0.5244
2193,-25.27,417218,46,0.5365
2194,-24.89,417264,46,0.5134
2195,17.11,417754,490,0.5291
2196,-24.12,417980,226,0.5237
2197,5.63,418707,727,0.5272
2198,23.77,419068,361,0.5183
2199,-27.49,419402,334,0.523
2200,-32.05,419571,169,0.5346
2201,31.44,419806,235,0.5264
2202,18.54,420293,487,0.5225
2203,24.09,420660,367,0.5311
2204,-101.27,421501,841,0.5262
2205,26.55,421817,316,0.5178
2206,-51.91,422049,232,0.5222
2207,-34.06,422341,292,0.5336
2208,35.1,422489,148,0.5163
2209,36.17,422622,133,0.5296
2210,26.76,422944,322,0.5316
2211,26.45,423257,313,0.5269
2212,32.19,423456,199,0.5381
2213,25.62,423772,316,0.5243
2214,-35.67,423977,205,0.5303
2215,-35.31,424173,196,0.5294
2216,26.54,424495,322,0.5303
2217,30.59,424730,235,0.5198
2218,29.1,424998,268,0.5187
2219,34.13,425152,154,0.508
2220,33.53,425330,178,0.5334
2221,30.31,425568,238,0.5257
2222,-22.48,425737,169,0.5294
2223,22.61,426128,391,0.5234
2224,28.08,426393,265,0.5223
2225,-17.65,426562,169,0.5318
2226,-63.94,426713,151,0.5312
2227,17.39,427167,454,0.5226
2228,-56.02,427573,406,0.5295
2229,34.01,427739,166,0.5259
2230,33.41,427920,181,0.5394
2231,-59.62,428215,295,0.5274
2232,-37.3,428771,556,0.5224
2233,-24.31,428934,163,0.5145
2234,21.68,429349,415,0.516
2235,19.9,429794,445,0.5199
2236,-79.14,430365,571,0.5318
2237,30.37,430576,211,0.5195
2238,13.03,431168,592,0.5254
2239,-50.58,431442,274,0.5278
2240,14.05,431992,550,0.5231
2241,8.07,432686,694,0.5277
2242,35.53,432816,130,0.5253
2243,25.18,433159,343,0.527
2244,-29.38,433205,46,0.5332
2245,35.34,433353,148,0.5354
2246,23.1,433711,358,0.528
2247,33.94,433862,151,0.5302
2248,-24.58,434010,148,0.5269
2249,35.32,434152,142,0.5265
2250,30.28,434378,226,0.5209
2251,22.55,434814,436,0.5236
2252,35.25,434974,160,0.5273
2253,32.26,435194,220,0.5258
2254,13.31,435771,577,0.5295
2255,-28.72,435919,148,0.5252
2256,-21.81,436061,142,0.5308
2257,34.78,436236,175,0.5279
2258,-22.09,436384,148,0.523
2259,-32.27,436538,154,0.5241
2260,30.59,436752,214,0.5194
2261,30.65,437002,250,0.5325
2262,-30.85,437147,145,0.5226
2263,-19.22,437304,157,0.5339
2264,-37.9,437461,157,0.5164
2265,-26.05,437609,148,0.523
2266,-36.93,437874,265,0.5224
2267,-64.87,438238,364,0.516
2268,-43.05,438401,163,0.5257
2269,-42.31,438561,160,0.5331
2270,-21.83,438709,148,0.5291
2271,19.78,439142,433,0.5278
2272,29.7,439413,271,0.5321
2273,18.23,439888,475,0.527
2274,-57.3,440396,508,0.5262
2275,-21.65,440550,154,0.5241
2276,-28.37,440698,148,0.5314
2277,-35.68,440855,157,0.531
2278,-151.15,442389,1534,0.522
2279,-31.39,442543,154,0.5336
2280,-23.86,442775,232,0.5268
2281,35.4,442914,139,0.5202
2282,-34.13,443062,148,0.5235
2283,-36.3,443519,457,0.524
2284,21.39,443937,418,0.5273
2285,35.54,444079,142,0.5219
2286,23.99,444431,352,0.5293
2287,-94.6,445050,619,0.5188
2288,29.85,445276,226,0.5256
2289,28.53,445532,256,0.5307
2290,30.75,445761,229,0.5293
2291,29.63,446020,259,0.5247
2292,35.23,446159,139,0.5415
2293,26.56,446457,298,0.5155
2294,-40.98,446680,223,0.5286
2295,20.25,447134,454,0.5238
2296,-26.98,447312,178,0.5299
2297,-78.23,448630,1318,0.5265
2298,-43.68,448913,283,0.5224
2299,31.94,449118,205,0.5244
2300,-24.18,449395,277,0.5261
2301,30.61,449609,214,0.5231
2302,30.58,449877,268,0.5233
2303,35.81,450010,133,0.5439
2304,-39.9,450533,523,0.5286
2305,15.57,451074,541,0.5334
2306,14.93,451606,532,0.5254
2307,29.13,451868,262,0.5224
2308,-13.36,452985,1117,0.5264
2309,34.14,453145,160,0.5218
2310,-61.04,453995,850,0.5172
2311,8.49,454647,652,0.5248
2312,31.83,454837,190,0.5359
2313,21.91,455261,424,0.5144
2314,-100.5,455577,316,0.5087
2315,20.05,456004,427,0.522
2316,-109.94,457169,1165,0.5196
2317,-94.63,457485,316,0.5297
2318,-109.14,458422,937,0.5192
2319,25.31,458771,349,0.5311
2320,-107.85,459789,1018,0.5195
2321,36.38,459931,142,0.5202
2322,33.43,460091,160,0.5227
2323,-24.63,460386,295,0.5196
2324,-77.87,460810,424,0.517
2325,35.81,460976,166,0.5277
2326,33.17,461160,184,0.5317
2327,35.47,461317,157,0.5255
2328,24.7,461693,376,0.5226
2329,33.96,461865,172,0.527
2330,37.34,461983,118,0.5284
2331,37.17,462092,109,0.5419
2332,-18.24,463308,1216,0.5226
2333,-58.6,463789,481,0.5229
2334,-61.82,464270,481,0.5216
2335,1.04,465105,835,0.5243
2336,-10.51,466123,1018,0.5243
2337,-23.3,466391,268,0.5235
2338,33.71,466572,181,0.5274
2339,16.85,467086,514,0.5185
2340,-96.62,468323,1237,0.5239
2341,21.3,468729,406,0.5206
2342,28.3,469006,277,0.5303
2343,-34.62,469127,121,0.5191
2344,-21.93,470415,1288,0.5215
2345,19.65,470848,433,0.5333
2346,-60.98,471347,499,0.5293
2347,-34.56,471480,133,0.5213
2348,-25.44,471541,61,0.5317
2349,-65.23,471905,364,0.5376
2350,20.07,472353,448,0.5284
2351,-31.35,472471,118,0.5301
2352,-31.11,472592,121,0.5304
2353,-30.33,472707,115,0.5342
2354,-30.55,472825,118,0.5353
2355,30.72,473054,229,0.5238
2356,13.81,473625,571,0.528
2357,36.43,473755,130,0.5185
2358,11.99,474359,604,0.5232
2359,33.83,474540,181,0.5318
2360,-70.56,475084,544,0.5193
2361,-24.61,475187,103,0.5339
2362,32.14,475407,220,0.5455
2363,-118.69,477007,1600,0.524
2364,28.03,477305,298,0.5225
2365,33.64,477456,151,0.5244
2366,34.79,477607,151,0.5303
2367,6.29,478307,700,0.5343
2368,-18.27,478452,145,0.5372
2369,30.46,478684,232,0.527
2370,8.12,479342,658,0.5191
2371,32.8,479538,196,0.5311
2372,-78.93,480049,511,0.521
2373,-28.57,480437,388,0.5249
2374,-104.3,481788,1351,0.5267
2375,-10.99,482866,1078,0.5264
2376,26.29,483176,310,0.5401
2377,33.16,483336,160,0.5414
2378,23.88,483715,379,0.5392
2379,27.63,483980,265,0.5309
2380,-30.32,484347,367,0.5322
2381,34.97,484504,157,0.5137
2382,32.51,484685,181,0.5348
2383,32.93,484875,190,0.537
2384,-54.77,485233,358,0.5247
2385,36.19,485348,115,0.5357
2386,34.63,485496,148,0.5198
2387,36.83,485647,151,0.5285
2388,-36.89,485744,97,0.5309
2389,26.53,486099,355,0.5412
2390,33.92,486283,184,0.5335
2391,18.4,486779,496,0.5288
2392,39.36,486888,109,0.5366
2393,35.57,487000,112,0.5269
2394,36.79,487106,106,0.5422
2395,-18.38,487257,151,0.5181
2396,39.24,487369,112,0.543
2397,37.38,487484,115,0.534
2398,38.7,487593,109,0.5531
2399,-52.87,487927,334,0.5277
2400,34.33,488066,139,0.5465
2401,-14.21,488166,100,0.53
2402,35.45,488308,142,0.5241
2403,34.37,488471,163,0.5431
2404,35.5,488595,124,0.5389
2405,37.55,488698,103,0.5293
2406,-24.13,488879,181,0.5257
2407,32.26,489057,178,0.5309
2408,-31.71,489148,91,0.5361
2409,28.39,489380,232,0.5259
2410,27.09,489654,274,0.5234
2411,8.28,490054,400,0.5193
2412,-48.37,490271,217,0.5304
2413,-80.74,490614,343,0.5241
2414,18.5,491101,487,0.5295
2415,25.69,491393,292,0.5277
2416,36.78,491517,124,0.5336
2417,19.23,491998,481,0.5328
2418,-32.92,492086,88,0.5119
2419,-26.73,492153,67,0.5396
2420,37.15,492280,127,0.532
2421,16.1,492812,532,0.5238
2422,-20.8,493032,220,0.5283
2423,34.22,493207,175,0.542
2424,33.02,493409,202,0.5325
2425,34.05,493596,187,0.5353
2426,25.53,493945,349,0.526
2427,22.14,494345,400,0.5261
2428,-51.22,494700,355,0.5232
2429,37.79,494821,121,0.5302
2430,36.03,494960,139,0.5385
2431,28.67,495267,307,0.5258
2432,37.3,495382,115,0.5308
2433,28.68,495644,262,0.5232
2434,33.9,495834,190,0.5364
2435,-40.48,496384,550,0.5263
2436,-25.87,496454,70,0.5486
2437,29.54,496722,268,0.5338
2438,-24.29,496777,55,0.5538
2439,3.59,497558,781,0.525
2440,-32.03,497619,61,0.5287
2441,34.22,497779,160,0.5285
2442,27.35,498071,292,0.5216
2443,32.17,498276,205,0.5318
2444,35.95,498439,163,0.5391
2445,27.63,498749,310,0.524
2446,35.89,498879,130,0.5504
2447,29.23,499147,268,0.5305
2448,32.84,499316,169,0.522
2449,36.27,499449,133,0.5363
2450,33.19,499633,184,0.5341
2451,17.34,500135,502,0.5276
2452,13.79,500709,574,0.5262
2453,34.99,500842,133,0.5367
2454,37.14,500969,127,0.5258
2455,-28.31,501015,46,0.547
2456,-28.27,501076,61,0.5229
2457,13.23,501668,592,0.5251
2458,36.26,501801,133,0.5301
2459,36.1,501922,121,0.5248
2460,34.7,502064,142,0.5342
2461,31.87,502257,193,0.5178
2462,32.62,502459,202,0.5278
2463,36.23,502574,115,0.5357
2464,35.81,502704,130,0.5331
2465,17.61,503176,472,0.5327
2466,31.6,503360,184,0.54
2467,36.46,503460,100,0.5121
2468,33.18,503644,184,0.5488
2469,32.81,503852,208,0.5241
2470,34.18,504030,178,0.5356
2471,24.71,504373,343,0.5204
2472,36.81,504488,115,0.5278
2473,-15.61,504603,115,0.5318
2474,22.03,505030,427,0.5306
2475,-17.47,505196,166,0.5254
2476,35.74,505308,112,0.5323
2477,27.66,505585,277,0.5308
2478,35.5,505724,139,0.5233
2479,31.72,505902,178,0.5362
2480,24.22,506278,376,0.5268
2481,-54.56,506660,382,0.5281
2482,36.01,506781,121,0.527
2483,-63.36,507178,397,0.5223
2484,-23.43,507365,187,0.546
2485,34.71,507555,190,0.5242
2486,30.28,507769,214,0.5283
2487,-28.99,507935,166,0.5246
2488,-34.33,508008,73,0.5459
2489,-26.16,508066,58,0.528
2490,-25.12,508127,61,0.5248
2491,-25.15,508179,52,0.5304
2492,32.04,508408,229,0.5359
2493,-21.56,508460,52,0.5427
2494,-19.18,508527,67,0.5233
2495,-23.3,508579,52,0.5562
2496,-24.68,508640,61,0.5369
2497,-21.88,508695,55,0.5583
2498,-19.1,508756,61,0.5527
2499,-23.28,508814,58,0.5359
2500,-22.64,508866,52,0.5597
2501,-21.21,508924,58,0.528
2502,-23.47,508991,67,0.5273
2503,-22.97,509049,58,0.5248
2504,-22.56,509101,52,0.5293
2505,-23.39,509147,46,0.5605
2506,-22.48,509196,49,0.5389
2507,-21.6,509248,52,0.542
2508,-22.04,509303,55,0.5311
2509,-23.93,509355,52,0.5453
2510,-22.16,509404,49,0.5324
2511,-22.55,509459,55,0.5185
2512,-22.97,509511,52,0.5333
2513,-22.38,509563,52,0.5169
2514,-23.75,509618,55,0.5482
2515,-20.92,509676,58,0.515
2516,-21.5,509728,52,0.5204
2517,-21.43,509777,49,0.5261
2518,-21.6,509826,49,0.5377
2519,-19.8,509875,49,0.5341
2520,-22.4,509927,52,0.5477
2521,-20.72,509979,52,0.5412
2522,-22.34,510025,46,0.5169
2523,-21.2,510074,49,0.5486
2524,-20.71,510123,49,0.533
2525,-22.18,510169,46,0.549
2526,-21.72,510218,49,0.5547
2527,-21.64,510270,52,0.5426
2528,-22.33,510328,58,0.5182
2529,-18.72,510383,55,0.5338
2530,28.45,510645,262,0.5216
2531,-23.08,510688,43,0.5533
2532,-20.74,510737,49,0.5426
2533,-22.55,510783,46,0.5399
2534,-22.87,510832,49,0.522
2535,-22.47,510878,46,0.5367
2536,-23.26,510930,52,0.5527
2537,-23.45,510976,46,0.5293
2538,-24.65,511016,40,0.5283
2539,-22.95,511059,43,0.549
2540,-24.63,511099,40,0.544
2541,-24.0,511136,37,0.5295
2542,-24.58,511176,40,0.5306
2543,-24.49,511213,37,0.5317
2544,-24.08,511250,37,0.5332
2545,-23.89,511287,37,0.5534
2546,-23.55,511327,40,0.5391
2547,-23.52,511364,37,0.5399
2548,-22.64,511407,43,0.5258
2549,-24.26,511447,40,0.5402
2550,-21.84,511496,49,0.5519
2551,-22.61,511539,43,0.5365
2552,-23.53,511576,37,0.5498
2553,-23.3,511613,37,0.5171
2554,-24.24,511653,40,0.5528
2555,-23.69,511693,40,0.5274
2556,-23.71,511730,37,0.5554
2557,-24.45,511770,40,0.5351
2558,-25.02,511810,40,0.5366
2559,-24.43,511850,40,0.5311
2560,-23.57,511890,40,0.5415
2561,-24.63,511930,40,0.5361
2562,-24.17,511970,40,0.5532
2563,-23.47,512007,37,0.5225
2564,-24.06,512047,40,0.5146
2565,-23.88,512087,40,0.5523
2566,-24.04,512127,40,0.5364
2567,-24.02,512164,37,0.526
2568,-23.66,512204,40,0.5251
2569,-24.83,512241,37,0.5327
2570,-25.94,512281,40,0.5587
2571,-26.45,512321,40,0.5145
2572,-26.18,512364,43,0.5182
2573,-27.61,512404,40,0.5421
2574,-25.11,512444,40,0.5249
2575,-24.93,512484,40,0.5539
2576,-24.87,512524,40,0.5611
2577,-24.09,512564,40,0.5415
2578,-23.78,512601,37,0.5343
2579,-24.7,512638,37,0.5835
2580,-24.91,512678,40,0.5474
2581,-23.74,512715,37,0.5297
2582,-24.0,512752,37,0.5466
2583,-24.2,512792,40,0.5366
2584,-24.33,512829,37,0.5161
2585,-24.84,512866,37,0.5311
2586,-23.98,512903,37,0.5373
2587,-24.48,512940,37,0.5061
2588,-25.62,512980,40,0.5462
2589,-24.59,513020,40,0.5324
2590,-24.9,513057,37,0.5461
2591,-24.92,513097,40,0.5192
2592,-24.99,513137,40,0.5661
2593,-25.16,513174,37,0.5252
2594,-25.26,513214,40,0.5375
2595,-24.37,513254,40,0.5113
2596,-23.9,513294,40,0.5161
2597,-23.87,513334,40,0.5451
2598,-24.74,513371,37,0.5531
2599,-24.42,513411,40,0.551
2600,-25.45,513451,40,0.5261
2601,-24.92,513491,40,0.5426
2602,-24.2,513531,40,0.5703
2603,-23.69,513574,43,0.5286
2604,-23.48,513614,40,0.5199
2605,-22.35,513654,40,0.5314
2606,-23.77,513694,40,0.5325
2607,-23.07,513734,40,0.522
2608,-24.22,513774,40,0.5538
2609,-23.57,513814,40,0.5158
2610,-23.98,513854,40,0.5379
2611,-23.77,513894,40,0.5481
2612,-22.92,513934,40,0.54
2613,-22.71,513974,40,0.548
2614,-23.48,514014,40,0.5408
2615,-22.71,514054,40,0.5459
2616,-22.01,514097,43,0.5139
2617,-22.57,514137,40,0.5427
2618,-22.71,514180,43,0.5345
2619,-21.91,514220,40,0.5315
2620,-23.12,514260,40,0.52
2621,-23.03,514300,40,0.5486
2622,-23.0,514340,40,0.5429
2623,-22.62,514380,40,0.5614
2624,-23.83,514420,40,0.5281
2625,-23.16,514460,40,0.5339
2626,-23.26,514500,40,0.5381
2627,-23.04,514543,43,0.5166
2628,-21.96,514583,40,0.5442
2629,-22.43,514623,40,0.5413
2630,-23.51,514663,40,0.5407
2631,-22.48,514703,40,0.5601
2632,-22.65,514743,40,0.5365
2633,-22.76,514783,40,0.5201
2634,-23.48,514823,40,0.542
2635,-23.95,514863,40,0.524
2636,-22.7,514903,40,0.5399
2637,-21.94,514943,40,0.5058
2638,-23.43,514983,40,0.5458
2639,-22.26,515026,43,0.5331
2640,-22.14,515066,40,0.5446
2641,-21.95,515106,40,0.5312
2642,-21.83,515146,40,0.5379
2643,-22.28,515186,40,0.5462
2644,-23.26,515226,40,0.5477
2645,-22.59,515266,40,0.5447
2646,-21.89,515309,43,0.5503
2647,-22.41,515349,40,0.5448
2648,-23.72,515389,40,0.5367
2649,-23.24,515429,40,0.5323
2650,-23.8,515469,40,0.5375
2651,-23.85,515509,40,0.5537
2652,-23.42,515549,40,0.5659
2653,-22.86,515592,43,0.5252
2654,-22.88,515635,43,0.5425
2655,-22.41,515675,40,0.528
2656,-23.18,515715,40,0.5416
2657,-23.04,515755,40,0.5409
2658,-24.86,515795,40,0.5249
2659,-23.38,515835,40,0.5425
2660,-23.41,515875,40,0.5472
2661,-24.71,515915,40,0.5255
2662,-23.82,515955,40,0.5301
2663,-23.73,515995,40,0.5433
2664,-22.46,516035,40,0.5395
2665,-23.56,516072,37,0.5337
2666,-23.05,516112,40,0.5054
2667,-23.86,516152,40,0.5215
2668,-24.29,516192,40,0.5254
2669,-22.82,516232,40,0.5291
2670,-22.41,516272,40,0.5844
2671,-23.36,516312,40,0.5356
2672,-23.31,516352,40,0.5403
2673,-24.4,516392,40,0.5302
2674,-25.48,516432,40,0.5464
2675,-23.91,516472,40,0.5467
2676,-24.33,516512,40,0.5379
2677,-23.27,516552,40,0.5394
2678,-24.26,516592,40,0.528
2679,-23.82,516632,40,0.5498
2680,-23.04,516672,40,0.5618
2681,-24.57,516712,40,0.5403
2682,-23.8,516755,43,0.5581
2683,-23.24,516798,43,0.513
2684,-24.04,516838,40,0.5247
2685,-24.61,516878,40,0.5424
2686,-24.19,516921,43,0.5268
2687,-23.14,516964,43,0.5345
2688,-25.57,517004,40,0.5237
2689,-23.18,517044,40,0.5137
2690,-22.53,517084,40,0.5315
2691,-24.52,517130,46,0.5386
2692,-23.6,517170,40,0.526
2693,-24.07,517210,40,0.5455
2694,-23.1,517250,40,0.5406
2695,-21.28,517293,43,0.5417
2696,-23.41,517333,40,0.5532
2697,-22.26,517373,40,0.5456
2698,-22.71,517413,40,0.5532
2699,-24.31,517453,40,0.5296
2700,14.94,517988,535,0.6111
2701,-22.33,518028,40,0.5448
2702,-21.1,518071,43,0.5483
2703,-22.79,518111,40,0.5391
2704,-23.22,518154,43,0.5664
2705,-21.82,518194,40,0.5418
2706,-21.54,518237,43,0.5638
2707,-22.75,518280,43,0.5391
2708,-21.79,518320,40,0.5275
2709,-21.42,518363,43,0.5506
2710,-21.97,518406,43,0.5496
2711,-20.9,518449,43,0.538
2712,-22.27,518489,40,0.5515
2713,-22.75,518532,43,0.6006
2714,-22.32,518575,43,0.5236
2715,-24.57,518618,43,0.5618
2716,-23.33,518661,43,0.5367
2717,-22.19,518704,43,0.552
2718,-22.12,518747,43,0.5284
2719,-21.48,518790,43,0.5574
2720,-22.34,518830,40,0.5344
2721,-23.16,518870,40,0.5301
2722,-21.64,518910,40,0.546
2723,-23.12,518953,43,0.5299
2724,-21.62,518993,40,0.5471
2725,-21.43,519033,40,0.5263
2726,-23.16,519076,43,0.5481
2727,-21.85,519116,40,0.5367
2728,-21.86,519159,43,0.513
2729,-21.68,519202,43,0.5374
2730,-22.01,519242,40,0.5274
2731,-21.72,519282,40,0.5434
2732,-21.79,519322,40,0.5262
2733,-21.48,519362,40,0.549
2734,-22.26,519402,40,0.5266
2735,-22.13,519442,40,0.5898
2736,-21.63,519482,40,0.542
2737,-21.85,519522,40,0.5436
2738,-21.54,519562,40,0.5086
2739,-22.44,519602,40,0.5399
2740,-22.34,519645,43,0.5623
2741,-22.15,519685,40,0.5621
2742,-22.39,519725,40,0.5359
2743,-21.44,519765,40,0.5406
2744,-21.67,519808,43,0.5377
2745,-22.99,519851,43,0.5479
2746,-22.32,519894,43,0.5386
2747,-23.19,519937,43,0.5451
2748,36.08,520061,124,0.5323
2749,-22.99,520104,43,0.5688
2750,-22.26,520147,43,0.5366
2751,-22.03,520190,43,0.5392
2752,-22.6,520236,46,0.5395
2753,-21.43,520279,43,0.541
2754,-22.25,520319,40,0.5557
2755,-21.81,520359,40,0.5203
2756,-22.46,520402,43,0.5403
2757,-21.56,520445,43,0.525
2758,-21.76,520488,43,0.5625
2759,-23.16,520534,46,0.5329
2760,-21.88,520577,43,0.5444
2761,-22.69,520620,43,0.5235
2762,-22.33,520660,40,0.5299
2763,-21.92,520703,43,0.4943
2764,-21.66,520746,43,0.5471
2765,-22.72,520789,43,0.5417
2766,-21.64,520832,43,0.5246
2767,-23.83,520875,43,0.5819
2768,-24.43,520921,46,0.562
2769,-23.23,520961,40,0.5395
2770,-23.95,521013,52,0.5196
2771,-24.19,521053,40,0.5356
2772,-23.49,521096,43,0.528
2773,31.86,521307,211,0.5233
2774,-22.88,521347,40,0.5405
2775,-23.46,521393,46,0.5464
2776,-22.76,521436,43,0.5275
2777,-27.85,521491,55,0.5142
2778,-24.5,521543,52,0.5536
2779,-43.33,521784,241,0.5274
2780,36.24,521923,139,0.5256
2781,-23.72,521963,40,0.5247
2782,-23.58,522003,40,0.5138
2783,-23.37,522043,40,0.5169
2784,-24.14,522086,43,0.5416
2785,-23.42,522129,43,0.5286
2786,-23.57,522172,43,0.5468
2787,-23.36,522215,43,0.5382
2788,-23.74,522258,43,0.513
2789,-22.87,522301,43,0.567
2790,-22.59,522341,40,0.5446
2791,-23.42,522381,40,0.5217
2792,-22.41,522421,40,0.5346
2793,-22.38,522461,40,0.5352
2794,-22.6,522504,43,0.5206
2795,-22.4,522547,43,0.5181
2796,-23.44,522590,43,0.5289
2797,-22.62,522630,40,0.5335
2798,-22.83,522670,40,0.53
2799,-22.06,522713,43,0.5612
2800,-22.28,522756,43,0.5334
2801,-23.57,522799,43,0.5479
2802,-22.34,522839,40,0.5244
2803,-22.35,522882,43,0.5398
2804,-22.57,522925,43,0.5269
2805,-22.75,522965,40,0.5295
2806,-22.48,523008,43,0.5935
2807,-22.76,523048,40,0.5332
2808,-26.16,523097,49,0.6543
2809,-24.31,523143,46,0.5172
2810,-27.8,523201,58,0.5306
2811,-25.27,523247,46,0.5557
2812,-26.85,523299,52,0.591
2813,-23.88,523342,43,0.5462
2814,-24.1,523385,43,0.5182
2815,-24.43,523431,46,0.5259
2816,-24.28,523474,43,0.5196
2817,-24.64,523517,43,0.5108
2818,-24.44,523560,43,0.5341
2819,-24.16,523603,43,0.5404
2820,-24.08,523646,43,0.5248
2821,-23.0,523689,43,0.5437
2822,-23.33,523729,40,0.509
2823,-24.45,523772,43,0.5379
2824,-23.2,523812,40,0.5988
2825,-23.43,523855,43,0.5304
2826,-24.51,523898,43,0.518
2827,-23.73,523941,43,0.5202
2828,-22.67,523984,43,0.5262
2829,-23.46,524027,43,0.5648
2830,-22.65,524070,43,0.5358
2831,-22.92,524110,40,0.5587
2832,-23.99,524153,43,0.622
2833,-23.43,524193,40,0.5258
2834,-23.08,524239,46,0.5673
2835,-23.07,524285,46,0.5309
2836,-23.37,524328,43,0.6052
2837,-24.12,524374,46,0.5301
2838,-22.5,524414,40,0.5255
2839,-22.4,524457,43,0.536
2840,-23.82,524503,46,0.5306
2841,-24.25,524549,46,0.554
2842,-23.33,524592,43,0.5474
2843,-22.76,524635,43,0.5455
2844,-23.79,524681,46,0.5134
2845,-24.12,524724,43,0.541
2846,-23.33,524770,46,0.5249
2847,-23.0,524810,40,0.5323
2848,-24.24,524853,43,0.5463
2849,-24.16,524893,40,0.5404
2850,-23.56,524936,43,0.5066
2851,-22.77,524976,40,0.5409
2852,-22.68,525019,43,0.5514
2853,-23.02,525062,43,0.5393
2854,-23.35,525105,43,0.5142
2855,-23.4,525145,40,0.5114
2856,-23.91,525185,40,0.5542
2857,-22.7,525225,40,0.5566
2858,-24.81,525268,43,0.5548
2859,-23.76,525308,40,0.5482
2860,-22.95,525351,43,0.558
2861,-24.65,525394,43,0.5268
2862,-23.99,525437,43,0.5044
2863,-23.45,525480,43,0.5232
2864,-23.09,525520,40,0.5231
2865,-24.78,525563,43,0.5545
2866,-23.61,525603,40,0.5295
2867,-24.16,525646,43,0.5469
2868,-23.91,525692,46,0.5425
2869,-23.65,525735,43,0.5077
2870,-24.11,525775,40,0.5561
2871,-23.42,525818,43,0.5495
2872,-23.72,525861,43,0.5418
2873,-23.09,525904,43,0.5399
2874,-23.12,525947,43,0.5211
2875,-24.72,525996,49,0.5101
2876,-24.29,526039,43,0.5734
2877,-24.64,526085,46,0.5328
2878,-24.13,526128,43,0.5601
2879,-22.99,526171,43,0.5286
2880,-23.02,526214,43,0.6029
2881,-23.74,526260,46,0.5488
2882,-24.35,526306,46,0.5292
2883,-23.5,526346,40,0.5577
2884,-23.99,526392,46,0.5272
2885,-23.02,526435,43,0.5406
2886,-22.82,526478,43,0.5384
2887,-23.22,526521,43,0.6072
2888,-22.81,526564,43,0.5325
2889,-23.78,526604,40,0.546
2890,-23.21,526647,43,0.5109
2891,-22.37,526690,43,0.5241
2892,-24.38,526730,40,0.5231
2893,-27.42,526788,58,0.5469
2894,-24.16,526828,40,0.5414
2895,-23.99,526868,40,0.5275
2896,-25.88,526914,46,0.4905
2897,-24.33,526957,43,0.5254
2898,-24.28,526997,40,0.5508
2899,-24.52,527037,40,0.5447
2900,-25.38,527080,43,0.5294
2901,-25.29,527120,40,0.5216
2902,-24.85,527160,40,0.5178
2903,-25.18,527203,43,0.5162
2904,-24.42,527243,40,0.4925
2905,-23.23,527286,43,0.4958
2906,-26.57,527335,49,0.5027
2907,-24.79,527381,46,0.4886
2908,-24.46,527424,43,0.5156
2909,-24.83,527470,46,0.5413
2910,-23.69,527510,40,0.5192
2911,-25.04,527550,40,0.5388
2912,-24.73,527590,40,0.5481
2913,-24.62,527630,40,0.5461
2914,-25.06,527670,40,0.5333
2915,-26.87,527716,46,0.5969
2916,-23.99,527756,40,0.5404
2917,-25.31,527796,40,0.5057
2918,-24.06,527836,40,0.5348
2919,-23.67,527876,40,0.5218
2920,-25.37,527916,40,0.5554
2921,-25.82,527959,43,0.5414
2922,-25.01,528002,43,0.4995
2923,-24.07,528045,43,0.5112
2924,-25.29,528085,40,0.5429
2925,-24.67,528125,40,0.5487
2926,-24.66,528165,40,0.553
2927,-24.88,528208,43,0.5499
2928,-24.05,528248,40,0.5451
2929,-24.44,528288,40,0.541
2930,-26.49,528331,43,0.5131
2931,-24.83,528371,40,0.5168
2932,-25.15,528411,40,0.5577
2933,-24.7,528454,43,0.5349
2934,-25.52,528494,40,0.5332
2935,-27.86,528540,46,0.5133
2936,-28.2,528586,46,0.5377
2937,-28.3,528632,46,0.5327
2938,-27.83,528678,46,0.5248
2939,-27.37,528724,46,0.5432
2940,-29.01,528767,43,0.5329
2941,-27.86,528816,49,0.5322
2942,-27.47,528862,46,0.5177
2943,-27.61,528908,46,0.522
2944,-27.84,528954,46,0.5175
2945,-27.6,529000,46,0.5386
2946,-27.02,529046,46,0.5279
2947,-27.15,529092,46,0.5297
2948,-27.64,529141,49,0.5241
2949,-26.75,529184,43,0.5179
2950,-26.42,529230,46,0.5263
2951,-27.15,529276,46,0.5398
2952,-27.45,529319,43,0.5442
2953,-26.93,529362,43,0.5486
2954,-27.75,529408,46,0.5159
2955,-26.81,529457,49,0.5233
2956,-28.47,529503,46,0.5288
2957,-27.65,529546,43,0.5272
2958,-27.96,529595,49,0.5275
2959,-27.69,529641,46,0.5476
2960,-28.02,529690,49,0.5346
2961,-27.43,529736,46,0.5503
2962,-36.09,529806,70,0.5419
2963,-29.52,529864,58,0.5485
2964,-83.12,530357,493,0.5129
2965,-27.71,530412,55,0.5407
2966,-33.24,530482,70,0.5307
2967,-31.56,530546,64,0.5431
2968,-37.57,530616,70,0.5083
2969,31.12,530884,268,0.5139
2970,-70.86,531071,187,0.5513
2971,-84.6,531708,637,0.5022
2972,20.61,532171,463,0.5092
2973,-28.96,532343,172,0.5027
2974,25.26,532692,349,0.5037
2975,19.95,533152,460,0.5126
2976,33.72,533336,184,0.5125
2977,-24.88,533379,43,0.5035
2978,-25.85,533422,43,0.5109
2979,-25.33,533462,40,0.5542
2980,-25.81,533502,40,0.5424
2981,-25.58,533542,40,0.5595
2982,-25.41,533582,40,0.5512
2983,-25.76,533622,40,0.5558
2984,-25.7,533662,40,0.5278
2985,-25.19,533702,40,0.5337
2986,-25.65,533742,40,0.5324
2987,-26.33,533785,43,0.5435
2988,-25.3,533825,40,0.5108
2989,-26.12,533868,43,0.52
2990,-25.93,533911,43,0.5443
2991,-25.6,533951,40,0.734
2992,-25.79,533991,40,0.516
2993,-25.56,534031,40,0.5441
2994,-25.6,534071,40,0.521
2995,-26.56,534114,43,0.5442
2996,-25.74,534157,43,0.5288
2997,-25.56,534197,40,0.531
2998,-25.45,534237,40,0.5508
2999,-25.5,534277,40,0.5241
3000,-27.86,534323,46,0.5532
3001,-25.69,534363,40,0.5505
3002,-25.72,534403,40,0.5326
3003,-25.93,534443,40,0.5351
3004,-27.06,534486,43,0.5554
3005,-27.12,534532,46,0.5392
3006,-25.74,534572,40,0.5437
3007,-25.71,534612,40,0.5293
3008,-25.62,534652,40,0.5176
3009,-25.75,534692,40,0.5496
3010,-25.36,534732,40,0.5436
3011,-25.46,534772,40,0.5071
3012,-26.63,534815,43,0.5243
3013,-25.85,534855,40,0.5296
3014,-26.12,534898,43,0.5431
3015,-25.69,534938,40,0.5391
3016,-25.99,534981,43,0.5423
3017,-25.74,535021,40,0.5338
3018,-25.48,535064,43,0.5182
3019,-25.48,535107,43,0.4787
3020,-25.62,535150,43,0.5201
3021,-25.72,535193,43,0.5374
3022,-25.86,535242,49,0.5496
3023,-26.61,535291,49,0.5849
3024,-25.79,535334,43,0.511
3025,-26.01,535380,46,0.5681
3026,-25.89,535423,43,0.5066
3027,-25.45,535466,43,0.5024
3028,-25.35,535512,46,0.5273
3029,-25.23,535555,43,0.5332
3030,-24.77,535598,43,0.5427
3031,-26.14,535641,43,0.5164
3032,-25.79,535684,43,0.528
3033,-25.83,535724,40,0.5299
3034,-25.31,535770,46,0.5016
3035,-25.43,535813,43,0.5113
3036,-26.02,535856,43,0.5118
3037,-25.91,535902,46,0.5384
3038,-25.4,535945,43,0.5482
3039,-26.36,535994,49,0.5259
3040,-26.26,536040,46,0.5413
3041,-25.2,536083,43,0.4853
3042,-25.35,536129,46,0.5027
3043,-26.03,536172,43,0.5193
3044,-25.67,536221,49,0.4975
3045,-25.51,536267,46,0.5111
3046,-25.42,536310,43,0.5276
3047,-25.99,536353,43,0.5199
3048,-25.31,536396,43,0.5005
3049,-25.11,536442,46,0.5199
3050,-25.87,536485,43,0.5237
3051,-25.36,536531,46,0.5099
3052,-25.44,536574,43,0.5259
3053,-25.2,536617,43,0.5311
3054,-25.17,536660,43,0.542
3055,-25.02,536700,40,0.5475
3056,-25.03,536740,40,0.5372
3057,-25.44,536783,43,0.5813
3058,-25.29,536823,40,0.5329
3059,-25.23,536866,43,0.5407
3060,-25.06,536909,43,0.526
3061,-25.42,536949,40,0.5461
3062,-25.32,536992,43,0.522
3063,-24.87,537035,43,0.5548
3064,-25.2,537075,40,0.5274
3065,-25.15,537115,40,0.553
3066,-24.95,537155,40,0.5405
3067,-25.35,537198,43,0.5353
3068,-25.3,537241,43,0.5547
3069,-25.25,537284,43,0.5384
3070,-25.3,537324,40,0.5433
3071,-25.78,537367,43,0.5476
3072,-25.53,537410,43,0.5513
3073,-25.25,537450,40,0.5669
3074,-25.47,537493,43,0.5337
3075,-25.2,537533,40,0.5392
3076,-25.17,537576,43,0.5458
3077,-25.7,537619,43,0.5399
3078,-25.68,537659,40,0.5298
3079,-25.36,537702,43,0.5276
3080,-25.81,537745,43,0.5268
3081,-26.04,537788,43,0.5168
3082,-25.12,537831,43,0.54
3083,-25.3,537871,40,0.5148
3084,-26.21,537914,43,0.5481
3085,-25.39,537957,43,0.5427
3086,-25.93,538003,46,0.5244
3087,-25.99,538049,46,0.5022
3088,-25.81,538095,46,0.5022
3089,-26.26,538138,43,0.5208
3090,-25.52,538181,43,0.5125
3091,-26.66,538227,46,0.52
3092,-25.6,538273,46,0.5197
3093,-25.82,538316,43,0.4963
3094,-26.22,538362,46,0.4989
3095,-26.55,538408,46,0.5048
3096,-25.85,538454,46,0.5286
3097,-25.74,538500,46,0.5079
3098,-26.64,538549,49,0.4886
3099,-25.22,538595,46,0.5046
3100,-25.82,538641,46,0.521
3101,-25.48,538684,43,0.5251
3102,-26.08,538730,46,0.5304
3103,-25.63,538773,43,0.5291
3104,-25.65,538816,43,0.5076
3105,-25.36,538859,43,0.5294
3106,-25.63,538902,43,0.5357
3107,-25.94,538948,46,0.5354
3108,-25.81,538991,43,0.5289
3109,-25.48,539034,43,0.5367
3110,-25.34,539074,40,0.5385
3111,-25.74,539117,43,0.5241
3112,-25.72,539160,43,0.4973
3113,-25.81,539203,43,0.534
3114,-25.92,539246,43,0.5369
3115,-25.66,539289,43,0.504
3116,-25.93,539332,43,0.5394
3117,-25.22,539375,43,0.5325
3118,-25.84,539421,46,0.5337
3119,-25.33,539464,43,0.5276
3120,-26.97,539513,49,0.508
3121,-25.78,539559,46,0.4942
3122,-25.36,539605,46,0.5088
3123,-25.51,539651,46,0.5093
3124,-26.07,539697,46,0.5066
3125,-25.82,539743,46,0.5139
3126,-25.9,539789,46,0.6463
3127,-25.87,539832,43,0.5352
3128,-26.08,539878,46,0.5377
3129,-25.28,539921,43,0.5336
3130,-25.6,539964,43,0.5072
3131,-25.61,540010,46,0.534
3132,-27.0,540056,46,0.535
3133,-26.0,540099,43,0.5257
3134,-26.76,540145,46,0.5629
3135,-26.34,540188,43,0.5552
3136,-26.37,540231,43,0.527
3137,-25.91,540274,43,0.5485
3138,-26.37,540317,43,0.532
3139,-26.78,540363,46,0.5462
3140,-26.41,540406,43,0.5225
3141,-25.39,540449,43,0.5309
3142,-26.22,540492,43,0.5275
3143,-26.23,540535,43,0.5257
3144,-26.11,540578,43,0.5316
3145,-26.59,540621,43,0.5384
3146,-26.11,540664,43,0.5606
3147,-27.22,540707,43,0.5055
3148,-25.63,540750,43,0.5259
3149,-25.99,540793,43,0.5375
3150,-25.73,540836,43,0.5258
3151,-25.58,540879,43,0.5366
3152,-26.02,540922,43,0.5182
3153,-26.34,540968,46,0.5367
3154,-26.41,541014,46,0.5204
3155,-26.29,541057,43,0.5357
3156,-26.75,541100,43,0.532
3157,-26.17,541146,46,0.5284
3158,-26.55,541189,43,0.5388
3159,-25.61,541229,40,0.5262
3160,-26.12,541275,46,0.5318
3161,-26.12,541318,43,0.5068
3162,-26.6,541361,43,0.5227
3163,-26.03,541407,46,0.5395
3164,-26.9,541456,49,0.517
3165,-26.49,541502,46,0.5058
3166,-26.88,541554,52,0.5166
3167,-26.41,541600,46,0.5246
3168,-25.34,541646,46,0.52
3169,-26.18,541692,46,0.5366
3170,-25.97,541738,46,0.5429
3171,-25.24,541781,43,0.532
1,-527.75,500,500,1.3835
2,-305.19,1000,500,1.5304
3,-326.77,1500,500,1.5578
4,-1008.68,2000,500,1.4836
5,-1005.37,2500,500,1.3803
6,-957.16,3000,500,1.4803
7,-569.82,3500,500,1.4263
8,-335.57,4000,500,1.5731
9,-960.87,4500,500,1.6094
10,-960.64,5000,500,1.623
11,-443.56,5500,500,0.9555
12,-967.5,6000,500,0.9657
13,-963.36,6500,500,0.9621
14,-962.28,7000,500,0.9767
15,-432.24,7500,500,0.9623
16,-968.55,8000,500,0.9683
17,-416.64,8500,500,0.9528
18,-961.72,9000,500,0.9669
19,-963.0,9500,500,0.9558
20,-628.7,10000,500,0.9618
21,-962.96,10500,500,0.9738
22,-961.67,11000,500,0.9706
23,-961.52,11500,500,0.974
24,-961.67,12000,500,0.9655
25,-961.25,12500,500,1.0158
26,-961.5,13000,500,0.934
27,-963.24,13500,500,0.9496
28,-967.67,14000,500,0.9681
29,-961.79,14500,500,0.9776
30,-964.15,15000,500,0.9707
31,-388.73,15500,500,0.9776
32,-967.21,16000,500,0.9753
33,-958.13,16500,500,0.9737
34,-967.53,17000,500,0.9624
35,-962.22,17500,500,0.8139
36,-963.28,18000,500,0.8101
37,-955.55,18500,500,0.8815
38,-961.2,19000,500,0.888
39,-958.68,19500,500,0.792
40,-960.94,20000,500,0.6593
41,-1008.05,20500,500,0.5669
42,-961.63,21000,500,0.6586
43,-960.96,21500,500,0.6497
44,-961.15,22000,500,0.81
45,-956.63,22500,500,0.689
46,-465.98,23000,500,0.7622
47,-961.24,23500,500,0.8499
48,-961.28,24000,500,0.9243
49,-961.08,24500,500,0.9167
50,-967.51,25000,500,0.9029
51,-957.34,25500,500,0.5726
52,-1008.47,26000,500,0.588
53,-879.03,26500,500,0.7153
54,-384.68,27000,500,0.6437
55,-597.07,27500,500,0.684
56,-456.67,28000,500,0.6136
57,-418.3,28500,500,0.6353
58,-953.4,29000,500,0.6913
59,-961.96,29500,500,0.6642
60,-961.86,30000,500,0.666
61,-967.06,30500,500,0.6361
62,-321.51,31000,500,0.6416
63,-961.76,31500,500,0.6939
64,-942.79,32000,500,0.6875
65,-662.01,32500,500,0.6697
66,-455.54,33000,500,0.8101
67,-447.16,33500,500,0.6261
68,-960.99,34000,500,0.5876
69,-958.35,34500,500,0.7519
70,-960.82,35000,500,0.6446
71,-967.14,35500,500,0.9044
72,-962.61,36000,500,0.9206
73,-958.1,36500,500,0.8907
74,-966.95,37000,500,0.8605
75,-962.1,37500,500,0.8246
76,-962.11,38000,500,0.9299
77,-570.35,38500,500,0.9053
78,-386.62,39000,500,0.902
79,-431.02,39500,500,0.9005
80,-968.04,40000,500,0.9276
81,-961.12,40500,500,0.9136
82,-957.27,41000,500,0.9479
83,-962.04,41500,500,0.775
84,-967.24,42000,500,0.9186
85,-959.4,42500,500,0.9802
86,-962.16,43000,500,1.021
87,-961.1,43500,500,0.5996
88,-957.64,44000,500,0.632
89,-961.14,44500,500,0.6486
90,-433.44,45000,500,0.5916
91,-230.96,45500,500,0.5936
92,-344.78,46000,500,0.5894
93,-217.97,46500,500,0.6423
94,-397.29,47000,500,0.6961
95,-387.53,47500,500,0.9197
96,-397.38,48000,500,0.9114
97,-967.44,48500,500,0.9278
98,-967.25,49000,500,0.9347
99,-958.06,49500,500,0.9592
100,-958.29,50000,500,0.952
101,-962.24,50500,500,0.9874
102,-962.92,51000,500,0.9767
103,-967.48,51500,500,0.9722
104,-962.6,52000,500,0.9705
105,-377.88,52500,500,0.9675
106,-965.63,53000,500,0.9884
107,-932.12,53500,500,1.0038
108,-964.78,54000,500,0.9777
109,-962.6,54500,500,0.9834
110,-958.8,55000,500,0.9935
111,-961.14,55500,500,0.966
112,-961.38,56000,500,0.9755
113,-736.63,56500,500,0.9547
114,-967.53,57000,500,0.9393
115,-961.73,57500,500,0.9339
116,-961.89,58000,500,0.9358
117,-962.45,58500,500,0.9198
118,-962.62,59000,500,0.9387
119,-356.49,59500,500,0.9241
120,-964.59,60000,500,0.9066
121,-967.75,60500,500,0.9372
122,-961.78,61000,500,0.931
123,-961.92,61500,500,0.926
124,-967.4,62000,500,0.9206
125,-961.29,62500,500,0.9303
126,-961.83,63000,500,0.9189
127,-961.72,63500,500,0.94
128,-962.25,64000,500,0.982
129,-956.48,64500,500,0.9442
130,-961.78,65000,500,0.9199
131,-955.97,65500,500,0.9069
132,-961.37,66000,500,0.9175
133,-962.51,66500,500,0.9234
134,-962.3,67000,500,0.9258
135,-964.02,67500,500,0.9267
136,-961.29,68000,500,0.9659
137,-961.3,68500,500,0.9612
138,-961.2,69000,500,0.9941
139,-962.86,69500,500,0.9893
140,-956.79,70000,500,0.9803
141,-962.13,70500,500,0.9919
142,-967.44,71000,500,0.9972
143,-967.66,71500,500,0.9902
144,-545.63,72000,500,0.9679
145,-962.0,72500,500,0.9801
146,-967.38,73000,500,0.9735
147,-962.07,73500,500,1.0004
148,-955.41,74000,500,0.9808
149,-959.76,74500,500,0.9816
150,-963.07,75000,500,0.9768
151,-954.82,75500,500,0.983
152,-961.67,76000,500,0.9804
153,-968.04,76500,500,0.9735
154,-726.3,77000,500,0.9698
155,-965.95,77500,500,0.9788
156,-960.45,78000,500,0.9741
157,-962.06,78500,500,0.9834
158,-821.61,79000,500,0.9832
159,-965.6,79500,500,0.9856
160,-961.69,80000,500,0.9989
161,-957.96,80500,500,0.983
162,-962.12,81000,500,0.9658
163,-961.67,81500,500,0.9781
164,-961.18,82000,500,0.9772
165,-958.51,82500,500,0.9836
166,-962.11,83000,500,0.9911
167,-958.87,83500,500,0.9815
168,-967.43,84000,500,0.9725
169,-957.94,84500,500,0.9666
170,-961.98,85000,500,0.9599
171,-963.36,85500,500,0.9871
172,-961.11,86000,500,0.9424
173,-958.98,86500,500,0.9584
174,-961.91,87000,500,0.9721
175,-603.76,87500,500,0.9579
176,-967.64,88000,500,0.9636
177,-962.42,88500,500,0.9783
178,-961.14,89000,500,0.9656
179,-959.76,89500,500,0.9796
180,-963.08,90000,500,0.9832
181,-963.0,90500,500,0.9833
182,-967.32,91000,500,0.9603
183,-967.21,91500,500,0.9576
184,-961.68,92000,500,0.9713
185,-961.62,92500,500,0.9763
186,-958.53,93000,500,0.9705
187,-961.31,93500,500,0.9688
188,-961.42,94000,500,0.9756
189,-801.88,94500,500,0.9646
190,-958.57,95000,500,0.9624
191,-967.45,95500,500,0.9747
192,-958.31,96000,500,0.9737
193,-961.68,96500,500,0.9802
194,-961.51,97000,500,0.9703
195,-958.05,97500,500,0.9651
196,-961.94,98000,500,0.9802
197,-961.63,98500,500,0.9776
198,-963.19,99000,500,0.9712
199,-955.58,99500,500,0.9825
200,-967.86,100000,500,0.9694
201,-961.69,100500,500,0.9632
202,-955.44,101000,500,0.9813
203,-958.21,101500,500,0.9749
204,-961.33,102000,500,0.9688
205,-967.6,102500,500,0.9722
206,-962.33,103000,500,0.9978
207,-962.45,103500,500,0.9708
208,-955.53,104000,500,0.9738
209,-770.6,104500,500,0.9732
210,-955.6,105000,500,0.9867
211,-958.02,105500,500,0.9691
212,-955.97,106000,500,0.9625
213,-955.46,106500,500,0.9728
214,-955.25,107000,500,0.9653
215,-964.71,107500,500,0.9757
216,-961.41,108000,500,0.9859
217,-961.68,108500,500,0.968
218,-958.48,109000,500,0.9935
219,-962.34,109500,500,0.9795
220,-961.44,110000,500,0.974
221,-967.36,110500,500,0.9864
222,-960.85,111000,500,0.9885
223,-958.04,111500,500,0.9861
224,-962.37,112000,500,0.9738
225,-961.91,112500,500,0.9755
226,-758.09,113000,500,0.9643
227,-967.65,113500,500,0.9735
228,-962.88,114000,500,0.9623
229,-961.74,114500,500,0.9873
230,-960.28,115000,500,0.9799
231,-961.8,115500,500,0.9849
232,-963.38,116000,500,0.9726
233,-959.81,116500,500,0.9921
234,-966.33,117000,500,0.9765
235,-962.11,117500,500,0.9657
236,-967.37,118000,500,0.9785
237,-961.43,118500,500,0.9729
238,-958.43,119000,500,0.9801
239,-967.88,119500,500,0.986
240,-961.59,120000,500,0.9908
241,-961.62,120500,500,0.978
242,-955.74,121000,500,0.9782
243,-961.61,121500,500,0.9874
244,-958.0,122000,500,0.9583
245,-960.94,122500,500,0.9762
246,-961.29,123000,500,0.9756
247,-961.91,123500,500,0.9927
248,-958.17,124000,500,0.9824
249,-961.1,124500,500,0.9765
250,-961.34,125000,500,0.9697
251,-962.52,125500,500,0.9877
252,-961.54,126000,500,0.962
253,-967.71,126500,500,0.9597
254,-962.61,127000,500,0.9736
255,-963.01,127500,500,0.9936
256,-959.38,128000,500,0.9806
257,-961.48,128500,500,0.9851
258,-961.74,129000,500,0.9756
259,-962.95,129500,500,0.9974
260,-967.52,130000,500,0.9806
261,-961.93,130500,500,0.9656
262,-965.37,131000,500,0.9917
263,-963.2,131500,500,0.9889
264,-962.99,132000,500,0.9821
265,-961.81,132500,500,0.9755
266,-967.33,133000,500,0.9761
267,-962.96,133500,500,0.9776
268,-957.7,134000,500,0.9809
269,-961.47,134500,500,0.9788
270,-962.2,135000,500,0.9684
271,-961.94,135500,500,0.9627
272,-960.82,136000,500,0.9599
273,-957.92,136500,500,0.9658
274,-958.3,137000,500,0.9707
275,-961.57,137500,500,0.9911
276,-967.48,138000,500,0.9779
277,-962.07,138500,500,0.9805
278,-958.46,139000,500,0.9712
279,-967.49,139500,500,0.9926
280,-962.5,140000,500,0.9672
281,-959.35,140500,500,0.9814
282,-957.66,141000,500,0.9968
283,-961.3,141500,500,0.9918
284,-967.28,142000,500,0.9806
285,-961.7,142500,500,0.9847
286,-958.11,143000,500,0.9787
287,-956.3,143500,500,0.9769
288,-967.77,144000,500,0.9814
289,-956.7,144500,500,0.9877
290,-963.75,145000,500,0.9746
291,-957.26,145500,500,0.9707
292,-962.5,146000,500,0.956
293,-962.92,146500,500,0.9962
294,-967.51,147000,500,1.0007
295,-962.01,147500,500,0.9913
296,-959.15,148000,500,0.9799
297,-961.5,148500,500,0.9576
298,-962.69,149000,500,0.9712
299,-961.32,149500,500,0.9826
300,-962.07,150000,500,0.9675
301,-955.96,150500,500,0.9633
302,-963.73,151000,500,0.9702
303,-967.57,151500,500,0.9777
304,-965.98,152000,500,0.9867
305,-961.88,152500,500,0.9806
306,-962.21,153000,500,0.9684
307,-967.38,153500,500,0.9589
308,-961.24,154000,500,0.9789
309,-961.63,154500,500,0.9616
310,-961.71,155000,500,0.9704
311,-959.5,155500,500,0.9886
312,-962.39,156000,500,0.972
313,-961.42,156500,500,0.9871
314,-961.37,157000,500,0.9791
315,-961.41,157500,500,0.9875
316,-962.87,158000,500,0.9731
317,-967.68,158500,500,0.9693
318,-962.28,159000,500,0.9887
319,-961.77,159500,500,0.9599
320,-961.51,160000,500,0.9987
321,-962.14,160500,500,0.9793
322,-963.39,161000,500,0.9745
323,-962.51,161500,500,0.9729
324,-961.37,162000,500,0.9777
325,-958.75,162500,500,0.9631
326,-961.44,163000,500,0.9719
327,-958.42,163500,500,0.9723
328,-963.14,164000,500,0.9845
329,-958.86,164500,500,0.9723
330,-963.05,165000,500,0.9685
331,-957.9,165500,500,0.9768
332,-961.21,166000,500,0.9688
333,-967.55,166500,500,0.9616
334,-961.28,167000,500,0.9702
335,-962.36,167500,500,0.954
336,-561.86,168000,500,0.9639
337,-967.72,168500,500,0.9646
338,-962.45,169000,500,0.9799
339,-958.21,169500,500,0.9872
340,-958.14,170000,500,0.9922
341,-958.39,170500,500,0.9757
342,-961.87,171000,500,0.9874
343,-961.84,171500,500,0.9906
344,-967.13,172000,500,0.98
345,-962.45,172500,500,0.9696
346,-962.07,173000,500,0.9941
347,-961.76,173500,500,0.9672
348,-962.26,174000,500,0.9506
349,-967.57,174500,500,0.9757
350,-962.23,175000,500,0.9873
351,-962.66,175500,500,0.9836
352,-962.6,176000,500,0.9682
353,-962.38,176500,500,0.9746
354,-961.24,177000,500,0.9838
355,-962.69,177500,500,0.9744
356,-961.77,178000,500,0.9525
357,-961.56,178500,500,0.9902
358,-961.7,179000,500,0.9775
359,-955.37,179500,500,0.9973
360,-967.48,180000,500,0.9763
361,-961.87,180500,500,0.9607
362,-961.47,181000,500,0.964
363,-558.19,181500,500,0.9665
364,-962.46,182000,500,0.9706
365,-961.66,182500,500,0.9764
366,-961.97,183000,500,0.9912
367,-954.93,183500,500,0.9675
368,-961.14,184000,500,0.9707
369,-963.02,184500,500,0.9706
370,-961.86,185000,500,0.9712
371,-961.68,185500,500,0.9885
372,-957.91,186000,500,0.9741
373,-963.01,186500,500,0.9866
374,-958.67,187000,500,0.9833
375,-955.56,187500,500,0.9668
376,-961.46,188000,500,0.9765
377,-961.3,188500,500,0.9956
378,-955.48,189000,500,0.9839
379,-962.37,189500,500,0.9896
380,-967.52,190000,500,0.9924
381,-958.03,190500,500,0.9699
382,-962.03,191000,500,0.9858
383,-967.54,191500,500,0.9849
384,-956.57,192000,500,0.9801
385,-958.11,192500,500,0.9697
386,-962.64,193000,500,0.964
387,-967.48,193500,500,0.9762
388,-961.64,194000,500,0.9806
389,-961.76,194500,500,0.994
390,-961.04,195000,500,0.9772
391,-961.13,195500,500,0.9818
392,-967.5,196000,500,0.9707
393,-424.7,196500,500,0.9476
394,-262.19,197000,500,0.9812
395,-510.4,197500,500,0.9562
396,-481.14,198000,500,0.9747
397,-522.68,198500,500,0.9754
398,-964.47,199000,500,0.9748
399,-961.33,199500,500,0.956
400,-958.06,200000,500,0.9706
401,-957.86,200500,500,0.9865
402,-967.45,201000,500,0.9792
403,-962.53,201500,500,0.9862
404,-962.18,202000,500,0.9822
405,-785.4,202500,500,0.9786
406,-958.21,203000,500,0.9713
407,-967.62,203500,500,0.9695
408,-962.1,204000,500,0.9812
409,-958.84,204500,500,0.9947
410,-958.41,205000,500,0.963
411,-957.9,205500,500,0.9769
412,-962.87,206000,500,0.9816
413,-967.27,206500,500,0.9475
414,-962.56,207000,500,0.9826
415,-961.46,207500,500,0.9661
416,-961.91,208000,500,0.9773
417,-967.58,208500,500,0.9739
418,-960.95,209000,500,0.9625
419,-962.43,209500,500,0.9765
420,-955.47,210000,500,0.9732
421,-961.2,210500,500,0.968
422,-958.88,211000,500,0.9795
423,-961.26,211500,500,0.9749
424,-959.17,212000,500,0.9829
425,-964.29,212500,500,0.9725
426,-966.01,213000,500,0.9803
427,-961.32,213500,500,0.9762
428,-461.58,214000,500,0.962
429,-527.55,214500,500,0.9763
430,-492.38,215000,500,0.9634
431,-325.63,215500,500,0.9515
432,-911.45,216000,500,0.9543
433,-967.72,216500,500,0.9679
434,-958.13,217000,500,0.9693
435,-961.09,217500,500,0.9701
436,-958.0,218000,500,0.9555
437,-967.52,218500,500,0.9749
438,-958.22,219000,500,0.9568
439,-962.12,219500,500,0.9707
440,-963.04,220000,500,0.9777
441,-967.46,220500,500,0.974
442,-961.67,221000,500,0.97
443,-956.77,221500,500,0.9733
444,-961.29,222000,500,0.971
445,-961.59,222500,500,0.9885
446,-961.82,223000,500,0.9804
447,-959.45,223500,500,0.9723
448,-961.61,224000,500,0.9894
449,-958.64,224500,500,0.9746
450,-961.46,225000,500,0.9867
451,-961.66,225500,500,0.9766
452,-956.67,226000,500,0.9708
453,-961.53,226500,500,0.9778
454,-967.45,227000,500,0.9683
455,-445.08,227500,500,0.9447
456,-956.31,228000,500,0.9746
457,-956.48,228500,500,0.9745
458,-961.29,229000,500,0.9578
459,-958.19,229500,500,0.9958
460,-961.66,230000,500,0.9623
461,-962.51,230500,500,0.9415
462,-956.53,231000,500,0.943
463,-963.48,231500,500,0.9668
464,-963.05,232000,500,0.9506
465,-959.45,232500,500,0.962
466,-962.98,233000,500,0.9624
467,-958.61,233500,500,0.9775
468,-961.45,234000,500,0.919
469,-961.24,234500,500,0.8078
470,-967.57,235000,500,0.9206
471,-961.61,235500,500,0.9142
472,-962.05,236000,500,0.9335
473,-955.3,236500,500,0.9179
474,-465.2,237000,500,0.9143
475,-474.61,237500,500,0.9234
476,-967.34,238000,500,0.9257
477,-961.34,238500,500,0.9112
478,-961.22,239000,500,0.9118
479,-961.21,239500,500,0.8494
480,-962.01,240000,500,0.9319
481,-963.13,240500,500,0.9255
482,-960.76,241000,500,0.8854
483,-962.43,241500,500,0.9314
484,-961.43,242000,500,0.8987
485,-961.47,242500,500,0.9144
486,-958.96,243000,500,0.8215
487,-955.53,243500,500,0.8344
488,-961.99,244000,500,0.8013
489,-470.93,244500,500,0.89
1,-322.4,900,900,1.468
2,-284.78,1800,900,1.3834
3,-227.79,2700,900,1.4616
1,-266.53,900,900,1.5156
2,-293.28,1800,900,1.4433
3,-282.4,2700,900,1.5855
4,-397.46,3600,900,1.5305
5,-454.59,4500,900,1.4444
6,-755.86,5400,900,1.2999
7,-1022.47,6300,900,0.8693
8,-849.96,7200,900,0.9197
9,-816.15,8100,900,0.9042
10,-769.73,9000,900,0.8758
11,-404.77,9900,900,0.9146
12,-472.54,10800,900,0.9057
13,-590.99,11700,900,0.8771
14,-377.28,12600,900,0.9091
15,-1364.37,13500,900,0.7264
16,-330.06,14400,900,0.7385
17,-709.37,15300,900,0.8892
18,-302.78,16200,900,0.8459
19,-197.91,17100,900,0.8718
20,-848.16,18000,900,0.9062
21,-567.01,18900,900,0.9033
22,-561.63,19800,900,0.9098
23,-1080.69,20700,900,0.8655
24,-103.04,21600,900,0.8667
25,-95.77,22500,900,0.9023
26,-129.54,23400,900,0.8725
27,-70.95,24300,900,0.899
28,-164.89,25200,900,0.8395
29,-821.27,26100,900,0.9155
30,-93.14,27000,900,0.8944
31,-242.81,27900,900,0.9134
32,-993.48,28800,900,0.9041
33,-504.07,29700,900,0.9172
34,-1187.03,30600,900,0.8906
35,-39.27,31500,900,0.9084
36,-795.67,32400,900,0.916
37,-905.31,33300,900,0.9204
38,-232.96,34200,900,0.9045
39,-184.62,35100,900,0.9086
40,-223.5,36000,900,0.9072
41,-175.86,36900,900,0.9163
42,-64.99,37800,900,0.9094
43,-190.94,38700,900,0.91
44,-96.7,39600,900,0.8803
45,-886.52,40500,900,0.9064
46,-795.49,41400,900,0.9108
47,-1235.9,42300,900,0.9246
48,-980.67,43200,900,0.9085
49,-260.8,44100,900,0.9194
50,-834.07,45000,900,0.9211
51,-123.24,45900,900,0.9139
52,-1348.57,46800,900,0.9092
53,-185.13,47700,900,0.8696
54,-793.25,48600,900,0.9088
55,-261.73,49500,900,0.9104
56,-457.88,50400,900,0.903
57,-41.02,51300,900,0.9078
58,-486.98,52200,900,0.9112
59,-221.29,53100,900,0.9245
60,-1130.18,54000,900,0.9277
61,-1344.56,54900,900,0.8968
62,-431.07,55800,900,0.912
63,-424.16,56700,900,0.8909
64,-121.11,57600,900,0.9028
65,-390.07,58500,900,0.9147
66,-670.82,59400,900,0.9136
67,-496.19,60300,900,0.9043
68,-138.5,61200,900,0.8612
69,-122.1,62100,900,0.8235
70,-473.89,63000,900,0.8634
71,-46.84,63900,900,0.8741
72,-727.91,64800,900,0.8725
73,-594.35,65700,900,0.8692
74,-141.5,66600,900,0.9172
75,-1204.8,67500,900,0.6564
76,-100.68,68400,900,0.6485
77,-1218.84,69300,900,0.6652
78,-118.8,70200,900,0.6249
79,-1507.65,71100,900,0.8547
80,-723.65,72000,900,0.8903
81,-821.21,72900,900,0.5921
82,-1052.07,73800,900,0.5813
83,-847.84,74700,900,0.5768
84,-1256.93,75600,900,0.5821
85,-376.34,76500,900,0.7177
86,-652.63,77400,900,0.9063
87,-1549.85,78300,900,0.9345
88,-1027.63,79200,900,0.916
89,-1346.67,80100,900,0.6388
90,-1018.17,81000,900,0.5926
91,-230.11,81900,900,0.7695
92,-140.03,82800,900,0.5949
93,-1230.27,83700,900,0.5691
94,-426.66,84600,900,0.6584
95,-440.41,85500,900,0.6038
96,-1116.53,86400,900,0.6471
97,-238.08,87300,900,0.911
98,-884.86,88200,900,0.9415
99,-849.43,89100,900,0.9362
100,-1202.88,90000,900,0.9389
101,-1271.66,90900,900,0.9386
102,-1284.43,91800,900,0.9437
103,-972.76,92700,900,0.8737
104,-993.16,93600,900,0.8696
105,-1013.06,94500,900,0.693
106,-968.6,95400,900,0.5851
107,-234.18,96300,900,0.5853
108,-1036.39,97200,900,0.6433
109,-1131.91,98100,900,0.7262
110,-1046.58,99000,900,0.8958
111,-202.88,99900,900,0.8588
112,-612.16,100800,900,0.8036
113,-807.49,101700,900,0.8628
114,-848.64,102600,900,0.886
115,-873.83,103500,900,0.9507
116,-1480.49,104400,900,0.9257
117,-1144.69,105300,900,0.8545
118,-1378.56,106200,900,0.9433
119,-1389.96,107100,900,0.9239
120,-1378.55,108000,900,0.8538
121,-1378.24,108900,900,0.9885
122,-1301.0,109800,900,0.9511
123,-586.13,110700,900,0.9622
124,-1437.01,111600,900,0.9842
125,-822.61,112500,900,0.9542
126,-1183.81,113400,900,0.9722
127,-1481.86,114300,900,0.9726
128,-1341.77,115200,900,0.9833
129,-816.0,116100,900,0.9675
130,-588.38,117000,900,0.9719
131,-1078.42,117900,900,0.8912
132,-1332.01,118800,900,0.971
133,-1251.16,119700,900,0.9091
134,-1324.43,120600,900,0.9467
135,-1147.14,121500,900,0.9526
136,-1243.76,122400,900,0.9461
137,-1395.9,123300,900,0.9479
138,-409.17,124200,900,0.9373
139,-491.38,125100,900,0.9334
140,-635.72,126000,900,0.9384
141,-1119.45,126900,900,0.9528
142,-392.78,127800,900,0.9461
143,-745.12,128700,900,0.9386
144,-1359.19,129600,900,0.9439
145,-1352.94,130500,900,0.9749
146,-801.61,131400,900,0.9475
147,-199.41,132300,900,0.9464
148,-1030.13,133200,900,0.9687
149,-948.32,134100,900,0.9748
150,-1139.18,135000,900,0.9299
151,-1371.14,135900,900,0.9334
152,-704.62,136800,900,0.9514
153,-727.16,137700,900,0.9483
154,-260.85,138600,900,0.9413
155,-460.73,139500,900,0.9333
156,-527.39,140400,900,0.9538
157,-991.29,141300,900,0.9608
158,-1334.04,142200,900,0.9483
159,-1170.23,143100,900,0.9562
160,-882.59,144000,900,0.9637
161,-266.37,144900,900,0.9463
162,-1428.07,145800,900,0.9514
163,-1105.65,146700,900,0.9619
164,-380.43,147600,900,0.9607
165,-666.54,148500,900,0.9638
166,-1085.2,149400,900,0.961
167,-1428.33,150300,900,0.9625
168,-1175.05,151200,900,0.9566
169,-181.63,152100,900,0.9491
170,-499.06,153000,900,0.9475
171,-122.26,153900,900,0.948
172,-768.49,154800,900,0.957
173,-1173.42,155700,900,0.9601
174,-1285.76,156600,900,0.9689
175,-171.44,157500,900,0.9585
176,-493.53,158400,900,0.9613
177,-1115.67,159300,900,0.9477
178,-370.99,160200,900,0.9495
179,-1233.67,161100,900,0.9478
180,-98.01,162000,900,0.952
181,-78.86,162900,900,0.94
182,-877.48,163800,900,0.9418
183,-1470.65,164700,900,0.9433
184,-806.23,165600,900,0.9422
185,-1318.0,166500,900,0.9508
186,-1368.94,167400,900,0.9621
187,-695.92,168300,900,0.9493
188,-138.72,169200,900,0.9589
189,-618.1,170100,900,0.9635
190,-242.38,171000,900,0.9454
191,-1429.36,171900,900,0.9432
192,-1125.0,172800,900,0.9449
193,-1201.53,173700,900,0.9387
194,-1369.49,174600,900,0.938
195,-948.0,175500,900,0.927
196,-1090.82,176400,900,0.8518
197,-1018.5,177300,900,0.7914
198,-888.64,178200,900,0.8739
199,-716.92,179100,900,0.7798
200,-1233.48,180000,900,0.8393
201,-208.17,180900,900,0.8762
202,-1129.65,181800,900,0.8695
203,-647.24,182700,900,0.8727
204,-1246.24,183600,900,0.8969
205,-244.05,184500,900,0.8808
206,-1220.46,185400,900,0.9015
207,-802.55,186300,900,0.9037
208,-98.66,187200,900,0.9094
209,-1000.77,188100,900,0.9009
210,-906.71,189000,900,0.8903
211,-133.35,189900,900,0.8886
212,-273.3,190800,900,0.8705
213,-976.9,191700,900,0.8943
214,-1258.21,192600,900,0.8752
215,-558.56,193500,900,0.9217
216,-1230.15,194400,900,0.8988
217,-669.5,195300,900,0.9163
218,-1423.69,196200,900,0.929
219,-1315.53,197100,900,0.9093
220,-1220.69,198000,900,0.9144
221,-1301.76,198900,900,0.9198
222,-119.46,199800,900,0.9184
223,-657.74,200700,900,0.9104
224,-289.09,201600,900,0.9175
225,-1370.9,202500,900,0.8885
226,-1371.31,203400,900,0.8545
227,-1135.93,204300,900,0.8207
228,-840.9,205200,900,0.8441
229,-172.86,206100,900,0.8344
230,-914.85,207000,900,0.8904
231,-423.44,207900,900,0.9081
232,-387.97,208800,900,0.8911
233,-69.68,209700,900,1.0888
234,-792.6,210600,900,1.1029
235,-278.05,211500,900,0.9101
236,-535.15,212400,900,0.9091
237,-605.74,213300,900,0.8762
238,-870.76,214200,900,0.8615
239,-160.23,215100,900,0.8724
240,-550.74,216000,900,0.8972
241,-1409.93,216900,900,0.9179
242,-113.28,217800,900,0.9017
243,-141.19,218700,900,0.9014
244,-269.6,219600,900,0.894
245,-443.26,220500,900,0.9174
246,-309.8,221400,900,0.91
247,-157.5,222300,900,0.912
248,-1062.95,223200,900,0.9073
249,-198.93,224100,900,0.9147
250,-1221.01,225000,900,0.9207
251,-449.04,225900,900,0.9077
252,-1151.61,226800,900,0.9142
253,-1158.4,227700,900,0.9141
254,-289.88,228600,900,0.9233
255,-131.61,229500,900,0.9026
256,-1060.02,230400,900,0.9505
257,-1358.11,231300,900,0.9527
258,-889.9,232200,900,0.9212
259,-226.93,233100,900,0.8819
260,-1045.38,234000,900,0.9088
261,-422.71,234900,900,0.8989
262,-787.03,235800,900,0.9236
263,-125.95,236700,900,0.9172
264,-819.42,237600,900,0.8921
265,-1102.47,238500,900,0.8786
266,-1151.38,239400,900,0.8925
267,-184.88,240300,900,0.881
268,-256.93,241200,900,0.8733
269,-1048.68,242100,900,0.7856
270,-151.79,243000,900,0.8526
271,-1410.15,243900,900,0.8722
272,-317.21,244800,900,0.9187
273,-928.57,245700,900,0.8938
274,-267.11,246600,900,0.9015
275,-197.45,247500,900,0.8588
276,-807.14,248400,900,0.8501
277,-1301.63,249300,900,0.9001
278,-336.46,250200,900,0.6875
279,-368.89,251100,900,0.9125
280,-343.97,252000,900,0.864
281,-738.2,252900,900,0.8913
282,-923.39,253800,900,0.9129
283,-787.84,254700,900,0.8824
284,-949.45,255600,900,0.8304
285,-201.99,256500,900,0.8928
286,-1279.03,257400,900,0.9302
287,-905.54,258300,900,0.8863
288,-218.95,259200,900,0.8719
289,-1112.12,260100,900,0.9097
290,-1057.19,261000,900,0.8369
291,-729.58,261900,900,0.8293
292,-237.53,262800,900,0.7666
293,-231.29,263700,900,0.6969
294,-251.12,264600,900,0.7831
295,-1336.56,265500,900,0.7947
296,-234.72,266400,900,0.8172
297,-154.04,267300,900,0.8636
298,-201.11,268200,900,0.8681
299,-364.94,269100,900,0.8783
300,-211.62,270000,900,0.7866
301,-399.29,270900,900,0.8281
302,-211.37,271800,900,0.8596
303,-649.69,272700,900,0.8651
304,-363.48,273600,900,0.8634
305,-1309.54,274500,900,0.8738
306,-449.23,275400,900,0.8668
307,-1237.4,276300,900,0.8527
308,-231.66,277200,900,0.855
309,-1294.75,278100,900,0.8602
310,-782.56,279000,900,0.8484
311,-230.51,279900,900,0.8777
312,-1367.55,280800,900,0.8291
313,-1034.94,281700,900,0.8499
314,-1203.9,282600,900,0.9495
315,-179.34,283500,900,0.8436
316,-140.23,284400,900,0.8772
317,-1292.08,285300,900,0.8527
318,-1320.52,286200,900,0.8606
319,-84.76,287100,900,0.8001
320,-837.96,288000,900,0.8631
321,-1266.74,288900,900,0.9019
322,-167.72,289800,900,0.9176
323,-1329.97,290700,900,0.8803
324,-1366.63,291600,900,0.9141
325,-1360.54,292500,900,0.9081
326,-1280.35,293400,900,0.9027
327,-170.11,294300,900,0.9407
328,-295.18,295200,900,0.9036
329,-201.61,296100,900,0.9006
330,-743.98,297000,900,0.9161
331,-839.81,297900,900,0.9192
332,-143.02,298800,900,0.8884
333,-394.65,299700,900,0.8776
334,-834.87,300600,900,0.8645
335,-785.38,301500,900,0.8556
336,-218.15,302400,900,0.8486
337,-103.25,303300,900,0.8694
338,-414.27,304200,900,0.8539
339,-258.8,305100,900,0.8863
340,-250.02,306000,900,0.9209
341,-1034.28,306900,900,0.943
342,-162.24,307800,900,0.868
343,-118.02,308700,900,0.9226
344,-1297.49,309600,900,0.898
345,-102.42,310500,900,0.7104
346,-271.88,311400,900,0.9291
347,-1342.95,312300,900,0.7505
348,-232.7,313200,900,0.8613
349,-1126.53,314100,900,0.8911
350,-556.37,315000,900,0.8723
351,-195.58,315900,900,0.8565
352,-196.77,316800,900,0.7994
353,-293.34,317700,900,0.8162
354,-321.11,318600,900,0.8748
355,-382.13,319500,900,0.9247
356,-1144.26,320400,900,0.9402
357,-216.65,321300,900,0.9257
358,-1058.42,322200,900,0.9269
359,-1417.85,323100,900,0.8852
360,-84.55,324000,900,0.8082
361,-417.39,324900,900,1.2677
362,-205.05,325800,900,1.1116
363,-1121.03,326700,900,0.9312
364,-298.16,327600,900,0.9528
365,-1068.2,328500,900,0.9231
366,-1435.52,329400,900,0.9806
367,-714.84,330300,900,0.9752
368,65.64,331085,785,0.9851
369,-256.69,331985,900,0.9582
370,-351.88,332885,900,0.9404
371,-151.16,333785,900,0.9483
372,-456.19,334685,900,0.9605
373,-1242.82,335585,900,0.9683
374,-292.28,336485,900,0.9525
375,-557.06,337385,900,0.9584
376,-538.17,338285,900,0.9809
377,-290.81,339185,900,0.9734
378,-229.56,340085,900,0.972
379,-1171.0,340985,900,0.9812
380,-1066.62,341885,900,0.98
381,-292.82,342785,900,0.9683
382,-1234.45,343685,900,0.9813
383,-1188.18,344585,900,0.986
384,-814.11,345485,900,0.9486
385,-544.34,346385,900,0.9498
386,-224.49,347285,900,0.9439
387,-221.05,348185,900,0.9534
388,-864.6,349085,900,0.9539
389,-478.38,349985,900,0.948
390,-359.27,350885,900,0.9527
391,-1407.35,351785,900,0.9662
392,-273.45,352685,900,0.9829
393,-997.64,353585,900,0.9765
394,-771.94,354485,900,0.9875
395,-119.92,355385,900,0.9658
396,-109.23,356285,900,0.9834
397,-159.42,357185,900,0.9754
398,-315.6,358085,900,0.9784
399,-317.78,358985,900,0.9776
400,-230.01,359885,900,0.9609
401,-926.6,360785,900,0.9545
402,-976.73,361685,900,0.872
403,-215.59,362585,900,0.855
404,-266.7,363485,900,0.9362
405,174.46,364045,560,0.9482
406,-792.75,364945,900,0.833
407,-654.94,365845,900,0.9223
408,-271.81,366745,900,0.8424
409,-94.07,367645,900,0.8285
410,-280.45,368545,900,0.947
411,-142.47,369445,900,0.9483
412,-196.74,370345,900,0.9519
413,-44.71,371245,900,0.9524
414,-170.3,372145,900,0.9733
415,-763.24,373045,900,0.9783
416,-165.1,373945,900,0.9687
417,-1193.61,374845,900,0.9746
418,-263.57,375745,900,0.9757
419,-240.72,376645,900,0.9641
420,-875.92,377545,900,0.9718
421,-350.45,378445,900,0.98
422,-282.11,379345,900,0.9745
423,-476.18,380245,900,0.9622
424,-817.96,381145,900,0.9727
425,-370.99,382045,900,0.9709
426,-270.0,382945,900,0.9637
427,-343.86,383845,900,0.9665
428,-277.03,384745,900,0.974
429,-830.85,385645,900,0.9828
430,-945.24,386545,900,0.9856
431,-683.74,387445,900,0.9791
432,-1267.2,388345,900,0.986
433,-702.75,389245,900,0.972
434,-1150.64,390145,900,0.9698
435,-339.4,391045,900,0.9625
436,-106.61,391945,900,0.9784
437,-352.88,392845,900,0.9804
438,-331.04,393745,900,0.98
439,-1003.51,394645,900,0.9714
440,-1132.66,395545,900,0.9938
441,-496.82,396445,900,0.9616
442,-177.52,397345,900,0.9545
443,-398.02,398245,900,0.9652
444,-982.69,399145,900,0.972
445,-278.32,400045,900,0.9684
446,-1050.0,400945,900,0.972
447,-764.82,401845,900,0.9645
448,-1465.05,402745,900,0.9874
449,-1189.43,403645,900,0.9807
450,-689.21,404545,900,0.9623
451,-390.84,405445,900,0.9836
452,-418.09,406345,900,0.9573
453,-730.01,407245,900,0.9825
454,-372.25,408145,900,0.9767
455,-622.09,409045,900,0.9733
456,-232.96,409945,900,0.9632
457,-317.77,410845,900,0.8455
458,-775.22,411745,900,0.9295
459,-347.14,412645,900,0.884
460,-414.34,413545,900,0.9004
461,-274.29,414445,900,0.875
462,-1563.46,415345,900,0.9368
1,-409.91,900,900,1.5915
2,-243.68,1800,900,1.6005
3,-451.46,2700,900,1.5896
4,-400.19,3600,900,1.5951
5,-444.14,4500,900,1.607
6,-511.76,5400,900,1.2606
7,-1144.91,6300,900,0.861
8,-662.88,7200,900,0.839
9,-569.49,8100,900,0.9379
10,-831.04,9000,900,0.9601
11,-949.19,9900,900,0.9605
12,-690.65,10800,900,0.9588
13,-220.18,11700,900,0.9569
14,-228.98,12600,900,0.975
15,-820.7,13500,900,0.976
16,-480.34,14400,900,0.9667
17,-406.85,15300,900,0.97
18,-503.79,16200,900,0.9498
19,-537.83,17100,900,0.961
20,-726.35,18000,900,0.9508
21,-790.6,18900,900,0.959
22,-835.25,19800,900,0.9885
23,-605.59,20700,900,0.9801
24,-297.53,21600,900,0.9684
25,-264.99,22500,900,0.9752
26,-893.52,23400,900,0.9746
27,-556.98,24300,900,0.9806
28,-398.44,25200,900,0.9567
29,-656.41,26100,900,0.9787
30,-358.89,27000,900,0.9628
31,-189.52,27900,900,0.9713
32,-643.38,28800,900,0.9782
33,-372.99,29700,900,0.9798
34,-622.08,30600,900,0.9844
35,-220.19,31500,900,0.9737
36,-282.81,32400,900,0.9706
37,-422.69,33300,900,0.9788
38,-221.43,34200,900,0.9668
39,-268.19,35100,900,0.9801
40,-275.43,36000,900,0.9695
41,-266.55,36900,900,0.987
42,-499.79,37800,900,0.9718
43,-240.02,38700,900,0.9737
44,-397.85,39600,900,0.9921
45,-431.63,40500,900,0.9754
46,-1780.5,41400,900,0.9846
47,-400.32,42300,900,0.9885
48,-288.43,43200,900,0.9762
49,-313.71,44100,900,0.9788
50,-371.4,45000,900,0.9716
51,-544.15,45900,900,0.973
52,-327.22,46800,900,0.9847
53,-425.06,47700,900,0.9758
54,-584.82,48600,900,0.977
55,-624.48,49500,900,0.9792
56,-592.28,50400,900,0.9644
57,-416.53,51300,900,0.9656
58,-425.62,52200,900,0.9582
59,-450.81,53100,900,0.9516
60,-331.38,54000,900,0.9504
61,-309.26,54900,900,0.9572
62,-325.16,55800,900,0.9711
63,-1299.54,56700,900,0.9896
64,-509.58,57600,900,0.9834
65,-574.92,58500,900,0.9832
66,-310.84,59400,900,0.9718
67,-313.14,60300,900,0.9791
68,-294.09,61200,900,0.9723
69,-261.11,62100,900,0.9753
70,-371.51,63000,900,0.9842
71,-340.41,63900,900,0.9727
72,-429.22,64800,900,0.9707
73,-259.99,65700,900,0.9779
74,-382.52,66600,900,0.9774
75,-174.86,67500,900,0.9726
76,-549.21,68400,900,0.9771
77,-587.31,69300,900,0.9744
78,-294.54,70200,900,0.978
79,-365.82,71100,900,0.9756
80,-353.34,72000,900,0.9828
81,-400.85,72900,900,0.987
82,-330.29,73800,900,0.9712
83,-1168.55,74700,900,0.9913
84,-240.7,75600,900,0.9839
85,-598.49,76500,900,0.9828
86,-258.55,77400,900,0.962
87,-1021.73,78300,900,0.9815
88,-319.85,79200,900,0.9873
89,-335.45,80100,900,0.9603
90,-1257.48,81000,900,0.9881
91,-383.01,81900,900,0.9694
92,-226.7,82800,900,0.9739
93,-251.54,83700,900,0.9696
94,-233.95,84600,900,0.9785
95,-259.58,85500,900,0.9776
96,-435.68,86400,900,0.9774
97,-261.91,87300,900,0.9877
98,-270.11,88200,900,0.9773
99,-357.9,89100,900,0.9766
100,-1023.25,90000,900,0.9861
101,-386.12,90900,900,0.9605
102,-225.37,91800,900,0.979
103,-662.51,92700,900,0.9788
104,-594.25,93600,900,0.9689
105,-340.79,94500,900,0.9896
106,-288.26,95400,900,0.9735
107,-734.47,96300,900,0.9722
108,-395.04,97200,900,0.9755
109,-258.24,98100,900,0.9826
110,-269.47,99000,900,0.9754
111,-500.05,99900,900,0.9806
112,-384.6,100800,900,0.9803
113,-252.16,101700,900,0.9818
114,-229.67,102600,900,0.984
115,-255.3,103500,900,0.9801
116,-407.98,104400,900,0.9703
117,-225.47,105300,900,0.9864
118,-235.2,106200,900,0.9849
119,-239.39,107100,900,0.9776
120,-487.69,108000,900,0.9706
121,-273.09,108900,900,0.9804
122,-277.9,109800,900,0.9696
123,-1298.49,110700,900,0.9923
124,-431.44,111600,900,0.9693
125,-254.01,112500,900,0.9819
126,-328.63,113400,900,0.978
127,-317.76,114300,900,0.9626
128,-320.57,115200,900,0.9718
129,-249.06,116100,900,0.9754
130,-331.7,117000,900,0.9774
131,-302.85,117900,900,0.9846
132,-644.69,118800,900,0.9637
133,-263.3,119700,900,0.9605
134,-444.41,120600,900,0.9743
135,-558.99,121500,900,0.99
136,-254.03,122400,900,0.9819
137,-248.38,123300,900,0.9701
138,-313.19,124200,900,0.9739
139,-470.9,125100,900,0.9795
140,-447.82,126000,900,0.9801
141,-351.17,126900,900,0.9831
142,-982.12,127800,900,0.9854
143,-315.3,128700,900,0.98
144,-197.95,129600,900,0.9762
145,-246.53,130500,900,0.9733
146,-342.03,131400,900,0.9923
147,-454.49,132300,900,0.9772
148,-537.39,133200,900,0.9791
149,-322.09,134100,900,0.9733
150,-263.32,135000,900,0.9754
151,-377.56,135900,900,0.976
152,-256.06,136800,900,0.975
153,-653.82,137700,900,0.981
154,-323.79,138600,900,0.9804
155,-279.38,139500,900,0.98
156,-408.65,140400,900,0.9759
157,-262.45,141300,900,0.9876
158,-1135.75,142200,900,0.9785
159,-281.2,143100,900,0.9804
160,-1669.86,144000,900,0.9929
161,-555.95,144900,900,0.9824
162,-822.75,145800,900,0.9835
163,-229.56,146700,900,0.9817
164,-217.09,147600,900,0.9921
165,-583.11,148500,900,0.9818
166,-219.16,149400,900,0.9793
167,-327.72,150300,900,0.984
168,-268.81,151200,900,0.9746
169,-403.7,152100,900,0.977
170,-878.14,153000,900,0.9902
171,-415.37,153900,900,0.9791
172,-308.39,154800,900,0.9865
173,-535.68,155700,900,0.975
174,-775.29,156600,900,0.9725
175,-362.46,157500,900,0.9681
176,-333.89,158400,900,0.9815
177,-256.63,159300,900,0.9848
178,-452.22,160200,900,0.9683
179,-299.5,161100,900,0.9822
180,-251.53,162000,900,0.9725
181,-406.86,162900,900,0.9773
182,-254.28,163800,900,0.9698
183,-346.65,164700,900,0.9624
184,-500.57,165600,900,0.9805
185,-272.62,166500,900,0.9855
186,109.02,167207,707,0.9769
187,-351.39,168107,900,0.9775
188,-189.85,169007,900,0.973
189,-426.45,169907,900,0.9797
190,-788.21,170807,900,0.9747
191,-375.21,171707,900,0.9815
192,-305.64,172607,900,0.9647
193,-386.53,173507,900,0.9802
194,-38.51,174211,704,0.9796
195,-120.98,175111,900,0.9684
196,-244.3,176011,900,0.9787
197,-215.38,176911,900,0.9873
198,-256.06,177811,900,0.979
199,-371.86,178711,900,0.9707
200,-236.5,179611,900,0.9849
201,-361.17,180511,900,0.9827
202,-199.43,181411,900,0.9711
203,-517.17,182311,900,0.9629
204,-313.82,183211,900,0.9758
205,-141.82,184111,900,0.9687
206,-387.36,185011,900,0.9722
207,-250.52,185911,900,0.9642
208,-440.57,186811,900,0.9803
209,-318.33,187711,900,0.982
210,-505.93,188611,900,0.9889
211,-204.39,189511,900,0.9947
212,-231.51,190411,900,0.972
213,-319.15,191311,900,0.9774
214,-244.63,192211,900,0.9918
215,-1131.48,193111,900,0.9969
216,-349.17,194011,900,0.9829
217,-242.24,194911,900,0.9739
218,-308.22,195811,900,0.9745
219,-423.19,196711,900,0.9825
220,-471.67,197611,900,0.9729
221,-280.21,198511,900,0.9893
222,-312.19,199411,900,0.9765
223,-319.25,200311,900,0.9798
224,-412.17,201211,900,0.9741
225,-305.03,202111,900,0.9759
226,-457.78,203011,900,0.9762
227,-197.4,203911,900,0.9802
228,-304.27,204811,900,0.9803
229,-232.95,205711,900,0.98
230,-192.85,206611,900,0.9671
231,-222.95,207511,900,0.9747
232,-276.83,208411,900,0.9915
233,-367.3,209311,900,0.9622
234,-371.47,210211,900,0.9789
235,-183.23,211111,900,0.9722
236,-347.14,212011,900,0.9863
237,-367.24,212911,900,0.9767
238,-446.77,213811,900,0.9814
239,-388.89,214711,900,0.9825
240,-403.31,215611,900,0.9856
241,-357.54,216511,900,0.9752
242,-673.09,217411,900,0.9746
243,18.81,218016,605,0.9955
244,-349.91,218916,900,0.9748
245,-1809.71,219816,900,0.9816
246,-250.01,220716,900,0.9918
247,-218.93,221616,900,0.9804
248,-1803.87,222516,900,0.9995
249,-236.41,223416,900,0.9731
250,-453.06,224316,900,0.9767
251,-414.61,225216,900,0.9787
252,-186.57,226116,900,0.9902
253,-522.22,227016,900,0.9719
254,-392.39,227916,900,0.977
255,-535.52,228816,900,0.9878
256,-248.11,229716,900,0.9771
257,-259.19,230616,900,0.9732
258,-1420.0,231516,900,0.9812
259,-523.93,232416,900,0.9794
260,-181.87,233316,900,0.9808
261,-541.96,234216,900,0.988
262,-310.94,235116,900,0.9795
263,-269.43,236016,900,1.0002
264,-258.42,236916,900,0.9775
265,-1461.81,237816,900,0.9784
266,-266.27,238716,900,0.9871
267,-380.43,239616,900,0.9696
268,-468.28,240516,900,0.9755
269,-175.38,241416,900,0.9716
270,-633.63,242316,900,0.9896
271,-516.78,243216,900,0.9817
272,-269.87,244116,900,0.9678
273,-672.3,245016,900,0.9876
274,-263.33,245916,900,0.9578
275,-297.38,246816,900,0.8999
276,-220.89,247716,900,0.9623
277,-982.88,248616,900,0.9634
278,-797.41,249516,900,0.987
279,-305.04,250416,900,0.9835
280,-314.54,251316,900,0.9755
281,-854.11,252216,900,0.9889
282,-187.94,253116,900,0.9816
283,-209.17,254016,900,0.973
284,-312.26,254916,900,0.9784
285,-296.01,255816,900,0.9783
286,-297.5,256716,900,0.9819
287,-355.66,257616,900,0.9759
288,-366.8,258516,900,0.9785
289,-644.47,259416,900,0.9936
290,-342.82,260316,900,0.977
291,-341.04,261216,900,1.0005
292,-519.1,262116,900,0.9751
293,-428.77,263016,900,0.9913
294,-117.87,263858,842,0.9752
295,-346.08,264758,900,0.9797
296,-334.75,265658,900,0.9803
297,-237.57,266558,900,0.9844
298,-525.13,267458,900,0.9792
299,-356.2,268358,900,0.9756
300,-369.76,269258,900,0.9741
301,-353.82,270158,900,0.9913
302,-198.56,271058,900,0.9873
303,-260.75,271958,900,0.9781
304,-6.38,272815,857,0.9748
305,-224.17,273715,900,0.9913
306,-336.0,274615,900,0.9701
307,-204.51,275515,900,0.9642
308,-373.98,276415,900,0.9723
309,-865.76,277315,900,0.9786
310,-963.6,278215,900,0.9761
311,-372.77,279115,900,1.0017
312,-734.35,280015,900,0.9903
313,-465.39,280915,900,0.9777
314,-353.08,281815,900,0.9874
315,-531.01,282715,900,0.9705
316,-466.17,283615,900,0.976
317,-532.4,284515,900,0.987
318,-336.69,285415,900,0.9842
319,-682.97,286315,900,0.9879
320,-269.76,287215,900,0.9704
321,-146.8,288115,900,0.9818
322,-377.41,289015,900,0.9814
323,-370.98,289915,900,0.988
324,98.1,290487,572,0.9881
325,-499.23,291387,900,0.989
326,-480.98,292287,900,0.9729
327,-357.62,293187,900,0.9837
328,-290.32,294087,900,0.9732
329,-333.94,294987,900,0.9706
330,-263.49,295887,900,0.9757
331,-206.56,296787,900,0.9926
332,-468.98,297687,900,0.9733
333,-233.94,298587,900,0.9761
334,-769.07,299487,900,0.9916
335,-377.54,300387,900,0.9812
336,-390.82,301287,900,0.9834
337,-336.33,302187,900,0.9815
338,-300.1,303087,900,0.9767
339,-378.88,303987,900,0.9827
340,-393.34,304887,900,0.9803
341,-369.17,305787,900,0.9807
342,-257.2,306687,900,0.9311
343,-886.53,307587,900,0.9555
344,-343.4,308487,900,0.9497
345,-263.7,309387,900,0.9565
346,-615.68,310287,900,0.9552
347,-448.07,311187,900,0.9723
348,-368.87,312087,900,0.9729
349,-345.84,312987,900,0.97
350,-463.77,313887,900,0.9684
351,-353.4,314787,900,0.9809
352,-334.21,315687,900,0.976
353,-232.48,316587,900,0.9735
354,-439.84,317487,900,0.9905
355,-279.32,318387,900,0.9811
356,-642.3,319287,900,0.9839
357,-538.18,320187,900,0.9718
358,-287.01,321087,900,0.9793
359,-619.01,321987,900,0.9739
360,26.54,322784,797,0.9749
361,-215.55,323684,900,0.9944
362,-362.22,324584,900,0.9908
363,-381.52,325484,900,0.9623
364,-201.86,326371,887,0.9856
365,-365.56,327271,900,0.9767
366,-1039.49,328171,900,0.9798
367,-1461.46,329071,900,0.9879
368,-314.99,329971,900,0.9746
369,-518.98,330871,900,0.9742
370,-382.76,331771,900,0.9678
371,-319.43,332671,900,0.9802
372,-328.45,333571,900,0.9725
373,-341.4,334471,900,0.9715
374,-201.54,335371,900,0.9757
375,-243.53,336271,900,0.9761
376,-375.38,337171,900,0.9762
377,-333.53,338071,900,0.9852
378,-311.08,338971,900,0.9768
379,-391.17,339871,900,0.9855
380,-435.84,340771,900,0.9709
381,-504.98,341671,900,0.9789
382,-422.36,342571,900,0.9877
383,-347.34,343471,900,0.9733
384,-372.38,344371,900,1.0011
385,-327.63,345271,900,0.9939
386,-484.77,346171,900,0.9784
387,-1178.04,347071,900,0.9783
388,-558.88,347971,900,0.9753
389,-409.25,348871,900,0.972
390,-291.84,349771,900,0.9805
391,-295.31,350671,900,0.9892
392,-479.72,351571,900,0.9949
393,-817.7,352471,900,0.9819
394,-361.57,353371,900,0.982
395,-1019.16,354271,900,0.9863
396,-251.36,355171,900,0.9772
397,-26.08,355875,704,0.9917
398,-215.99,356775,900,0.9786
399,-252.17,357675,900,0.9777
400,-275.84,358575,900,0.9806
401,-253.61,359475,900,0.9917
402,-204.23,360375,900,0.9887
403,-511.64,361275,900,0.9816
404,-234.38,362175,900,0.9702
405,-288.97,363075,900,0.9846
406,68.82,363698,623,0.9813
407,-299.94,364598,900,0.9784
408,-1177.83,365498,900,0.9818
409,-247.47,366398,900,0.9778
410,-339.56,367298,900,0.9763
411,-413.35,368198,900,0.9713
412,-427.3,369098,900,0.9825
413,-188.99,369998,900,0.9671
414,-258.49,370898,900,0.9642
415,108.21,371569,671,0.9711
416,-195.14,372469,900,0.9667
417,-343.99,373369,900,0.9462
418,-721.48,374269,900,0.9531
419,-401.39,375169,900,0.9521
420,-346.59,376069,900,0.9551
421,-1293.49,376969,900,0.9587
422,-327.46,377869,900,0.966
423,-232.63,378769,900,0.9626
424,-289.57,379669,900,0.9739
425,-313.41,380569,900,0.9781
426,-339.76,381469,900,0.9662
427,-185.05,382369,900,0.9648
428,-165.16,383269,900,0.9788
429,-339.94,384169,900,0.9679
430,52.28,384699,530,0.9782
431,-205.36,385599,900,0.9703
432,-292.75,386499,900,0.9785
433,-458.44,387399,900,0.9508
434,-215.78,388299,900,0.9543
435,-833.59,389199,900,0.966
436,-234.85,390099,900,0.9506
437,-316.98,390999,900,0.9465
438,-513.49,391899,900,0.9503
439,-224.82,392799,900,0.9579
440,-426.25,393699,900,0.9739
441,-229.89,394599,900,0.9744
442,-243.68,395499,900,0.9693
443,-317.6,396399,900,0.9827
444,-333.65,397299,900,0.9776
445,-1449.79,398199,900,0.9843
446,-210.29,399099,900,0.9614
447,-348.31,399999,900,0.9849
448,-472.18,400899,900,0.9668
449,-665.75,401799,900,0.9806
450,-368.51,402699,900,0.9648
451,-331.09,403599,900,0.9723
452,-533.56,404499,900,0.9824
453,-378.8,405399,900,0.9775
454,-630.18,406299,900,0.9749
455,97.89,407057,758,0.9701
456,-258.34,407957,900,0.975
457,-310.03,408857,900,0.9751
458,-218.08,409757,900,0.973
459,-307.03,410657,900,0.9662
460,-235.7,411557,900,0.9705
461,-258.14,412457,900,0.9731
462,-230.28,413357,900,0.9724
463,-200.67,414257,900,0.9819
464,-258.77,415157,900,0.9658
465,-395.25,416057,900,0.9678
466,-493.37,416957,900,0.9759
467,-254.06,417857,900,0.9683
468,-927.18,418757,900,0.9735
469,8.28,419533,776,0.9789
470,-236.06,420433,900,0.9748
471,-233.07,421333,900,0.9737
472,-257.59,422233,900,0.9663
473,-246.67,423133,900,0.9696
474,-714.09,424033,900,0.9809
475,-370.18,424933,900,0.9794
476,-415.62,425833,900,0.9659
477,-251.67,426733,900,0.9756
478,-519.4,427633,900,0.9721
479,-256.21,428533,900,0.9788
480,-233.39,429433,900,0.9703
481,-392.92,430333,900,0.971
482,-239.18,431233,900,0.9755
483,-473.63,432133,900,0.9699
484,-315.12,433033,900,0.9726
485,-234.86,433933,900,0.966
486,-216.49,434833,900,0.9595
487,-238.21,435733,900,0.9668
488,-184.83,436633,900,0.9711
489,-233.39,437533,900,0.9712
490,-532.9,438433,900,0.9771
491,-397.51,439333,900,0.9772
492,-1209.46,440233,900,0.9854
493,-585.24,441133,900,0.9783
494,-242.99,442033,900,0.9777
495,-252.27,442933,900,0.9786
496,-184.88,443833,900,0.979
497,-278.36,444733,900,0.9677
498,-1539.73,445633,900,0.9782
499,-770.76,446533,900,0.9854
500,-445.96,447433,900,0.9729
501,-236.66,448333,900,0.9685
502,-299.76,449233,900,0.9705
503,-224.91,450133,900,0.9712
504,-368.62,451033,900,0.9728
505,-206.12,451933,900,0.9682
506,-1043.26,452833,900,0.9892
507,-851.16,453733,900,0.9814
508,-315.2,454633,900,0.9756
509,-321.43,455533,900,0.9702
510,-426.23,456433,900,0.972
511,-247.15,457333,900,0.9724
512,-255.9,458233,900,0.9646
513,-367.87,459133,900,0.9781
514,-280.33,460033,900,0.973
515,-256.08,460933,900,0.9734
516,-414.13,461833,900,0.973
517,-139.62,462733,900,0.9625
518,-445.31,463633,900,0.9904
519,-254.7,464533,900,0.9623
520,-358.99,465433,900,0.9912
521,-321.33,466333,900,0.9591
522,-525.23,467233,900,0.9827
523,-358.76,468133,900,0.9764
524,-273.41,469033,900,0.9661
525,-352.38,469933,900,0.9763
526,-404.31,470833,900,0.9825
527,-291.39,471733,900,0.9718
528,-226.43,472633,900,0.9807
529,-303.46,473533,900,0.9757
530,-183.2,474433,900,0.9649
531,-196.73,475333,900,0.9785
532,-267.4,476233,900,0.9685
533,-405.24,477133,900,0.965
534,-296.98,478033,900,0.967
535,-381.29,478933,900,0.9733
536,-669.38,479833,900,0.9784
537,-201.77,480733,900,0.9706
538,-334.9,481633,900,0.9777
539,-616.79,482533,900,0.9713
540,-214.7,483433,900,0.9716
541,-236.61,484333,900,0.9691
542,-297.75,485233,900,0.9799
543,-575.72,486133,900,0.9706
544,-294.05,487033,900,0.9727
545,-269.0,487933,900,0.9647
546,-330.79,488833,900,0.9861
547,-232.55,489733,900,0.9656
548,-351.14,490633,900,0.9663
549,-241.78,491533,900,0.9738
550,-214.46,492433,900,0.9622
551,-404.17,493333,900,0.9709
552,-281.85,494233,900,0.9571
553,-305.88,495133,900,0.9798
554,-243.53,496033,900,0.9637
555,-184.18,496933,900,0.9677
556,-364.36,497833,900,0.9696
557,-332.02,498733,900,0.9718
558,-274.51,499633,900,0.9715
559,-418.44,500533,900,0.9798
560,-244.45,501433,900,0.9575
561,-336.99,502333,900,0.9663
562,-214.74,503233,900,0.9868
563,-456.42,504133,900,0.983
564,-205.32,505033,900,0.9656
565,-299.98,505933,900,0.9635
566,-298.53,506833,900,0.9711
567,-265.83,507733,900,0.9691
568,-274.41,508633,900,0.9634
569,-296.37,509533,900,0.9626
570,-537.76,510433,900,0.9772
571,-275.45,511333,900,0.9759
572,-249.44,512233,900,0.9653
573,-301.11,513133,900,0.9731
574,-231.83,514033,900,0.9603
575,-231.41,514933,900,0.964
576,-408.86,515833,900,0.9714
577,-837.17,516733,900,0.9758
578,-645.41,517633,900,0.9685
579,-256.48,518533,900,0.9666
580,-370.91,519433,900,0.9741
581,-442.63,520333,900,0.9749
582,-895.52,521233,900,0.9804
583,-577.89,522133,900,0.9755
584,-224.71,523033,900,0.9719
585,-339.82,523933,900,0.9777
586,-1377.41,524833,900,0.9807
587,-339.21,525733,900,0.9694
588,-263.74,526633,900,0.9739
589,-230.53,527533,900,0.9741
590,-31.97,528348,815,0.9785
591,-229.87,529248,900,0.9738
592,-1279.59,530148,900,0.9836
593,-1293.57,531048,900,0.979
594,-237.43,531948,900,0.9675
595,-319.25,532848,900,0.9655
596,-390.09,533748,900,0.9779
597,-445.96,534648,900,0.9741
598,-493.73,535548,900,0.9608
599,-251.34,536448,900,0.9713
600,-241.7,537348,900,0.9646
601,-1311.55,538248,900,0.981
602,-226.97,539148,900,0.977
603,-276.43,540048,900,0.9798
604,-357.27,540948,900,0.9752
605,-507.3,541848,900,0.9798
606,-839.68,542748,900,0.9764
607,-71.85,543629,881,0.9762
608,-317.03,544529,900,0.9556
609,-328.47,545429,900,0.9672
610,-379.65,546329,900,0.9584
611,-325.71,547229,900,0.9573
612,-633.47,548129,900,0.9614
613,-412.12,549029,900,0.9325
614,-1258.98,549929,900,0.9119
615,-396.0,550829,900,0.8766
616,-431.43,551729,900,0.93
617,-255.03,552629,900,0.8946
618,-954.06,553529,900,0.955
619,-1473.46,554429,900,0.9527
620,-1058.61,555329,900,0.9526
621,-198.2,556229,900,0.9436
622,-397.5,557129,900,0.9723
623,-405.97,558029,900,0.972
624,-372.16,558929,900,0.97
625,-1761.13,559829,900,0.977
626,-486.49,560729,900,0.9777
627,-298.32,561629,900,0.9031
628,-728.97,562529,900,0.9368
629,-846.48,563429,900,0.9518
630,-1851.27,564329,900,0.9459
631,-1845.52,565229,900,0.9694
632,-1853.57,566129,900,0.9464
633,-1845.4,567029,900,0.9514
634,-1857.78,567929,900,0.8989
635,-1844.82,568829,900,0.9339
636,-1855.63,569729,900,0.948
637,-1853.68,570629,900,0.9608
638,-1844.45,571529,900,0.9617
639,-1720.24,572429,900,0.9363
640,-254.53,573329,900,0.9408
641,-659.6,574229,900,0.9059
642,-241.23,575129,900,0.9074
643,-260.14,576029,900,0.9024
1,-142.58,900,900,1.5523
2,-1234.91,1800,900,1.5936
3,-216.04,2700,900,1.5263
4,-226.35,3600,900,1.618
5,-192.49,4500,900,1.5733
6,-126.53,5400,900,1.3057
7,-1044.52,6300,900,0.9449
8,-639.12,7200,900,0.9435
9,-591.36,8100,900,0.9334
10,-506.3,9000,900,0.9461
11,-482.8,9900,900,0.938
12,-1546.66,10800,900,0.9717
13,-422.29,11700,900,0.9653
14,-679.65,12600,900,0.9587
15,-514.78,13500,900,0.929
16,-582.82,14400,900,0.9512
17,-679.05,15300,900,0.9628
18,-229.49,16200,900,0.9489
19,-427.67,17100,900,0.9612
20,-636.84,18000,900,0.9267
21,-652.66,18900,900,0.9546
22,-689.51,19800,900,0.9397
23,-259.72,20700,900,0.9382
24,-76.08,21600,900,0.9499
25,-251.96,22500,900,0.962
26,-821.73,23400,900,0.9742
27,-1249.45,24300,900,0.9755
28,-169.76,25200,900,0.959
29,-160.24,26100,900,0.9688
30,-143.94,27000,900,0.9625
31,-128.82,27900,900,0.9723
32,-173.34,28800,900,0.9404
33,-332.41,29700,900,0.9297
34,-89.82,30600,900,0.9258
35,-260.0,31500,900,0.9337
36,-479.59,32400,900,0.9167
37,-82.12,33300,900,0.8909
38,-88.26,34200,900,0.9318
39,-497.6,35100,900,0.9406
40,-646.62,36000,900,0.9379
41,-349.74,36900,900,0.9413
42,-1019.13,37800,900,0.9462
43,-260.44,38700,900,0.9397
44,-248.86,39600,900,0.9421
45,-273.4,40500,900,0.9425
46,-327.52,41400,900,0.948
47,-230.51,42300,900,0.935
48,-585.54,43200,900,0.9466
49,-524.69,44100,900,0.9376
50,-276.88,45000,900,0.9446
51,-220.04,45900,900,0.9551
52,-216.12,46800,900,0.9665
53,-311.96,47700,900,0.9456
54,-1685.41,48600,900,0.9385
55,-455.13,49500,900,0.9254
56,-1714.3,50400,900,0.944
57,-403.01,51300,900,0.9358
58,-226.42,52200,900,0.9355
59,-602.85,53100,900,0.9224
60,-424.65,54000,900,0.9451
61,-1098.95,54900,900,0.9469
62,-1385.63,55800,900,0.9506
63,-526.67,56700,900,0.9377
64,-1119.66,57600,900,0.9361
65,-219.2,58500,900,0.9389
66,-621.33,59400,900,0.9413
67,-253.24,60300,900,0.9352
68,-885.42,61200,900,0.9572
69,-461.15,62100,900,0.9513
70,-734.9,63000,900,0.9418
71,-673.6,63900,900,0.9343
72,-159.49,64800,900,0.9401
73,-1085.19,65700,900,0.9397
74,-517.04,66600,900,0.9338
75,-498.41,67500,900,0.9331
76,-136.71,68400,900,0.9413
77,-680.15,69300,900,0.9301
78,-1703.3,70200,900,0.9564
79,-753.17,71100,900,0.9384
80,-122.47,72000,900,0.9458
81,-151.97,72900,900,0.9425
82,-59.13,73800,900,0.9333
83,-511.56,74700,900,0.9421
84,-376.52,75600,900,0.9355
85,-310.17,76500,900,0.9301
86,-536.77,77400,900,0.9334
87,-649.87,78300,900,0.9334
88,-622.96,79200,900,0.9384
89,-183.64,80100,900,0.9311
90,-363.12,81000,900,0.9397
91,-151.77,81900,900,0.9364
92,-648.35,82800,900,0.9306
93,-693.73,83700,900,0.9445
94,-346.08,84600,900,0.921
95,-162.44,85500,900,0.8697
96,-1057.25,86400,900,0.9178
97,-126.0,87300,900,0.9415
98,-342.86,88200,900,0.9325
99,-161.28,89100,900,0.9353
100,-156.11,90000,900,0.9034
101,-1724.18,90900,900,0.9805
102,-714.03,91800,900,0.9287
103,-176.49,92700,900,0.928
104,-346.8,93600,900,0.9156
105,-158.49,94500,900,0.9155
106,-325.19,95400,900,0.9135
107,-1622.34,96300,900,0.9243
108,-150.28,97200,900,0.9186
109,-190.04,98100,900,0.9137
110,-709.15,99000,900,0.9177
111,-119.86,99900,900,0.9202
112,-196.3,100800,900,0.924
113,-632.16,101700,900,0.9265
114,-962.83,102600,900,0.9293
115,-324.5,103500,900,0.9173
116,-608.67,104400,900,0.9294
117,-286.61,105300,900,0.9172
118,-609.75,106200,900,0.9199
119,-743.96,107100,900,0.917
120,-359.96,108000,900,0.9166
121,-153.01,108900,900,0.908
122,-113.02,109800,900,0.9203
123,-1547.79,110700,900,0.9229
124,-263.98,111600,900,0.9159
125,-657.26,112500,900,0.9346
126,-338.34,113400,900,0.93
127,-538.39,114300,900,0.9333
128,-337.72,115200,900,0.9302
129,-443.06,116100,900,0.9411
130,-534.37,117000,900,0.944
131,-743.74,117900,900,0.9345
132,-461.48,118800,900,0.9401
133,-163.91,119700,900,0.934
134,-785.12,120600,900,0.9441
135,-1332.82,121500,900,0.9389
136,-690.24,122400,900,0.9465
137,-497.05,123300,900,0.9426
138,-650.4,124200,900,0.935
139,-703.02,125100,900,0.9372
140,-376.22,126000,900,0.939
141,-343.67,126900,900,0.9267
142,-1703.9,127800,900,0.9379
143,-1708.8,128700,900,0.9519
144,-469.06,129600,900,0.9493
145,-385.46,130500,900,0.9463
146,-200.04,131400,900,0.9628
147,-1591.92,132300,900,0.9687
148,-701.78,133200,900,0.9511
149,-223.94,134100,900,0.9474
150,-1563.11,135000,900,0.9508
151,-1718.96,135900,900,0.9173
152,-607.52,136800,900,0.9133
153,-269.58,137700,900,0.9356
154,-273.93,138600,900,0.9363
155,-631.83,139500,900,0.9358
156,-166.08,140400,900,0.9347
157,-477.31,141300,900,0.9293
158,-371.52,142200,900,0.9409
159,-339.6,143100,900,0.9583
160,-369.12,144000,900,0.9394
161,-379.41,144900,900,0.9626
162,-609.4,145800,900,0.9689
163,-1682.62,146700,900,0.9686
164,-412.35,147600,900,0.9605
165,-377.72,148500,900,0.9704
166,-598.93,149400,900,0.9605
167,-1681.03,150300,900,0.9618
168,-436.84,151200,900,0.9743
169,-1042.22,152100,900,0.9712
170,-1023.68,153000,900,0.9645
171,-442.3,153900,900,0.9512
172,-1236.23,154800,900,0.9821
173,-486.94,155700,900,0.9574
174,-495.93,156600,900,0.9382
175,-619.44,157500,900,0.9097
176,-1203.07,158400,900,0.9412
177,-1517.17,159300,900,0.9435
178,-437.18,160200,900,0.9436
179,-112.06,161100,900,0.9335
180,-1459.92,162000,900,0.967
181,-159.67,162900,900,0.973
182,-333.52,163800,900,0.9731
183,-460.98,164700,900,0.969
184,-195.9,165600,900,0.9635
185,-271.09,166500,900,0.9463
186,-516.6,167400,900,0.9672
187,-557.92,168300,900,0.9721
188,-97.63,169200,900,0.9497
189,-419.29,170100,900,0.9371
190,-376.88,171000,900,0.943
191,-184.24,171900,900,0.9531
192,-390.72,172800,900,0.9501
193,-328.22,173700,900,0.9662
194,-1738.74,174600,900,0.9764
195,-207.11,175500,900,0.9572
196,-159.05,176400,900,0.9642
197,-352.25,177300,900,0.9729
198,-112.92,178200,900,0.9584
199,-519.7,179100,900,0.9755
200,-559.98,180000,900,0.9795
201,-222.47,180900,900,0.959
202,-699.66,181800,900,0.9721
203,-1183.54,182700,900,0.9688
204,-585.02,183600,900,0.9876
205,-186.07,184500,900,0.9685
206,-282.3,185400,900,0.9614
207,-611.14,186300,900,0.9826
208,-816.02,187200,900,0.961
209,-504.81,188100,900,0.9602
210,-603.08,189000,900,0.9764
211,-572.68,189900,900,0.9571
212,-280.1,190800,900,0.961
213,-178.53,191700,900,0.9922
214,-360.11,192600,900,0.9565
215,-1188.04,193500,900,0.9398
216,-418.23,194400,900,0.9686
217,-1030.82,195300,900,0.9725
218,-1450.64,196200,900,0.9721
219,-321.68,197100,900,0.9504
220,-1214.37,198000,900,0.955
221,-1309.69,198900,900,0.9832
222,-453.77,199800,900,0.9672
223,-194.2,200700,900,0.9633
224,-378.32,201600,900,0.9674
225,-406.66,202500,900,0.9728
226,-721.25,203400,900,0.9625
227,-430.67,204300,900,0.9684
228,-612.24,205200,900,0.9772
229,-774.83,206100,900,0.9634
230,-1352.96,207000,900,0.9956
231,-878.25,207900,900,0.9436
232,-1207.9,208800,900,0.932
233,-297.57,209700,900,0.9409
234,-461.03,210600,900,0.9389
235,-77.88,211500,900,0.9414
236,-518.41,212400,900,0.9344
237,-857.73,213300,900,0.9398
238,-407.98,214200,900,0.941
239,-422.43,215100,900,0.9864
240,-621.17,216000,900,0.963
241,-404.58,216900,900,0.9619
242,-1381.79,217800,900,0.9749
243,-179.48,218700,900,0.9721
244,-321.2,219600,900,0.9442
245,-620.75,220500,900,0.8993
246,-1388.14,221400,900,0.9177
247,-469.16,222300,900,0.9186
248,-136.33,223200,900,0.9044
249,-704.35,224100,900,0.8951
250,-637.69,225000,900,0.8802
251,-66.09,225900,900,0.8715
252,-372.57,226800,900,0.9508
253,-189.02,227700,900,0.9523
254,-304.9,228600,900,0.9168
255,-490.61,229500,900,0.8988
256,-1472.79,230400,900,0.9222
257,-1294.87,231300,900,0.913
258,-377.38,232200,900,0.9559
259,-117.24,233100,900,0.8923
260,-476.58,234000,900,0.903
261,-491.5,234900,900,0.9465
262,-320.16,235800,900,0.8817
263,-226.45,236700,900,0.9688
264,-488.58,237600,900,0.9104
265,-1242.48,238500,900,0.9501
266,-105.71,239400,900,0.9306
267,-415.6,240300,900,0.9042
268,-472.35,241200,900,1.0285
269,-713.52,242100,900,1.0493
270,-634.56,243000,900,1.0561
271,-637.41,243900,900,1.0521
272,-158.1,244800,900,1.0369
273,-154.96,245700,900,0.9557
274,-452.39,246600,900,0.981
275,-460.21,247500,900,0.9038
276,-1335.69,248400,900,0.9678
277,-263.35,249300,900,0.9529
278,-146.62,250200,900,0.9936
279,-139.4,251100,900,0.8472
280,-152.92,252000,900,0.9113
281,-104.08,252900,900,0.9268
282,-422.75,253800,900,0.9134
283,-1334.94,254700,900,0.9388
284,-129.96,255600,900,0.9054
285,-445.25,256500,900,0.8991
286,-930.05,257400,900,0.9419
287,-312.87,258300,900,1.013
288,-165.09,259200,900,0.4692
289,-398.15,260100,900,0.4368
290,-291.58,261000,900,0.4385
291,-305.48,261900,900,0.3932
292,-154.96,262800,900,0.4
293,-226.23,263700,900,0.3964
294,-426.28,264600,900,0.4067
295,-324.23,265500,900,0.4254
296,-182.89,266400,900,0.3977
297,-436.3,267300,900,0.4271
298,-444.0,268200,900,0.4058
299,-170.39,269100,900,0.4362
300,-287.48,270000,900,0.4229
301,-342.1,270900,900,0.4201
302,-431.5,271800,900,0.4398
303,-214.64,272700,900,0.4799
304,-305.73,273600,900,0.4632
305,-245.79,274500,900,0.4755
306,-465.33,275400,900,0.4611
307,-291.19,276300,900,0.4519
308,-154.18,277200,900,0.4733
309,-329.2,278100,900,0.453
310,-383.4,279000,900,0.4763
311,-309.46,279900,900,0.4664
312,-130.78,280800,900,0.4671
313,-334.6,281700,900,0.4747
314,-298.52,282600,900,0.4885
315,-283.69,283500,900,0.4682
316,-180.58,284400,900,0.4542
317,-380.71,285300,900,0.4524
318,-218.11,286200,900,0.451
319,-256.09,287100,900,0.4777
320,-276.74,288000,900,0.4529
321,-221.17,288900,900,0.4716
322,-365.56,289800,900,0.462
323,-270.27,290700,900,0.466
324,-284.84,291600,900,0.4555
325,-454.46,292500,900,0.4548
326,-251.11,293400,900,0.4543
327,-227.42,294300,900,0.5369
328,-197.14,295200,900,0.4898
329,-306.28,296100,900,0.4638
330,-448.66,297000,900,0.4751
331,-320.97,297900,900,0.4882
332,-221.25,298800,900,0.4702
333,-342.82,299700,900,0.4613
334,-254.53,300600,900,0.4638
335,-290.81,301500,900,0.4758
336,-390.02,302400,900,0.4603
337,-389.9,303300,900,0.47
338,-444.28,304200,900,0.4503
339,-272.13,305100,900,0.4447
340,-650.57,306000,900,0.4744
341,-425.45,306900,900,0.4505
342,-230.91,307800,900,0.4413
343,-218.53,308700,900,0.4513
344,-229.53,309600,900,0.4457
345,-161.08,310500,900,0.4762
346,-293.99,311400,900,0.4415
347,-294.73,312300,900,0.4478
348,-276.89,313200,900,0.4617
349,-322.73,314100,900,0.4969
350,-158.85,315000,900,0.4898
351,-198.23,315900,900,0.4786
352,-328.91,316800,900,0.5256
353,-121.44,317700,900,0.4459
354,-238.47,318600,900,0.4448
355,-220.61,319500,900,0.4574
356,-359.26,320400,900,0.4569
357,-199.72,321300,900,0.4583
358,-121.78,322200,900,0.4882
359,-321.95,323100,900,0.4693
360,-134.06,324000,900,0.4613
361,-188.44,324900,900,0.4567
362,-244.99,325800,900,0.437
363,-214.46,326700,900,0.444
364,-330.18,327600,900,0.4495
365,-259.76,328500,900,0.4547
366,-377.01,329400,900,0.4299
367,-88.49,330300,900,0.4384
368,-188.85,331200,900,0.4317
369,-248.24,332100,900,0.4299
370,-249.5,333000,900,0.4624
371,-195.22,333900,900,0.4119
372,-374.42,334800,900,0.4346
373,-303.93,335700,900,0.433
374,-394.34,336600,900,0.41
375,-182.84,337500,900,0.4311
376,-326.96,338400,900,0.4383
377,-98.79,339300,900,0.4147
378,-347.63,340200,900,0.4279
379,-306.96,341100,900,0.4164
380,-413.58,342000,900,0.4051
381,-198.91,342900,900,0.4135
382,-201.33,343800,900,0.4016
383,-340.24,344700,900,0.4071
384,-292.17,345600,900,0.4139
385,-186.36,346500,900,0.4052
386,-363.99,347400,900,0.4064
387,-418.91,348300,900,0.4193
388,-308.38,349200,900,0.406
389,-378.53,350100,900,0.3975
390,-288.59,351000,900,0.3935
391,-260.71,351900,900,0.3964
392,-227.5,352800,900,0.4206
393,-128.27,353700,900,0.4118
394,-378.46,354600,900,0.4077
395,-191.16,355500,900,0.3967
396,-400.97,356400,900,0.3972
397,-297.21,357300,900,0.3929
398,-377.09,358200,900,0.421
399,-672.1,359100,900,0.3911
400,-228.01,360000,900,0.4195
401,-49.67,360900,900,0.4039
402,-174.47,361800,900,0.4104
403,-257.94,362700,900,0.4099
404,-136.52,363600,900,0.3964
405,-225.79,364500,900,0.3969
406,-89.39,365400,900,0.3891
407,-246.86,366300,900,0.4089
408,-135.33,367200,900,0.3776
409,-237.72,368100,900,0.4123
410,-375.71,369000,900,0.4024
411,-181.15,369900,900,0.395
412,-212.11,370800,900,0.4075
413,-207.04,371700,900,0.4163
414,-176.05,372600,900,0.397
415,-190.46,373500,900,0.3869
416,-215.22,374400,900,0.4135
417,-159.23,375300,900,0.4321
418,-159.83,376200,900,0.4076
419,-282.15,377100,900,0.4029
420,-126.82,378000,900,0.399
421,-265.86,378900,900,0.3877
422,-214.58,379800,900,0.4024
423,-230.07,380700,900,0.3842
424,-279.1,381600,900,0.3879
425,-172.1,382500,900,0.3995
426,-66.38,383400,900,0.4007
427,-110.13,384300,900,0.3997
428,-64.25,385200,900,0.3943
429,-238.38,386100,900,0.4096
430,-89.14,387000,900,0.3829
431,-114.33,387900,900,0.4105
432,-83.57,388800,900,0.409
433,-58.09,389700,900,0.3814
434,-108.79,390600,900,0.4162
435,-61.41,391500,900,0.4094
436,-193.03,392400,900,0.4072
437,-187.58,393300,900,0.3988
438,-130.41,394200,900,0.3945
439,-98.15,395100,900,0.3965
440,-110.37,396000,900,0.3909
441,-74.29,396900,900,0.4079
442,-81.59,397800,900,0.422
443,-314.8,398700,900,0.4095
444,-132.81,399600,900,0.3972
445,-212.32,400500,900,0.4034
446,-55.93,401400,900,0.4024
447,-160.47,402300,900,0.4203
448,-267.13,403200,900,0.4061
449,-157.53,404100,900,0.4013
450,-104.21,405000,900,0.4118
451,-54.78,405900,900,0.3957
452,-140.13,406800,900,0.4015
453,-264.04,407700,900,0.3964
454,-307.01,408600,900,0.4151
455,-48.43,409500,900,0.4084
456,-240.77,410400,900,0.4061
457,-33.4,411300,900,0.3973
458,-612.03,412200,900,0.3868
459,-89.91,413100,900,0.4033
460,-192.56,414000,900,0.399
461,-276.19,414900,900,0.3965
462,-165.08,415800,900,0.4044
463,-201.94,416700,900,0.3972
464,-506.65,417600,900,0.3878
465,-336.25,418500,900,0.4072
466,-162.6,419400,900,0.4013
467,-205.17,420300,900,0.3872
468,-46.68,421200,900,0.4072
469,-140.36,422100,900,0.4159
470,-164.33,423000,900,0.3914
471,-185.28,423900,900,0.3959
472,-116.26,424800,900,0.4078
473,-141.64,425700,900,0.3942
474,-118.7,426600,900,0.4027
475,-79.84,427500,900,0.393
476,-118.2,428400,900,0.4016
477,-144.5,429300,900,0.4036
478,-67.49,430200,900,0.4009
479,-149.39,431100,900,0.4042
480,-239.86,432000,900,0.4129
481,-67.03,432900,900,0.4128
482,-383.21,433800,900,0.4212
483,-104.62,434700,900,0.4062
484,-177.17,435600,900,0.409
485,-486.11,436500,900,0.4035
486,-159.21,437400,900,0.3949
487,-171.75,438300,900,0.4206
488,-166.3,439200,900,0.4115
489,-446.84,440100,900,0.3952
490,-151.49,441000,900,0.4088
491,-224.8,441900,900,0.4273
492,-172.58,442800,900,0.39
493,-230.27,443700,900,0.4108
494,-193.86,444600,900,0.3921
495,-234.73,445500,900,0.4185
496,-261.26,446400,900,0.3878
497,-289.64,447300,900,0.4107
498,-237.0,448200,900,0.3931
499,-277.45,449100,900,0.4223
500,-279.0,450000,900,0.4059
501,-153.68,450900,900,0.4181
502,-339.46,451800,900,0.4155
503,-231.33,452700,900,0.4064
504,-113.52,453600,900,0.4122
505,-238.14,454500,900,0.4316
506,-120.7,455400,900,0.4124
507,-62.12,456300,900,0.4032
508,-432.23,457200,900,0.4175
509,-101.63,458100,900,0.4705
510,-145.85,459000,900,0.4474
511,-333.42,459900,900,0.4506
512,-156.12,460800,900,0.4048
513,-204.68,461700,900,0.4087
514,-271.28,462600,900,0.4072
515,-58.97,463500,900,0.3819
516,-102.08,464400,900,0.4128
517,-174.39,465300,900,0.3994
518,-120.77,466200,900,0.4126
519,-164.32,467100,900,0.3821
520,-208.1,468000,900,0.3943
521,-113.25,468900,900,0.4077
522,-204.79,469800,900,0.4179
523,-185.47,470700,900,0.3915
524,-66.53,471600,900,0.4098
525,-151.78,472500,900,0.4056
526,-118.66,473400,900,0.3997
527,-259.32,474300,900,0.4075
528,-168.59,475200,900,0.4046
529,-97.34,476100,900,0.4041
530,-187.12,477000,900,0.3852
531,-114.9,477900,900,0.4052
532,-131.67,478800,900,0.3963
533,-54.33,479700,900,0.4038
534,-326.64,480600,900,0.4087
535,-225.1,481500,900,0.4085
536,-64.24,482400,900,0.414
537,-142.21,483300,900,0.4092
538,-181.44,484200,900,0.4107
539,-112.4,485100,900,0.4174
540,-147.06,486000,900,0.4123
541,-109.29,486900,900,0.421
542,-245.97,487800,900,0.3968
543,-127.14,488700,900,0.3855
544,-265.11,489600,900,0.4139
545,-177.26,490500,900,0.4004
546,-208.26,491400,900,0.3887
547,-100.52,492300,900,0.4037
548,-126.99,493200,900,0.4027
549,-153.69,494100,900,0.398
550,-93.37,495000,900,0.3793
551,-283.99,495900,900,0.418
552,-108.8,496800,900,0.4037
553,-74.53,497700,900,0.3988
554,-179.53,498600,900,0.3777
555,-109.85,499500,900,0.4161
556,-325.73,500400,900,0.3929
557,-135.23,501300,900,0.3818
558,-335.41,502200,900,0.4099
559,-69.59,503100,900,0.3976
560,-188.13,504000,900,0.393
561,-358.59,504900,900,0.4069
562,-90.77,505800,900,0.4011
563,-284.84,506700,900,0.4039
564,-110.68,507600,900,0.4276
565,-143.86,508500,900,0.3902
566,-92.32,509400,900,0.3934
567,-171.09,510300,900,0.3895
568,-100.37,511200,900,0.3957
569,-187.76,512100,900,0.4003
570,-46.06,513000,900,0.414
571,-71.11,513900,900,0.4111
572,-139.59,514800,900,0.4116
573,-76.42,515700,900,0.4022
574,-106.08,516600,900,0.4139
575,-203.71,517500,900,0.3946
576,-156.44,518400,900,0.4079
577,-175.68,519300,900,0.4142
578,-242.77,520200,900,0.4194
579,-100.96,521100,900,0.3991
580,-193.89,522000,900,0.4197
581,-77.02,522900,900,0.4072
582,-141.04,523800,900,0.3856
583,-118.76,524700,900,0.4093
584,-353.18,525600,900,0.3977
585,-165.7,526500,900,0.4049
586,-163.76,527400,900,0.3883
587,-115.11,528300,900,0.404
588,-214.52,529200,900,0.4013
589,-112.21,530100,900,0.4019
590,-113.61,531000,900,0.4026
591,-194.0,531900,900,0.3929
592,-181.58,532800,900,0.3914
593,-228.85,533700,900,0.3976
594,-210.42,534600,900,0.4163
595,-119.05,535500,900,0.4053
596,-214.36,536400,900,0.419
597,-71.93,537300,900,0.3935
598,-111.33,538200,900,0.4096
599,-134.0,539100,900,0.3871
600,-231.33,540000,900,0.411
601,-213.1,540900,900,0.4055
602,-211.32,541800,900,0.3931
603,-115.55,542700,900,0.4032
604,-205.41,543600,900,0.3827
605,-197.07,544500,900,0.4009
606,-171.15,545400,900,0.4014
607,-64.66,546300,900,0.3875
608,-84.0,547200,900,0.3885
609,-186.73,548100,900,0.4204
610,-213.13,549000,900,0.3799
611,-292.58,549900,900,0.3965
612,-275.31,550800,900,0.4068
613,-245.52,551700,900,0.4084
614,-220.84,552600,900,0.3829
615,-231.07,553500,900,0.3992
616,-296.4,554400,900,0.4052
617,-229.32,555300,900,0.3923
618,-276.65,556200,900,0.4129
619,-359.28,557100,900,0.3988
620,-100.43,558000,900,0.4013
621,-305.23,558900,900,0.39
622,-265.27,559800,900,0.3976
623,-307.26,560700,900,0.3966
624,-303.36,561600,900,0.4019
625,-195.37,562500,900,0.3976
626,-208.85,563400,900,0.3965
627,-186.24,564300,900,0.3984
628,-245.82,565200,900,0.4275
629,-297.04,566100,900,0.3957
630,-347.02,567000,900,0.4119
631,-332.6,567900,900,0.4052
632,-303.76,568800,900,0.4096
633,-295.6,569700,900,0.4016
634,-210.21,570600,900,0.3893
635,-268.09,571500,900,0.3985
636,-433.37,572400,900,0.3871
637,-357.43,573300,900,0.408
638,-567.29,574200,900,0.3946
639,-160.02,575100,900,0.3974
640,-383.87,576000,900,0.398
641,-356.98,576900,900,0.3918
642,-283.92,577800,900,0.399
643,-384.5,578700,900,0.4006
644,-299.73,579600,900,0.4007
645,-335.1,580500,900,0.3933
646,-192.13,581400,900,0.3865
647,-401.26,582300,900,0.3874
648,-301.8,583200,900,0.3926
649,-115.87,584100,900,0.3883
650,-376.74,585000,900,0.4052
651,-279.62,585900,900,0.4014
652,-232.9,586800,900,0.4311
653,-224.22,587700,900,0.3839
654,-317.26,588600,900,0.3831
655,-205.51,589500,900,0.4113
656,-119.51,590400,900,0.3995
657,-284.24,591300,900,0.4085
658,-161.36,592200,900,0.401
659,-563.17,593100,900,0.3958
660,-228.92,594000,900,0.3995
661,-250.12,594900,900,0.3834
662,-447.12,595800,900,0.3907
663,-539.94,596700,900,0.405
664,-428.91,597600,900,0.4073
665,-425.28,598500,900,0.3917
666,-194.9,599400,900,0.394
667,-363.42,600300,900,0.3928
668,-375.98,601200,900,0.4054
669,-127.54,602100,900,0.4044
670,-257.48,603000,900,0.412
671,-304.46,603900,900,0.4092
672,-189.46,604800,900,0.4038
673,-277.04,605700,900,0.4075
674,-635.18,606600,900,0.3829
675,-280.34,607500,900,0.396
676,-315.03,608400,900,0.4091
677,-502.47,609300,900,0.3994
678,-186.06,610200,900,0.3955
679,-532.54,611100,900,0.3948
680,-138.54,612000,900,0.4126
681,-373.02,612900,900,0.3984
682,-357.36,613800,900,0.4102
683,-413.66,614700,900,0.3883
684,-152.29,615600,900,0.4082
685,-227.42,616500,900,0.401
686,-249.17,617400,900,0.4169
687,-218.77,618300,900,0.4226
688,-90.97,619200,900,0.3971
689,-83.3,620100,900,0.4059
690,-421.12,621000,900,0.388
691,-176.4,621900,900,0.3847
692,-248.74,622800,900,0.4025
693,-318.55,623700,900,0.4131
694,-331.12,624600,900,0.3975
695,-148.6,625500,900,0.404
696,-267.28,626400,900,0.3913
697,-303.16,627300,900,0.4158
698,-148.72,628200,900,0.4103
699,-219.19,629100,900,0.406
700,-185.3,630000,900,0.3998
701,-212.45,630900,900,0.3993
702,-559.36,631800,900,0.4094
703,-234.42,632700,900,0.3975
704,-104.48,633600,900,0.3956
705,-160.87,634500,900,0.3832
706,-203.01,635400,900,0.3919
707,-251.07,636300,900,0.4272
708,-205.5,637200,900,0.4104
709,-107.62,638100,900,0.394
710,-278.13,639000,900,0.4107
711,-229.14,639900,900,0.4087
712,-360.74,640800,900,0.3841
713,-111.22,641700,900,0.402
714,-82.04,642600,900,0.4048
715,-171.78,643500,900,0.3979
716,-206.2,644400,900,0.4142
717,-171.91,645300,900,0.4097
718,-138.2,646200,900,0.4204
719,-121.82,647100,900,0.4097
720,-136.99,648000,900,0.4036
721,-130.58,648900,900,0.3917
722,-84.08,649800,900,0.3856
723,-171.0,650700,900,0.4292
724,-219.2,651600,900,0.4067
725,-131.67,652500,900,0.4049
726,-293.34,653400,900,0.3958
727,-108.32,654300,900,0.3936
728,-214.64,655200,900,0.4043
729,-240.78,656100,900,0.3987
730,-293.93,657000,900,0.3979
731,-270.69,657900,900,0.4063
732,-169.16,658800,900,0.3946
733,-436.79,659700,900,0.3764
734,-278.38,660600,900,0.4064
735,-303.49,661500,900,0.3871
736,-129.58,662400,900,0.4046
737,-236.31,663300,900,0.4019
738,-86.77,664200,900,0.4146
739,-156.48,665100,900,0.4074
740,-186.26,666000,900,0.3917
741,-111.51,666900,900,0.3858
742,-140.97,667800,900,0.3958
743,-267.49,668700,900,0.4074
744,-178.36,669600,900,0.3958
745,-311.38,670500,900,0.4027
746,-218.78,671400,900,0.4074
747,-201.5,672300,900,0.4056
748,-167.53,673200,900,0.3844
749,-194.83,674100,900,0.4076
750,-107.22,675000,900,0.4039
751,-154.18,675900,900,0.4013
752,-241.61,676800,900,0.397
753,-137.37,677700,900,0.3766
754,-231.45,678600,900,0.4125
755,-305.73,679500,900,0.4028
756,-108.05,680400,900,0.4219
757,-265.55,681300,900,0.4057
758,-149.88,682200,900,0.3934
759,-252.87,683100,900,0.4172
760,-161.14,684000,900,0.4325
761,-215.2,684900,900,0.4109
762,-289.2,685800,900,0.412
763,-78.75,686700,900,0.3983
764,-187.14,687600,900,0.4093
765,-228.71,688500,900,0.3965
766,-127.17,689400,900,0.4103
767,-342.66,690300,900,0.4024
768,-206.2,691200,900,0.4046
769,-214.25,692100,900,0.4036
770,-107.53,693000,900,0.3916
771,-185.2,693900,900,0.4007
772,-109.03,694800,900,0.3829
773,-112.3,695700,900,0.4088
774,-174.47,696600,900,0.3944
775,-221.48,697500,900,0.4106
776,-255.09,698400,900,0.3832
777,-145.32,699300,900,0.3917
778,-205.46,700200,900,0.3969
779,-170.34,701100,900,0.3993
780,-152.03,702000,900,0.4053
781,-225.87,702900,900,0.4179
782,-255.06,703800,900,0.3897
783,-142.51,704700,900,0.4105
784,-179.08,705600,900,0.4137
785,-188.31,706500,900,0.3898
786,-243.05,707400,900,0.403
787,-100.32,708300,900,0.396
788,-204.34,709200,900,0.4168
789,-124.01,710100,900,0.414
790,-269.58,711000,900,0.3973
791,-124.9,711900,900,0.3998
792,-224.48,712800,900,0.3954
793,-132.51,713700,900,0.4059
794,-211.64,714600,900,0.4008
795,-175.11,715500,900,0.4026
796,-169.04,716400,900,0.3993
797,-234.52,717300,900,0.4005
798,-170.0,718200,900,0.4044
799,-197.0,719100,900,0.3882
800,-112.97,720000,900,0.414
801,-173.15,720900,900,0.4034
802,-209.3,721800,900,0.3967
803,-182.5,722700,900,0.4259
804,-224.36,723600,900,0.4101
805,-301.0,724500,900,0.4088
806,-228.31,725400,900,0.4092
807,-178.53,726300,900,0.4035
808,-164.02,727200,900,0.3956
809,-222.21,728100,900,0.3946
810,-252.8,729000,900,0.4071
811,-174.75,729900,900,0.3995
812,-143.3,730800,900,0.4125
813,-103.05,731700,900,0.4075
814,-222.55,732600,900,0.3846
815,-208.43,733500,900,0.3893
816,-134.81,734400,900,0.3948
817,-247.06,735300,900,0.4096
818,-188.21,736200,900,0.3901
819,-181.34,737100,900,0.3898
820,-161.34,738000,900,0.4131
821,-282.59,738900,900,0.4096
822,-328.28,739800,900,0.3923
823,-272.67,740700,900,0.388
824,-88.19,741600,900,0.4068
825,-442.98,742500,900,0.4036
826,-269.85,743400,900,0.39
827,-309.2,744300,900,0.415
828,-254.7,745200,900,0.3906
829,-387.67,746100,900,0.3901
830,-201.96,747000,900,0.4045
831,-297.96,747900,900,0.4133
832,-273.64,748800,900,0.3763
833,-185.6,749700,900,0.4113
834,-153.27,750600,900,0.4018
835,-416.61,751500,900,0.4045
836,-222.92,752400,900,0.4055
837,-78.75,753300,900,0.4217
838,-178.9,754200,900,0.4138
839,-168.69,755100,900,0.3935
840,-251.4,756000,900,0.3752
841,-247.04,756900,900,0.4086
842,-153.38,757800,900,0.3977
843,-132.64,758700,900,0.3946
844,-138.17,759600,900,0.4163
845,-112.7,760500,900,0.4058
846,-325.45,761400,900,0.3927
847,-173.77,762300,900,0.3837
848,-233.52,763200,900,0.4063
849,-280.09,764100,900,0.3977
850,-79.64,765000,900,0.4051
851,-131.32,765900,900,0.4196
852,-119.6,766800,900,0.4072
853,-133.0,767700,900,0.4202
854,-175.22,768600,900,0.4149
855,-289.12,769500,900,0.4177
856,-1095.66,770400,900,0.3928
857,-221.24,771300,900,0.409
858,-323.42,772200,900,0.4026
859,-109.02,773100,900,0.4055
860,-151.33,774000,900,0.4011
861,-131.05,774900,900,0.403
862,-189.48,775800,900,0.4305
863,-170.13,776700,900,0.4093
864,-374.92,777600,900,0.3963
865,-179.66,778500,900,0.3775
866,-199.56,779400,900,0.3934
867,-235.17,780300,900,0.3916
868,-214.21,781200,900,0.4046
869,-497.46,782100,900,0.4019
870,-92.18,783000,900,0.3888
871,-181.17,783900,900,0.3908
872,-242.68,784800,900,0.4069
873,-189.59,785700,900,0.4156
874,-237.67,786600,900,0.4057
875,-181.26,787500,900,0.3916
876,-323.78,788400,900,0.3944
877,-340.43,789300,900,0.4003
878,-215.27,790200,900,0.4029
879,-191.65,791100,900,0.4027
880,-181.5,792000,900,0.3922
881,-337.56,792900,900,0.4009
882,-140.55,793800,900,0.4002
883,-185.62,794700,900,0.416
884,-164.83,795600,900,0.3926
885,-148.12,796500,900,0.3869
886,-165.51,797400,900,0.4094
887,-87.69,798300,900,0.3891
888,-173.92,799200,900,0.4111
889,-317.83,800100,900,0.4045
890,-212.46,801000,900,0.4059
891,-119.84,801900,900,0.3981
892,-261.49,802800,900,0.398
893,-152.88,803700,900,0.3909
894,-65.16,804600,900,0.4203
895,-327.33,805500,900,0.4007
896,-131.96,806400,900,0.4172
897,-187.49,807300,900,0.3842
898,-124.79,808200,900,0.3893
899,-179.48,809100,900,0.4174
900,-181.17,810000,900,0.3879
901,-248.07,810900,900,0.3913
902,-216.96,811800,900,0.3923
903,-190.32,812700,900,0.4187
904,-163.53,813600,900,0.4212
905,-133.92,814500,900,0.404
906,-82.03,815400,900,0.4001
907,-171.79,816300,900,0.4142
908,-250.96,817200,900,0.3896
909,-277.68,818100,900,0.3984
910,-118.73,819000,900,0.3943
911,-178.49,819900,900,0.3869
912,-223.22,820800,900,0.3987
913,-260.23,821700,900,0.414
914,-220.88,822600,900,0.3926
915,-318.11,823500,900,0.4134
916,-153.86,824400,900,0.4029
917,-204.08,825300,900,0.3812
918,-180.98,826200,900,0.4056
919,-449.09,827100,900,0.4091
920,-315.7,828000,900,0.3964
921,-211.61,828900,900,0.3939
922,-387.98,829800,900,0.3882
923,-139.32,830700,900,0.4141
924,-183.37,831600,900,0.3945
925,-181.96,832500,900,0.3958
926,-367.3,833400,900,0.4032
927,-281.76,834300,900,0.3887
928,-42.42,835200,900,0.4054
929,-168.97,836100,900,0.391
930,-115.24,837000,900,0.4043
931,-110.88,837900,900,0.4129
932,-137.12,838800,900,0.3939
933,-397.84,839700,900,0.3945
934,-298.22,840600,900,0.3794
935,-300.69,841500,900,0.3849
936,-543.12,842400,900,0.4069
937,-447.24,843300,900,0.3962
938,-466.92,844200,900,0.4089
939,-183.8,845100,900,0.4059
940,-455.56,846000,900,0.4141
941,-369.18,846900,900,0.411
942,-409.7,847800,900,0.3915
943,-405.36,848700,900,0.4008
944,-250.86,849600,900,0.4026
945,-249.11,850500,900,0.4083
946,-474.65,851400,900,0.4032
947,-325.23,852300,900,0.4083
948,-439.12,853200,900,0.4073
949,-188.61,854100,900,0.391
950,-194.1,855000,900,0.4219
951,-389.53,855900,900,0.4057
952,-445.24,856800,900,0.4178
953,-401.45,857700,900,0.4273
954,-439.38,858600,900,0.4087
955,-296.07,859500,900,0.408
956,-60.16,860400,900,0.3949
957,-436.32,861300,900,0.4007
958,-303.25,862200,900,0.4177
959,-137.69,863100,900,0.4189
960,-211.87,864000,900,0.4125
961,-51.89,864900,900,0.4371
962,-125.85,865800,900,0.3995
963,-117.83,866700,900,0.3876
964,-319.65,867600,900,0.4043
965,-313.34,868500,900,0.3997
966,-265.24,869400,900,0.4054
967,-158.24,870300,900,0.3881
968,-206.85,871200,900,0.3959
969,-442.52,872100,900,0.4036
970,-253.02,873000,900,0.3805
971,-110.88,873900,900,0.4115
972,-154.44,874800,900,0.4057
973,-437.31,875700,900,0.4031
974,-235.3,876600,900,0.4085
975,-476.22,877500,900,0.4128
976,-195.2,878400,900,0.3972
977,-142.07,879300,900,0.4193
978,-423.2,880200,900,0.3924
979,-332.57,881100,900,0.4045
980,-84.75,882000,900,0.4074
981,-355.2,882900,900,0.3896
982,-370.58,883800,900,0.3847
983,-310.69,884700,900,0.3938
984,-403.73,885600,900,0.4234
985,-182.83,886500,900,0.388
986,-431.36,887400,900,0.4103
987,-55.03,888300,900,0.4334
988,-139.75,889200,900,0.4041
989,-265.33,890100,900,0.395
990,-448.74,891000,900,0.3973
991,-137.04,891900,900,0.3826
992,-581.0,892800,900,0.3954
993,-408.26,893700,900,0.3907
994,-383.5,894600,900,0.3953
995,-319.28,895500,900,0.4178
996,-355.25,896400,900,0.399
997,-287.03,897300,900,0.4002
998,-369.07,898200,900,0.3971
999,-163.35,899100,900,0.3993
1000,-202.92,900000,900,0.3964
1,-166.73,900,900,0.6271
2,-212.25,1800,900,0.6233
3,-44.86,2700,900,0.6371
4,-102.04,3600,900,0.6209
5,-106.03,4500,900,0.6302
6,-67.41,5400,900,0.5481
7,-128.08,6300,900,0.439
8,-125.9,7200,900,0.4627
9,-298.01,8100,900,0.4886
10,-260.3,9000,900,0.4682
11,-333.53,9900,900,0.47
12,-228.57,10800,900,0.4736
13,-263.25,11700,900,0.4609
14,-173.99,12600,900,0.4666
15,-216.25,13500,900,0.4857
16,-221.78,14400,900,0.4708
17,-306.7,15300,900,0.4638
18,-65.69,16200,900,0.4546
19,-65.09,17100,900,0.4585
20,-46.6,18000,900,0.4493
21,-116.24,18900,900,0.4512
22,-207.16,19800,900,0.4716
23,-277.09,20700,900,0.459
24,-112.18,21600,900,0.4534
25,-213.6,22500,900,0.4668
26,-318.95,23400,900,0.4512
27,-154.65,24300,900,0.4767
28,-205.95,25200,900,0.4391
29,-154.6,26100,900,0.4688
30,-75.08,27000,900,0.4783
31,-255.18,27900,900,0.4701
32,-151.17,28800,900,0.4385
33,-226.03,29700,900,0.4585
34,-99.35,30600,900,0.4808
35,-217.33,31500,900,0.4707
36,-102.3,32400,900,0.4694
37,-193.02,33300,900,0.4559
38,-64.08,34200,900,0.4651
39,-230.41,35100,900,0.4519
40,-55.76,36000,900,0.4607
41,-52.02,36900,900,0.442
42,-79.82,37800,900,0.4647
43,-61.35,38700,900,0.4581
44,-59.08,39600,900,0.4499
45,-48.91,40500,900,0.4475
46,-122.7,41400,900,0.4329
47,-97.45,42300,900,0.4652
48,-126.36,43200,900,0.4455
49,-120.84,44100,900,0.4759
50,-262.09,45000,900,0.4625
51,-321.4,45900,900,0.4576
52,-51.16,46800,900,0.4759
53,-80.24,47700,900,0.4787
54,-65.64,48600,900,0.4651
55,-55.89,49500,900,0.4619
56,-173.31,50400,900,0.4768
57,-187.89,51300,900,0.4731
58,-177.79,52200,900,0.4734
59,-99.13,53100,900,0.4433
60,-227.53,54000,900,0.4688
61,-242.77,54900,900,0.4509
62,-125.56,55800,900,0.4765
63,-440.95,56700,900,0.4572
64,-235.86,57600,900,0.4518
65,-196.7,58500,900,0.4838
66,-126.28,59400,900,0.4719
67,-345.52,60300,900,0.448
68,-239.96,61200,900,0.4685
69,-542.15,62100,900,0.4508
70,-462.56,63000,900,0.4611
71,-433.19,63900,900,0.4786
72,-261.1,64800,900,0.4807
73,-264.53,65700,900,0.4663
74,-281.68,66600,900,0.4494
75,-245.29,67500,900,0.4524
76,-405.52,68400,900,0.4485
77,-433.16,69300,900,0.4589
78,-409.04,70200,900,0.4659
79,-282.95,71100,900,0.4453
80,-224.04,72000,900,0.4791
81,-296.31,72900,900,0.4752
82,-217.21,73800,900,0.4723
83,-106.3,74700,900,0.4512
84,-89.81,75600,900,0.4612
85,-148.66,76500,900,0.4638
86,-80.53,77400,900,0.4495
87,-189.52,78300,900,0.4626
88,-119.31,79200,900,0.4728
89,-69.92,80100,900,0.4747
90,-316.12,81000,900,0.4635
91,-234.39,81900,900,0.4678
92,-108.6,82800,900,0.4594
93,-139.33,83700,900,0.4722
94,-103.97,84600,900,0.4526
95,-238.33,85500,900,0.4388
96,-159.52,86400,900,0.4719
97,-181.87,87300,900,0.4763
98,-58.25,88200,900,0.4485
99,-235.84,89100,900,0.4699
100,-112.49,90000,900,0.4649
101,-195.05,90900,900,0.4525
102,-143.02,91800,900,0.4863
103,-59.81,92700,900,0.4641
104,-58.01,93600,900,0.447
105,-64.01,94500,900,0.4752
106,-77.62,95400,900,0.4603
107,-70.27,96300,900,0.4415
108,-109.75,97200,900,0.4539
109,-76.01,98100,900,0.4711
110,-90.12,99000,900,0.4493
111,-131.74,99900,900,0.4638
112,-60.13,100800,900,0.4682
113,-69.16,101700,900,0.464
114,-66.18,102600,900,0.4685
115,-61.56,103500,900,0.4641
116,-66.93,104400,900,0.4504
117,-64.45,105300,900,0.4502
118,-65.74,106200,900,0.4701
119,-69.26,107100,900,0.4533
120,-59.76,108000,900,0.4518
121,-64.98,108900,900,0.4645
122,-58.96,109800,900,0.4602
123,-46.96,110700,900,0.4706
124,-61.62,111600,900,0.4637
125,-49.1,112500,900,0.4539
126,-67.16,113400,900,0.4662
127,-68.13,114300,900,0.4647
128,-63.52,115200,900,0.4734
129,-63.44,116100,900,0.4763
130,-61.37,117000,900,0.469
131,-160.12,117900,900,0.4704
132,-72.65,118800,900,0.4718
133,-59.78,119700,900,0.4658
134,-55.63,120600,900,0.4855
135,-50.18,121500,900,0.4764
136,-66.87,122400,900,0.456
137,-74.22,123300,900,0.4627
138,-68.1,124200,900,0.45
139,-118.66,125100,900,0.4425
140,-83.74,126000,900,0.4913
141,-66.77,126900,900,0.4504
142,-61.99,127800,900,0.4697
143,-97.34,128700,900,0.4704
144,-62.6,129600,900,0.4867
145,-62.1,130500,900,0.4707
146,-214.92,131400,900,0.4643
147,-294.05,132300,900,0.454
148,-221.05,133200,900,0.46
149,-216.77,134100,900,0.4408
150,-286.9,135000,900,0.4707
151,-47.11,135900,900,0.4593
152,-215.8,136800,900,0.4578
153,-186.6,137700,900,0.4527
154,-335.2,138600,900,0.4683
155,-185.33,139500,900,0.4681
156,-292.48,140400,900,0.4647
157,-362.39,141300,900,0.4731
158,-425.02,142200,900,0.4547
159,-197.13,143100,900,0.4546
160,-191.22,144000,900,0.4673
161,-307.31,144900,900,0.4531
162,-160.03,145800,900,0.4648
163,-184.65,146700,900,0.469
164,-83.93,147600,900,0.4624
165,-88.83,148500,900,0.4531
166,-305.17,149400,900,0.4631
167,-179.23,150300,900,0.4539
168,-335.6,151200,900,0.4465
169,-149.21,152100,900,0.4699
170,-127.61,153000,900,0.4548
171,-82.68,153900,900,0.4684
172,-260.43,154800,900,0.4679
173,-233.09,155700,900,0.4567
174,-227.11,156600,900,0.4452
175,-381.38,157500,900,0.4577
176,-427.95,158400,900,0.4526
177,-432.49,159300,900,0.4477
178,-404.37,160200,900,0.4454
179,-54.3,161100,900,0.4669
180,-391.99,162000,900,0.4469
181,-296.8,162900,900,0.4614
182,-39.97,163800,900,0.4592
183,-198.79,164700,900,0.4483
184,-347.15,165600,900,0.47
185,-162.13,166500,900,0.4577
186,-213.1,167400,900,0.4427
187,-62.58,168300,900,0.4611
188,-216.75,169200,900,0.444
189,-239.02,170100,900,0.4732
190,-219.78,171000,900,0.453
191,-118.06,171900,900,0.4576
192,-201.31,172800,900,0.4581
193,-68.53,173700,900,0.4773
194,-329.22,174600,900,0.4597
195,-65.02,175500,900,0.4456
196,-285.52,176400,900,0.4508
197,-164.92,177300,900,0.458
198,-167.0,178200,900,0.4601
199,-189.69,179100,900,0.4586
200,-158.88,180000,900,0.4527
201,-92.33,180900,900,0.4542
202,-295.85,181800,900,0.4423
203,-231.16,182700,900,0.4742
204,-238.71,183600,900,0.4554
205,-74.5,184500,900,0.4594
206,-309.84,185400,900,0.4718
207,-77.63,186300,900,0.464
208,-362.01,187200,900,0.4727
209,-242.59,188100,900,0.4796
210,-230.22,189000,900,0.4508
211,-127.89,189900,900,0.45
212,-160.41,190800,900,0.4544
213,-136.84,191700,900,0.4496
214,-62.01,192600,900,0.4669
215,-276.75,193500,900,0.4532
216,-78.99,194400,900,0.4776
217,-229.75,195300,900,0.472
218,-110.84,196200,900,0.4489
219,-92.49,197100,900,0.4781
220,-139.15,198000,900,0.464
221,-177.96,198900,900,0.4619
222,-244.28,199800,900,0.4586
223,-132.14,200700,900,0.451
224,-187.84,201600,900,0.4505
225,-228.31,202500,900,0.4685
226,-174.38,203400,900,0.474
227,-109.21,204300,900,0.4568
228,-389.21,205200,900,0.4754
229,-179.34,206100,900,0.4513
230,-236.53,207000,900,0.4591
231,-379.49,207900,900,0.4624
232,-376.63,208800,900,0.4467
233,-324.81,209700,900,0.4683
234,-84.73,210600,900,0.4747
235,-375.76,211500,900,0.4538
236,-153.19,212400,900,0.4728
237,-90.92,213300,900,0.4649
238,-320.85,214200,900,0.4629
239,-197.9,215100,900,0.4398
240,-324.81,216000,900,0.47
241,-120.7,216900,900,0.4484
242,-144.45,217800,900,0.46
243,-166.59,218700,900,0.4584
244,-294.76,219600,900,0.4728
245,-357.9,220500,900,0.4679
246,-396.58,221400,900,0.4373
247,-160.82,222300,900,0.4691
248,-290.27,223200,900,0.4679
249,-228.7,224100,900,0.4549
250,-64.96,225000,900,0.4678
251,-85.13,225900,900,0.4596
252,-255.64,226800,900,0.4659
253,-113.68,227700,900,0.4559
254,-130.51,228600,900,0.4518
255,-150.88,229500,900,0.4741
256,-170.72,230400,900,0.4564
257,-100.16,231300,900,0.4455
258,-209.23,232200,900,0.4536
259,-283.29,233100,900,0.4519
260,-197.0,234000,900,0.4564
261,-181.59,234900,900,0.4511
262,-230.86,235800,900,0.4572
263,-211.92,236700,900,0.4709
264,-162.61,237600,900,0.456
265,-271.82,238500,900,0.4464
266,-123.25,239400,900,0.4659
267,-280.56,240300,900,0.4551
268,-48.1,241200,900,0.4543
269,-164.45,242100,900,0.4593
270,-205.85,243000,900,0.4415
271,-149.19,243900,900,0.4331
272,-63.65,244800,900,0.4644
273,-135.31,245700,900,0.468
274,-102.83,246600,900,0.458
275,-172.64,247500,900,0.4623
276,-171.58,248400,900,0.4466
277,-145.03,249300,900,0.4519
278,-208.73,250200,900,0.4506
279,-606.59,251100,900,0.4776
280,-380.96,252000,900,0.4452
281,-212.19,252900,900,0.4538
282,-381.78,253800,900,0.463
283,-143.34,254700,900,0.4648
284,-108.83,255600,900,0.4598
285,-100.7,256500,900,0.46
286,-207.71,257400,900,0.4472
287,-217.23,258300,900,0.4377
288,-203.27,259200,900,0.4562
289,-95.45,260100,900,0.457
290,-60.06,261000,900,0.4577
291,-133.13,261900,900,0.4481
292,-368.96,262800,900,0.45
293,-168.63,263700,900,0.4579
294,-248.77,264600,900,0.4641
295,-335.26,265500,900,0.445
296,-74.67,266400,900,0.4761
297,-477.83,267300,900,0.4603
298,-204.67,268200,900,0.4547
299,-164.67,269100,900,0.4671
300,-146.57,270000,900,0.4731
301,-422.13,270900,900,0.455
302,-73.24,271800,900,0.464
303,-121.65,272700,900,0.4453
304,-130.53,273600,900,0.454
305,-156.68,274500,900,0.4483
306,-372.86,275400,900,0.4609
307,-94.83,276300,900,0.4767
308,-286.56,277200,900,0.4486
309,-56.36,278100,900,0.4572
310,-181.88,279000,900,0.4488
311,-327.61,279900,900,0.4551
312,-167.14,280800,900,0.4538
313,-108.73,281700,900,0.4449
314,-427.47,282600,900,0.4642
315,-493.29,283500,900,0.4688
316,-115.88,284400,900,0.4634
317,-178.26,285300,900,0.475
318,-335.89,286200,900,0.4594
319,-382.85,287100,900,0.4718
320,-278.46,288000,900,0.472
321,-261.84,288900,900,0.4632
322,-349.17,289800,900,0.4471
323,-230.73,290700,900,0.4712
324,-377.03,291600,900,0.4516
325,-319.31,292500,900,0.4671
326,-85.66,293400,900,0.4684
327,-216.44,294300,900,0.4478
328,-50.45,295200,900,0.4462
329,-187.94,296100,900,0.4692
330,-59.78,297000,900,0.4617
331,-63.11,297900,900,0.4544
332,-133.22,298800,900,0.4629
333,-215.07,299700,900,0.4691
334,-110.82,300600,900,0.4606
335,-115.43,301500,900,0.4805
336,-134.31,302400,900,0.4673
337,-55.0,303300,900,0.465
338,-74.24,304200,900,0.4649
339,-52.27,305100,900,0.4731
340,-100.16,306000,900,0.4608
341,-143.16,306900,900,0.4755
342,-260.24,307800,900,0.4794
343,-155.44,308700,900,0.4772
344,-96.65,309600,900,0.466
345,-130.29,310500,900,0.4595
346,-118.57,311400,900,0.4541
347,-60.68,312300,900,0.4562
348,-59.81,313200,900,0.4698
349,-45.23,314100,900,0.4686
350,-128.47,315000,900,0.4634
351,-89.51,315900,900,0.4637
352,-71.07,316800,900,0.4397
353,-412.69,317700,900,0.4472
354,-297.47,318600,900,0.467
355,-257.23,319500,900,0.4486
356,-123.86,320400,900,0.4594
357,-217.18,321300,900,0.4515
358,-180.57,322200,900,0.4629
359,-294.95,323100,900,0.4686
360,-130.19,324000,900,0.4439
361,-432.01,324900,900,0.4653
362,-65.9,325800,900,0.4523
363,-210.62,326700,900,0.4572
364,-72.18,327600,900,0.4662
365,-58.47,328500,900,0.4594
366,-59.22,329400,900,0.4417
367,-194.55,330300,900,0.4628
368,-260.03,331200,900,0.4542
369,-74.82,332100,900,0.4429
370,-90.55,333000,900,0.4499
371,-62.39,333900,900,0.458
372,-66.38,334800,900,0.4587
373,-65.28,335700,900,0.4594
374,-65.17,336600,900,0.4685
375,-106.42,337500,900,0.4548
376,-58.9,338400,900,0.4538
377,-87.95,339300,900,0.4612
378,-67.51,340200,900,0.4566
379,-156.36,341100,900,0.4464
380,-189.17,342000,900,0.4626
381,-169.74,342900,900,0.4619
382,-134.01,343800,900,0.4591
383,-160.8,344700,900,0.4728
384,-210.85,345600,900,0.4644
385,-148.03,346500,900,0.4743
386,-97.0,347400,900,0.4798
387,-182.84,348300,900,0.4533
388,-67.03,349200,900,0.475
389,-214.42,350100,900,0.4496
390,-60.96,351000,900,0.4457
391,-264.91,351900,900,0.4546
392,-45.79,352800,900,0.4729
393,-50.22,353700,900,0.4701
394,-44.54,354600,900,0.4454
395,-279.07,355500,900,0.4493
396,-43.39,356400,900,0.448
397,-188.91,357300,900,0.4698
398,-183.51,358200,900,0.4654
399,-77.74,359100,900,0.4382
400,-376.06,360000,900,0.4671
401,-49.58,360900,900,0.4578
402,-54.34,361800,900,0.4689
403,-205.4,362700,900,0.4468
404,-124.23,363600,900,0.4691
405,-245.33,364500,900,0.4405
406,-62.44,365400,900,0.4618
407,-86.68,366300,900,0.4751
408,-64.67,367200,900,0.4415
409,-96.36,368100,900,0.4394
410,-180.23,369000,900,0.462
411,-226.76,369900,900,0.4639
412,-79.7,370800,900,0.4739
413,-57.1,371700,900,0.4992
414,-71.33,372600,900,0.4576
415,-49.06,373500,900,0.4517
416,-72.65,374400,900,0.4589
417,-50.59,375300,900,0.4581
418,-142.43,376200,900,0.4564
419,-49.32,377100,900,0.4693
420,-47.14,378000,900,0.4505
421,-54.58,378900,900,0.449
422,-203.87,379800,900,0.4557
423,-309.34,380700,900,0.4577
424,-216.49,381600,900,0.4719
425,-281.91,382500,900,0.4673
426,-303.22,383400,900,0.4574
427,-146.73,384300,900,0.4688
428,-367.52,385200,900,0.4808
429,-129.4,386100,900,0.4548
430,-343.7,387000,900,0.4539
431,-51.74,387900,900,0.4473
432,-54.4,388800,900,0.4524
433,-47.37,389700,900,0.4457
434,-56.78,390600,900,0.4703
435,-63.13,391500,900,0.4732
436,-72.35,392400,900,0.463
437,-141.35,393300,900,0.4586
438,-202.05,394200,900,0.4716
439,-89.15,395100,900,0.4773
440,-149.91,396000,900,0.4576
441,-51.95,396900,900,0.4484
442,-102.24,397800,900,0.4543
443,-54.76,398700,900,0.4692
444,-68.26,399600,900,0.4443
445,-101.54,400500,900,0.4646
446,-156.77,401400,900,0.4597
447,-108.14,402300,900,0.4637
448,-69.39,403200,900,0.4632
449,-250.19,404100,900,0.4585
450,-54.45,405000,900,0.4665
451,-224.0,405900,900,0.45
452,-61.47,406800,900,0.4554
453,-65.38,407700,900,0.4439
454,-384.49,408600,900,0.4647
455,-57.19,409500,900,0.4609
456,-52.55,410400,900,0.4559
457,-212.6,411300,900,0.4491
458,-144.09,412200,900,0.4507
459,-177.04,413100,900,0.4594
460,-212.86,414000,900,0.4638
461,-334.83,414900,900,0.4567
462,-185.83,415800,900,0.4611
463,-100.95,416700,900,0.4631
464,-427.62,417600,900,0.4711
465,-406.31,418500,900,0.4827
466,-252.98,419400,900,0.4489
467,-91.09,420300,900,0.4525
468,-123.86,421200,900,0.4592
469,-87.26,422100,900,0.4543
470,-206.29,423000,900,0.4672
471,-225.96,423900,900,0.4594
472,-246.56,424800,900,0.4808
473,-49.59,425700,900,0.4618
474,-71.25,426600,900,0.4549
475,-52.45,427500,900,0.4627
476,-55.41,428400,900,0.4652
477,-55.75,429300,900,0.4382
478,-54.44,430200,900,0.4687
479,-62.84,431100,900,0.4463
480,-71.76,432000,900,0.4665
481,12.08,432900,900,0.4607
482,11.48,433800,900,0.4687
483,7.39,434700,900,0.4736
484,9.92,435600,900,0.4734
485,11.37,436500,900,0.4875
486,10.76,437400,900,0.4582
487,9.86,438300,900,0.463
488,8.15,439200,900,0.46
489,-84.38,440100,900,0.4796
490,-76.54,441000,900,0.4823
491,14.43,441900,900,0.5815
492,-58.16,442800,900,0.4654
493,-62.38,443700,900,0.4745
494,15.68,444600,900,0.486
495,-142.18,445500,900,0.4806
496,-83.17,446400,900,0.4914
497,-58.5,447300,900,0.4754
498,-187.84,448200,900,0.5035
499,-166.07,449100,900,0.5321
500,-54.73,450000,900,0.5218
1,-138.37,900,900,0.6448
2,-81.71,1800,900,0.6432
3,-79.21,2700,900,0.6102
4,-80.56,3600,900,0.6209
5,-224.24,4500,900,0.629
6,-58.77,5400,900,0.5615
7,-221.47,6300,900,0.4912
8,-366.95,7200,900,0.469
9,-297.42,8100,900,0.4442
10,-430.57,9000,900,0.464
11,-282.79,9900,900,0.468
12,-201.42,10800,900,0.4526
13,-230.2,11700,900,0.452
14,-411.05,12600,900,0.4564
15,-436.43,13500,900,0.4523
16,-383.27,14400,900,0.4538
17,-421.9,15300,900,0.466
18,-147.42,16200,900,0.4736
19,-620.42,17100,900,0.4732
20,-266.43,18000,900,0.457
21,-106.37,18900,900,0.4555
22,-63.89,19800,900,0.4536
23,-61.28,20700,900,0.4465
24,-56.41,21600,900,0.4765
25,-291.12,22500,900,0.4473
26,-157.62,23400,900,0.4645
27,-130.85,24300,900,0.449
28,-192.57,25200,900,0.4535
29,-68.12,26100,900,0.4455
30,-238.89,27000,900,0.453
31,-145.98,27900,900,0.4365
32,-105.11,28800,900,0.444
33,-152.63,29700,900,0.4647
34,-76.56,30600,900,0.4662
35,-212.04,31500,900,0.4609
36,-346.67,32400,900,0.4532
37,-339.67,33300,900,0.4618
38,-271.03,34200,900,0.4649
39,-255.95,35100,900,0.4601
40,-178.72,36000,900,0.4364
41,-216.99,36900,900,0.4332
42,-324.17,37800,900,0.4533
43,-301.48,38700,900,0.437
44,-225.23,39600,900,0.4467
45,-417.22,40500,900,0.4403
46,-304.97,41400,900,0.4577
47,-321.63,42300,900,0.4482
48,-293.54,43200,900,0.4523
49,-143.45,44100,900,0.4558
50,-234.85,45000,900,0.4275
51,-242.87,45900,900,0.458
52,-401.18,46800,900,0.4393
53,-253.11,47700,900,0.4335
54,-280.04,48600,900,0.4585
55,-352.55,49500,900,0.4529
56,-153.72,50400,900,0.4662
57,-152.37,51300,900,0.4665
58,-394.11,52200,900,0.465
59,-182.56,53100,900,0.4522
60,-362.72,54000,900,0.4584
61,-209.95,54900,900,0.4656
62,-255.88,55800,900,0.4647
63,-322.51,56700,900,0.4483
64,-243.66,57600,900,0.4518
65,-263.06,58500,900,0.4461
66,-245.72,59400,900,0.4537
67,-153.44,60300,900,0.4798
68,-246.97,61200,900,0.4611
69,-262.86,62100,900,0.4743
70,-115.27,63000,900,0.4573
71,-249.24,63900,900,0.4533
72,-421.42,64800,900,0.4547
73,-371.8,65700,900,0.4556
74,-386.41,66600,900,0.4317
75,-326.53,67500,900,0.4415
76,-242.74,68400,900,0.4477
77,-194.14,69300,900,0.4353
78,-169.15,70200,900,0.4638
79,-258.72,71100,900,0.4741
80,-263.49,72000,900,0.4667
81,-163.93,72900,900,0.4573
82,-155.86,73800,900,0.451
83,-178.6,74700,900,0.4659
84,-45.05,75600,900,0.4495
85,-225.36,76500,900,0.4583
86,-296.68,77400,900,0.4497
87,-266.56,78300,900,0.4572
88,-65.92,79200,900,0.4704
89,-55.2,80100,900,0.4562
90,-203.01,81000,900,0.4456
91,-232.98,81900,900,0.4584
92,-100.83,82800,900,0.4609
93,-176.91,83700,900,0.47
94,-176.93,84600,900,0.4577
95,-277.6,85500,900,0.4448
96,-525.47,86400,900,0.4495
97,-194.75,87300,900,0.4561
98,-110.43,88200,900,0.4607
99,-325.02,89100,900,0.4486
100,-315.61,90000,900,0.471
101,-268.64,90900,900,0.4493
102,-189.49,91800,900,0.461
103,-228.29,92700,900,0.4675
104,-302.91,93600,900,0.4508
105,-243.53,94500,900,0.4696
106,-812.95,95400,900,0.4651
107,-362.26,96300,900,0.4552
108,-154.05,97200,900,0.4535
109,-312.69,98100,900,0.4551
110,-247.21,99000,900,0.4485
111,-197.68,99900,900,0.4445
112,-151.56,100800,900,0.4584
113,-186.51,101700,900,0.4562
114,-227.28,102600,900,0.4337
115,-165.23,103500,900,0.4554
116,-241.95,104400,900,0.4675
117,-142.72,105300,900,0.4567
118,-134.49,106200,900,0.4448
119,-153.31,107100,900,0.4419
120,-200.33,108000,900,0.4406
121,-178.87,108900,900,0.4438
122,-104.31,109800,900,0.4724
123,-192.38,110700,900,0.4625
124,-130.24,111600,900,0.4669
125,-161.11,112500,900,0.4874
126,-129.19,113400,900,0.4953
127,-163.7,114300,900,0.4699
128,-246.88,115200,900,0.482
129,-190.94,116100,900,0.4831
130,-150.35,117000,900,0.4977
131,-198.06,117900,900,0.5296
132,-220.99,118800,900,0.5628
133,-174.71,119700,900,0.4816
134,-111.42,120600,900,0.5045
135,-127.56,121500,900,0.5194
136,-223.03,122400,900,0.4986
137,-27.9,123300,900,0.4797
138,-121.86,124200,900,0.4391
139,-72.06,125100,900,0.4585
140,-129.21,126000,900,0.4514
141,-179.41,126900,900,0.4515
142,-163.2,127800,900,0.4286
143,-130.23,128700,900,0.417
144,-124.94,129600,900,0.4471
145,-55.36,130500,900,0.4687
146,-224.54,131400,900,0.4567
147,-131.53,132300,900,0.4585
148,-70.45,133200,900,0.4668
149,-73.13,134100,900,0.4467
150,-61.11,135000,900,0.4194
151,-198.6,135900,900,0.4506
152,-55.16,136800,900,0.4799
153,-59.71,137700,900,0.4992
154,-202.58,138600,900,0.4645
155,-132.71,139500,900,0.4582
156,-170.64,140400,900,0.461
157,-343.93,141300,900,0.4558
158,-169.51,142200,900,0.4548
159,-171.17,143100,900,0.4493
160,-227.28,144000,900,0.4572
161,-272.23,144900,900,0.4567
162,-117.98,145800,900,0.4467
163,-97.53,146700,900,0.4564
164,-126.13,147600,900,0.4711
165,-133.64,148500,900,0.4643
166,-258.0,149400,900,0.4391
167,-144.02,150300,900,0.4661
168,-235.69,151200,900,0.4689
169,-146.47,152100,900,0.452
170,-332.91,153000,900,0.4624
171,-136.58,153900,900,0.4729
172,-174.43,154800,900,0.4791
173,-312.9,155700,900,0.4609
174,-501.59,156600,900,0.4683
175,-124.87,157500,900,0.4597
176,-390.01,158400,900,0.4568
177,-353.56,159300,900,0.4547
178,-86.97,160200,900,0.4635
179,-341.41,161100,900,0.4592
180,-314.07,162000,900,0.4648
181,-279.16,162900,900,0.4586
182,-180.54,163800,900,0.4619
183,-275.02,164700,900,0.4441
184,-411.38,165600,900,0.4592
185,-99.11,166500,900,0.4647
186,-151.99,167400,900,0.4755
187,-117.66,168300,900,0.4552
188,-411.81,169200,900,0.4575
189,-251.54,170100,900,0.4657
190,-371.89,171000,900,0.466
191,-336.46,171900,900,0.4471
192,-285.86,172800,900,0.4671
193,-323.19,173700,900,0.4665
194,-188.47,174600,900,0.4504
195,-226.63,175500,900,0.4429
196,-144.63,176400,900,0.4458
197,-134.63,177300,900,0.4484
198,-214.08,178200,900,0.4565
199,-111.27,179100,900,0.4555
200,-50.15,180000,900,0.4592
201,-214.75,180900,900,0.4646
202,-387.09,181800,900,0.4457
203,-209.13,182700,900,0.4575
204,-213.89,183600,900,0.4638
205,-224.42,184500,900,0.4684
206,-100.5,185400,900,0.4561
207,-221.56,186300,900,0.4612
208,-201.71,187200,900,0.4553
209,-321.96,188100,900,0.4528
210,-125.25,189000,900,0.4634
211,-250.11,189900,900,0.4487
212,-79.98,190800,900,0.4629
213,-75.62,191700,900,0.4574
214,-506.21,192600,900,0.4703
215,-131.98,193500,900,0.4579
216,-53.95,194400,900,0.4641
217,-59.54,195300,900,0.4572
218,-185.58,196200,900,0.4576
219,-337.01,197100,900,0.4481
220,-138.13,198000,900,0.4536
221,-364.96,198900,900,0.4671
222,-382.58,199800,900,0.4623
223,-149.47,200700,900,0.4517
224,-73.55,201600,900,0.4277
225,-240.33,202500,900,0.4488
226,-316.05,203400,900,0.466
227,-351.45,204300,900,0.4476
228,-197.61,205200,900,0.4369
229,-325.4,206100,900,0.478
230,-379.89,207000,900,0.4682
231,-368.19,207900,900,0.466
232,-242.96,208800,900,0.4521
233,-221.58,209700,900,0.4593
234,-283.18,210600,900,0.4458
235,-174.61,211500,900,0.4596
236,-299.22,212400,900,0.4627
237,-324.17,213300,900,0.4577
238,-274.34,214200,900,0.4539
239,-226.05,215100,900,0.4623
240,-200.49,216000,900,0.462
241,-108.56,216900,900,0.4558
242,-175.52,217800,900,0.4593
243,-454.73,218700,900,0.4577
244,-185.38,219600,900,0.4411
245,-411.71,220500,900,0.4473
246,-156.27,221400,900,0.4365
247,-476.09,222300,900,0.4379
248,-117.14,223200,900,0.4421
249,-257.24,224100,900,0.4605
250,-276.72,225000,900,0.4567
251,-293.53,225900,900,0.4483
252,-90.95,226800,900,0.4339
253,-190.75,227700,900,0.4517
254,-184.43,228600,900,0.4272
255,-89.2,229500,900,0.4537
256,-420.39,230400,900,0.4448
257,-178.94,231300,900,0.4656
258,-113.08,232200,900,0.4492
259,-500.58,233100,900,0.4411
260,-81.97,234000,900,0.4739
261,-74.98,234900,900,0.4539
262,-133.17,235800,900,0.4576
263,-115.08,236700,900,0.4599
264,-133.23,237600,900,0.4738
265,-124.76,238500,900,0.4594
266,-216.92,239400,900,0.4426
267,-115.76,240300,900,0.4457
268,-189.72,241200,900,0.4612
269,-178.04,242100,900,0.4464
270,-275.48,243000,900,0.4355
271,-229.27,243900,900,0.4671
272,-315.3,244800,900,0.4473
273,-181.39,245700,900,0.4518
274,-211.59,246600,900,0.4491
275,-347.3,247500,900,0.434
276,-156.82,248400,900,0.4643
277,-81.63,249300,900,0.4624
278,-216.01,250200,900,0.4608
279,-795.49,251100,900,0.462
280,-81.96,252000,900,0.4611
281,-219.38,252900,900,0.4596
282,-88.32,253800,900,0.4429
283,-270.06,254700,900,0.4728
284,-115.76,255600,900,0.4486
285,-180.32,256500,900,0.457
286,-253.73,257400,900,0.4604
287,-229.9,258300,900,0.4622
288,-119.14,259200,900,0.4575
289,-44.02,260100,900,0.4602
290,-211.58,261000,900,0.4543
291,-380.39,261900,900,0.4491
292,-125.96,262800,900,0.4595
293,-215.46,263700,900,0.458
294,-54.93,264600,900,0.4551
295,-42.88,265500,900,0.462
296,-75.86,266400,900,0.4498
297,-309.93,267300,900,0.456
298,-174.84,268200,900,0.4352
299,-201.05,269100,900,0.4558
300,-260.2,270000,900,0.4547
301,-666.31,270900,900,0.467
302,-670.38,271800,900,0.4596
303,-51.11,272700,900,0.4516
304,-205.47,273600,900,0.4799
305,-138.97,274500,900,0.4682
306,-316.92,275400,900,0.4496
307,-647.62,276300,900,0.4584
308,-327.16,277200,900,0.4679
309,-114.87,278100,900,0.4613
310,-127.08,279000,900,0.4571
311,-134.07,279900,900,0.4513
312,-212.46,280800,900,0.4495
313,-143.63,281700,900,0.4574
314,-79.54,282600,900,0.4761
315,-455.54,283500,900,0.4649
316,-217.87,284400,900,0.4594
317,-163.33,285300,900,0.4741
318,-187.26,286200,900,0.465
319,-445.62,287100,900,0.4658
320,-294.35,288000,900,0.4522
321,-119.59,288900,900,0.458
322,-404.8,289800,900,0.4631
323,-464.05,290700,900,0.4638
324,-213.06,291600,900,0.4552
325,-277.52,292500,900,0.4676
326,-146.61,293400,900,0.4614
327,-137.33,294300,900,0.4615
328,-417.08,295200,900,0.4497
329,-226.61,296100,900,0.4642
330,-102.17,297000,900,0.4528
331,-128.25,297900,900,0.45
332,-254.76,298800,900,0.4613
333,-86.23,299700,900,0.4693
334,-160.96,300600,900,0.4563
335,-62.97,301500,900,0.461
336,-53.86,302400,900,0.4554
337,-89.16,303300,900,0.4552
338,-167.16,304200,900,0.4632
339,-146.11,305100,900,0.4621
340,-91.29,306000,900,0.4543
341,-190.56,306900,900,0.4447
342,-173.0,307800,900,0.448
343,-216.55,308700,900,0.4478
344,-75.79,309600,900,0.4428
345,-217.29,310500,900,0.4335
346,-143.95,311400,900,0.4416
347,-128.29,312300,900,0.439
348,-230.19,313200,900,0.4651
349,-51.68,314100,900,0.4594
350,-273.61,315000,900,0.4383
351,-471.6,315900,900,0.4475
352,-208.46,316800,900,0.4582
353,-186.5,317700,900,0.4776
354,-247.27,318600,900,0.4429
355,-272.7,319500,900,0.4801
356,-96.21,320400,900,0.4552
357,-220.84,321300,900,0.4821
358,-80.93,322200,900,0.4668
359,-556.38,323100,900,0.4786
360,-159.79,324000,900,0.4717
361,-234.7,324900,900,0.4731
362,-96.7,325800,900,0.4667
363,-185.07,326700,900,0.4474
364,-236.05,327600,900,0.4488
365,-649.22,328500,900,0.4672
366,-154.0,329400,900,0.4562
367,-197.59,330300,900,0.4337
368,-251.5,331200,900,0.445
369,-158.82,332100,900,0.467
370,-194.01,333000,900,0.4593
371,-326.84,333900,900,0.4511
372,-122.2,334800,900,0.4546
373,-158.94,335700,900,0.4333
374,-300.26,336600,900,0.4358
375,-85.91,337500,900,0.4561
376,-127.89,338400,900,0.4482
377,-144.21,339300,900,0.4327
378,-199.22,340200,900,0.477
379,-164.92,341100,900,0.4619
380,-193.78,342000,900,0.4475
381,-363.41,342900,900,0.4796
382,-134.72,343800,900,0.45
383,-226.51,344700,900,0.4608
384,-136.13,345600,900,0.4563
385,-144.16,346500,900,0.438
386,-154.97,347400,900,0.4598
387,-59.52,348300,900,0.4523
388,-252.35,349200,900,0.4541
389,-71.19,350100,900,0.4553
390,-91.84,351000,900,0.4388
391,-54.59,351900,900,0.4747
392,-253.53,352800,900,0.4728
393,-106.14,353700,900,0.4498
394,-33.12,354600,900,0.4596
395,-203.24,355500,900,0.4518
396,-136.43,356400,900,0.4412
397,-332.06,357300,900,0.4534
398,-65.29,358200,900,0.4458
399,-84.51,359100,900,0.4492
400,-132.13,360000,900,0.4264
401,-57.66,360900,900,0.4368
402,-40.44,361800,900,0.4479
403,-141.54,362700,900,0.4564
404,-54.44,363600,900,0.4493
405,-69.97,364500,900,0.4434
406,-218.02,365400,900,0.4336
407,-108.09,366300,900,0.4553
408,-80.7,367200,900,0.435
409,-243.85,368100,900,0.4491
410,-116.44,369000,900,0.4372
411,-198.26,369900,900,0.4308
412,-273.44,370800,900,0.4418
413,-147.76,371700,900,0.4523
414,-202.37,372600,900,0.4386
415,-209.71,373500,900,0.4402
416,-368.09,374400,900,0.4404
417,-57.51,375300,900,0.4518
418,-447.78,376200,900,0.4404
419,-70.11,377100,900,0.4435
420,-282.3,378000,900,0.4409
421,-283.18,378900,900,0.4422
422,-461.18,379800,900,0.4404
423,-221.28,380700,900,0.4627
424,-420.92,381600,900,0.4362
425,-96.44,382500,900,0.4441
426,-124.19,383400,900,0.4646
427,-218.55,384300,900,0.4525
428,-150.51,385200,900,0.437
429,-287.78,386100,900,0.4391
430,-346.98,387000,900,0.4586
431,-105.89,387900,900,0.4532
432,-260.45,388800,900,0.4418
433,-180.72,389700,900,0.4482
434,-45.06,390600,900,0.4534
435,-116.5,391500,900,0.4335
436,-57.26,392400,900,0.4597
437,-77.41,393300,900,0.4589
438,-546.44,394200,900,0.4518
439,-302.08,395100,900,0.4718
440,-381.88,396000,900,0.4615
441,-79.28,396900,900,0.458
442,-112.62,397800,900,0.444
443,-153.12,398700,900,0.4545
444,-318.75,399600,900,0.4503
445,-67.72,400500,900,0.455
446,-217.23,401400,900,0.4374
447,-182.76,402300,900,0.4504
448,-99.63,403200,900,0.4401
449,-180.99,404100,900,0.4575
450,-229.38,405000,900,0.4538
451,-56.29,405900,900,0.4404
452,-170.07,406800,900,0.4493
453,-300.39,407700,900,0.459
454,-97.54,408600,900,0.4425
455,-233.59,409500,900,0.4429
456,-440.93,410400,900,0.441
457,-136.78,411300,900,0.4516
458,-187.03,412200,900,0.4379
459,-97.57,413100,900,0.4517
460,-275.05,414000,900,0.4509
461,-187.32,414900,900,0.4523
462,-385.01,415800,900,0.4664
463,-130.47,416700,900,0.4721
464,-301.55,417600,900,0.4479
465,-384.15,418500,900,0.454
466,-265.53,419400,900,0.4524
467,-57.97,420300,900,0.4501
468,-73.58,421200,900,0.444
469,-189.64,422100,900,0.4295
470,-113.85,423000,900,0.465
471,-211.26,423900,900,0.45
472,-266.68,424800,900,0.4518
473,-82.68,425700,900,0.4529
474,-117.61,426600,900,0.4425
475,-102.95,427500,900,0.4391
476,-257.53,428400,900,0.4624
477,-121.45,429300,900,0.4453
478,-143.22,430200,900,0.4707
479,-124.74,431100,900,0.4592
480,-156.97,432000,900,0.4417
481,-166.31,432900,900,0.4367
482,-333.77,433800,900,0.4511
483,-80.77,434700,900,0.4602
484,-283.21,435600,900,0.4689
485,-169.25,436500,900,0.4407
486,-92.94,437400,900,0.4627
487,-101.53,438300,900,0.454
488,-164.19,439200,900,0.452
489,-87.88,440100,900,0.4417
490,-208.27,441000,900,0.4429
491,-184.87,441900,900,0.4437
492,-133.2,442800,900,0.4485
493,-184.24,443700,900,0.4312
494,-137.95,444600,900,0.4605
495,-426.1,445500,900,0.4316
496,-285.0,446400,900,0.4575
497,-400.99,447300,900,0.4574
498,-107.85,448200,900,0.4421
499,-156.38,449100,900,0.4507
500,-269.41,450000,900,0.4588
1,-464.11,900,900,0.6224
2,-287.89,1800,900,0.6179
3,-274.95,2700,900,0.6187
4,-149.46,3600,900,0.6232
5,-199.33,4500,900,0.6208
6,-344.51,5400,900,0.5509
7,-154.04,6300,900,0.4733
8,-293.31,7200,900,0.466
9,-331.77,8100,900,0.4616
10,-396.46,9000,900,0.4821
11,-203.53,9900,900,0.4802
12,-231.95,10800,900,0.4597
13,-378.69,11700,900,0.4748
14,-199.47,12600,900,0.458
15,-455.88,13500,900,0.4616
16,-249.33,14400,900,0.4729
17,-220.18,15300,900,0.4512
18,-548.7,16200,900,0.4595
19,-322.79,17100,900,0.4521
20,-208.44,18000,900,0.4694
21,-398.43,18900,900,0.465
22,-339.52,19800,900,0.4465
23,-384.38,20700,900,0.4551
24,-367.86,21600,900,0.451
25,-376.36,22500,900,0.4652
26,-462.18,23400,900,0.4476
27,-353.02,24300,900,0.4578
28,-110.95,25200,900,0.4644
29,-129.88,26100,900,0.4579
30,-145.9,27000,900,0.4551
31,-126.39,27900,900,0.4674
32,-111.74,28800,900,0.4482
33,-468.17,29700,900,0.4628
34,-328.16,30600,900,0.4449
35,-555.92,31500,900,0.4346
36,-77.66,32400,900,0.4473
37,-214.69,33300,900,0.4622
38,-204.61,34200,900,0.4551
39,-172.48,35100,900,0.4647
40,-303.55,36000,900,0.4568
41,-80.91,36900,900,0.466
42,-242.54,37800,900,0.4656
43,-116.78,38700,900,0.4586
44,-200.73,39600,900,0.4467
45,-109.8,40500,900,0.4457
46,-168.65,41400,900,0.4538
47,-104.16,42300,900,0.4609
48,-210.81,43200,900,0.4395
49,-300.52,44100,900,0.4542
50,-96.13,45000,900,0.4661
51,-411.04,45900,900,0.4612
52,-87.03,46800,900,0.4575
53,-357.62,47700,900,0.4872
54,-494.02,48600,900,0.4632
55,-513.17,49500,900,0.4673
56,-192.19,50400,900,0.4517
57,-445.92,51300,900,0.4462
58,-212.36,52200,900,0.4595
59,-401.49,53100,900,0.4588
60,-701.84,54000,900,0.4563
61,-130.64,54900,900,0.4489
62,-408.07,55800,900,0.4682
63,-98.5,56700,900,0.4461
64,-194.77,57600,900,0.4628
65,-207.11,58500,900,0.4457
66,-316.41,59400,900,0.4487
67,-662.9,60300,900,0.4514
68,-155.87,61200,900,0.449
69,-578.25,62100,900,0.4405
70,-143.45,63000,900,0.4537
71,-268.85,63900,900,0.4515
72,-144.22,64800,900,0.457
73,-136.73,65700,900,0.4287
74,-208.38,66600,900,0.4489
75,-159.37,67500,900,0.4555
76,-284.24,68400,900,0.4457
77,-56.71,69300,900,0.4439
78,-134.04,70200,900,0.4457
79,-241.12,71100,900,0.4525
80,-122.21,72000,900,0.4464
81,-262.03,72900,900,0.4498
82,-202.63,73800,900,0.4581
83,-242.83,74700,900,0.4767
84,-139.29,75600,900,0.4476
85,-179.27,76500,900,0.4546
86,-65.44,77400,900,0.4474
87,-67.49,78300,900,0.4769
88,-220.95,79200,900,0.4494
89,-160.24,80100,900,0.4585
90,-295.75,81000,900,0.4716
91,-468.8,81900,900,0.4415
92,-193.08,82800,900,0.4495
93,-176.34,83700,900,0.4364
94,-198.65,84600,900,0.4602
95,-400.71,85500,900,0.46
96,-208.61,86400,900,0.4628
97,-452.1,87300,900,0.4515
98,-344.87,88200,900,0.4543
99,-385.6,89100,900,0.4445
100,-325.87,90000,900,0.451
101,-196.32,90900,900,0.4659
102,-336.21,91800,900,0.4522
103,-230.63,92700,900,0.4647
104,-336.89,93600,900,0.4626
105,-371.15,94500,900,0.4522
106,-350.74,95400,900,0.4499
107,-458.22,96300,900,0.4704
108,-396.6,97200,900,0.4459
109,-256.26,98100,900,0.4486
110,-312.21,99000,900,0.4549
111,-368.28,99900,900,0.4484
112,-214.76,100800,900,0.4388
113,-351.54,101700,900,0.4662
114,-512.38,102600,900,0.4654
115,-285.16,103500,900,0.4558
116,-354.89,104400,900,0.4419
117,-386.38,105300,900,0.4388
118,-296.19,106200,900,0.4296
119,-342.4,107100,900,0.4348
120,-433.03,108000,900,0.444
121,-177.77,108900,900,0.4385
122,-593.91,109800,900,0.4471
123,-426.18,110700,900,0.4488
124,-245.72,111600,900,0.4705
125,-268.71,112500,900,0.4557
126,-294.01,113400,900,0.4484
127,-417.72,114300,900,0.4789
128,-356.52,115200,900,0.4468
129,-446.54,116100,900,0.4321
130,-271.17,117000,900,0.4621
131,-324.68,117900,900,0.4566
132,-422.64,118800,900,0.4481
133,-195.81,119700,900,0.4724
134,-189.65,120600,900,0.4547
135,-221.42,121500,900,0.4727
136,-371.4,122400,900,0.4537
137,-114.34,123300,900,0.4437
138,-217.33,124200,900,0.4404
139,-149.13,125100,900,0.4493
140,-388.62,126000,900,0.4547
141,-121.41,126900,900,0.4547
142,-170.9,127800,900,0.4349
143,-230.84,128700,900,0.4565
144,-193.55,129600,900,0.46
145,-214.04,130500,900,0.4374
146,-271.4,131400,900,0.4583
147,-221.81,132300,900,0.4621
148,-198.92,133200,900,0.4488
149,-157.96,134100,900,0.444
150,-173.87,135000,900,0.4385
151,-244.69,135900,900,0.4554
152,-283.46,136800,900,0.4521
153,-346.25,137700,900,0.4551
154,-72.02,138600,900,0.4647
155,-265.81,139500,900,0.4457
156,-147.44,140400,900,0.4579
157,-86.13,141300,900,0.4424
158,-106.19,142200,900,0.4363
159,-127.01,143100,900,0.4302
160,-81.68,144000,900,0.4672
161,-244.23,144900,900,0.4555
162,-237.4,145800,900,0.4608
163,-231.53,146700,900,0.4529
164,-252.17,147600,900,0.4499
165,-369.05,148500,900,0.4481
166,-86.76,149400,900,0.459
167,-251.53,150300,900,0.4488
168,-263.62,151200,900,0.452
169,-274.6,152100,900,0.4501
170,-386.03,153000,900,0.4756
171,-280.44,153900,900,0.4592
172,-264.82,154800,900,0.4526
173,-308.66,155700,900,0.4492
174,-357.11,156600,900,0.4323
175,-179.94,157500,900,0.4324
176,-258.42,158400,900,0.4384
177,-135.32,159300,900,0.4599
178,-391.39,160200,900,0.4339
179,-428.07,161100,900,0.4546
180,-259.31,162000,900,0.4488
181,-247.02,162900,900,0.4329
182,-238.5,163800,900,0.4498
183,-328.56,164700,900,0.4476
184,-484.8,165600,900,0.462
185,-272.21,166500,900,0.4572
186,-286.14,167400,900,0.4614
187,-315.37,168300,900,0.4671
188,-283.43,169200,900,0.4419
189,-243.93,170100,900,0.4572
190,-264.88,171000,900,0.4593
191,-252.96,171900,900,0.4409
192,-372.43,172800,900,0.4572
193,-411.66,173700,900,0.4412
194,-126.4,174600,900,0.4443
195,-180.64,175500,900,0.4493
196,-360.65,176400,900,0.4335
197,-367.29,177300,900,0.4378
198,-178.97,178200,900,0.464
199,-348.08,179100,900,0.4467
200,-310.79,180000,900,0.437
201,-231.18,180900,900,0.4623
202,-363.52,181800,900,0.4602
203,-149.68,182700,900,0.45
204,-326.37,183600,900,0.4601
205,-192.78,184500,900,0.4386
206,-305.02,185400,900,0.4375
207,-255.43,186300,900,0.4453
208,-478.93,187200,900,0.4403
209,-277.24,188100,900,0.4406
210,-296.68,189000,900,0.4523
211,-106.7,189900,900,0.4443
212,-284.52,190800,900,0.4406
213,-105.31,191700,900,0.468
214,-292.1,192600,900,0.4577
215,-277.37,193500,900,0.4519
216,-275.37,194400,900,0.433
217,-152.75,195300,900,0.4708
218,-45.74,196200,900,0.4638
219,-98.07,197100,900,0.4499
220,-59.86,198000,900,0.4373
221,-59.04,198900,900,0.4517
222,-348.84,199800,900,0.4449
223,-66.17,200700,900,0.4456
224,-315.46,201600,900,0.4557
225,-224.76,202500,900,0.4636
226,-469.25,203400,900,0.4597
227,-519.05,204300,900,0.4523
228,-218.76,205200,900,0.4474
229,-150.9,206100,900,0.4631
230,-428.92,207000,900,0.4574
231,-242.6,207900,900,0.4433
232,-269.33,208800,900,0.4532
233,-290.91,209700,900,0.4506
234,-293.17,210600,900,0.4669
235,-337.77,211500,900,0.4669
236,-123.4,212400,900,0.4587
237,-267.55,213300,900,0.4517
238,-53.07,214200,900,0.4448
239,-261.33,215100,900,0.4662
240,-381.98,216000,900,0.4527
241,-288.76,216900,900,0.4519
242,-231.18,217800,900,0.451
243,-139.28,218700,900,0.4274
244,-256.92,219600,900,0.4306
245,-245.65,220500,900,0.4448
246,-262.79,221400,900,0.4469
247,-219.22,222300,900,0.4639
248,-219.22,223200,900,0.4472
249,-207.7,224100,900,0.4467
250,-332.32,225000,900,0.4653
251,-331.95,225900,900,0.4688
252,-57.4,226800,900,0.4384
253,-50.97,227700,900,0.4412
254,-162.45,228600,900,0.4661
255,-141.28,229500,900,0.4424
256,-96.92,230400,900,0.4458
257,-341.76,231300,900,0.4457
258,-233.7,232200,900,0.4607
259,-233.7,233100,900,0.4358
260,-181.24,234000,900,0.4671
261,-194.55,234900,900,0.4489
262,-127.88,235800,900,0.4321
263,-292.2,236700,900,0.4518
264,-227.74,237600,900,0.4436
265,-176.46,238500,900,0.4488
266,-194.65,239400,900,0.4536
267,-132.28,240300,900,0.4596
268,-137.02,241200,900,0.4467
269,-130.09,242100,900,0.4501
270,-192.93,243000,900,0.4494
271,-45.81,243900,900,0.4306
272,-82.88,244800,900,0.46
273,-43.06,245700,900,0.4595
274,-41.62,246600,900,0.4314
275,-45.53,247500,900,0.4395
276,-41.69,248400,900,0.4498
277,-73.32,249300,900,0.4385
278,-48.63,250200,900,0.4461
279,-50.6,251100,900,0.4513
280,-43.06,252000,900,0.4534
281,-97.08,252900,900,0.4431
282,-89.64,253800,900,0.459
283,-109.63,254700,900,0.4478
284,-250.88,255600,900,0.4453
285,-117.01,256500,900,0.4534
286,-76.88,257400,900,0.4354
287,-45.85,258300,900,0.4366
288,-99.84,259200,900,0.4626
289,-45.58,260100,900,0.4654
290,-41.78,261000,900,0.4568
291,-47.0,261900,900,0.4458
292,-44.4,262800,900,0.4529
293,-105.11,263700,900,0.4554
294,-45.79,264600,900,0.445
295,-56.37,265500,900,0.4523
296,-53.26,266400,900,0.4536
297,-64.69,267300,900,0.4596
298,-173.08,268200,900,0.4337
299,-60.91,269100,900,0.4406
300,-51.16,270000,900,0.4372
301,-48.74,270900,900,0.4645
302,-43.54,271800,900,0.4561
303,-42.87,272700,900,0.4488
304,-42.44,273600,900,0.4644
305,-51.77,274500,900,0.45
306,-45.78,275400,900,0.457
307,-46.14,276300,900,0.4388
308,-46.46,277200,900,0.4645
309,-57.32,278100,900,0.4479
310,-46.65,279000,900,0.4599
311,-88.29,279900,900,0.4331
312,-42.23,280800,900,0.4552
313,-150.18,281700,900,0.4621
314,-46.91,282600,900,0.4753
315,-53.39,283500,900,0.4696
316,-47.58,284400,900,0.4434
317,-45.98,285300,900,0.4616
318,-148.89,286200,900,0.4545
319,-42.68,287100,900,0.4436
320,-45.13,288000,900,0.45
321,-46.34,288900,900,0.4712
322,-43.74,289800,900,0.4634
323,-45.42,290700,900,0.4597
324,-81.61,291600,900,0.4597
325,-75.3,292500,900,0.4658
326,-45.83,293400,900,0.4431
327,-43.55,294300,900,0.4439
328,-45.06,295200,900,0.4552
329,-72.56,296100,900,0.4595
330,-45.66,297000,900,0.4304
331,-45.46,297900,900,0.4484
332,-121.44,298800,900,0.4577
333,-82.01,299700,900,0.4628
334,-179.45,300600,900,0.4615
335,-324.09,301500,900,0.4326
336,-44.94,302400,900,0.444
337,-66.86,303300,900,0.442
338,-45.83,304200,900,0.4331
339,-48.72,305100,900,0.4639
340,-48.41,306000,900,0.431
341,-46.92,306900,900,0.4562
342,-44.1,307800,900,0.4477
343,-47.32,308700,900,0.4587
344,-45.59,309600,900,0.4599
345,-45.82,310500,900,0.4436
346,-46.81,311400,900,0.4549
347,-45.06,312300,900,0.4411
348,-44.81,313200,900,0.4655
349,-45.89,314100,900,0.4432
350,-54.7,315000,900,0.446
351,-43.66,315900,900,0.4507
352,-48.85,316800,900,0.436
353,-46.73,317700,900,0.441
354,-46.99,318600,900,0.4517
355,-48.95,319500,900,0.4374
356,-45.23,320400,900,0.432
357,-47.27,321300,900,0.4596
358,-42.97,322200,900,0.4557
359,-45.79,323100,900,0.4444
360,-47.3,324000,900,0.4434
361,-43.9,324900,900,0.4405
362,-45.94,325800,900,0.449
363,-47.11,326700,900,0.4456
364,-43.8,327600,900,0.4493
365,-89.42,328500,900,0.447
366,-43.64,329400,900,0.4604
367,-47.44,330300,900,0.4569
368,-45.08,331200,900,0.4531
369,-43.31,332100,900,0.4404
370,-45.07,333000,900,0.4532
371,-44.04,333900,900,0.4608
372,-46.43,334800,900,0.4557
373,-46.69,335700,900,0.4616
374,-49.43,336600,900,0.4527
375,-48.63,337500,900,0.4646
376,-45.57,338400,900,0.46
377,-42.21,339300,900,0.4474
378,-45.58,340200,900,0.437
379,-90.31,341100,900,0.4373
380,-179.15,342000,900,0.4623
381,-71.43,342900,900,0.4436
382,-45.99,343800,900,0.4419
383,-48.14,344700,900,0.4636
384,-208.41,345600,900,0.439
385,-90.64,346500,900,0.4512
386,-46.74,347400,900,0.4543
387,-83.8,348300,900,0.4394
388,-124.27,349200,900,0.4541
389,-64.69,350100,900,0.4272
390,-46.8,351000,900,0.4494
391,-43.35,351900,900,0.4496
392,-49.7,352800,900,0.4274
393,-76.99,353700,900,0.4327
394,-127.72,354600,900,0.434
395,-44.63,355500,900,0.4279
396,-77.98,356400,900,0.4411
397,-187.16,357300,900,0.4616
398,-251.06,358200,900,0.4437
399,-54.25,359100,900,0.4764
400,-66.82,360000,900,0.4366
401,-69.3,360900,900,0.4514
402,-292.72,361800,900,0.4661
403,-41.18,362700,900,0.4581
404,-340.48,363600,900,0.4421
405,-136.63,364500,900,0.4471
406,-44.16,365400,900,0.4433
407,-103.38,366300,900,0.4536
408,-199.19,367200,900,0.4527
409,-179.95,368100,900,0.4695
410,-260.87,369000,900,0.4503
411,-82.51,369900,900,0.4401
412,-225.58,370800,900,0.4413
413,-64.88,371700,900,0.4405
414,-78.92,372600,900,0.4377
415,-63.15,373500,900,0.4378
416,-97.5,374400,900,0.4429
417,-70.14,375300,900,0.4334
418,-136.73,376200,900,0.4592
419,-45.22,377100,900,0.4504
420,-46.87,378000,900,0.4586
421,-194.03,378900,900,0.4579
422,-86.19,379800,900,0.4382
423,-231.05,380700,900,0.4472
424,-43.6,381600,900,0.4376
425,-267.85,382500,900,0.4388
426,-69.92,383400,900,0.433
427,-62.29,384300,900,0.4504
428,-66.16,385200,900,0.4638
429,-42.31,386100,900,0.4501
430,-133.49,387000,900,0.4425
431,-86.26,387900,900,0.4403
432,-60.15,388800,900,0.439
433,-80.58,389700,900,0.4676
434,-42.16,390600,900,0.4435
435,-180.58,391500,900,0.4367
436,-143.04,392400,900,0.448
437,-45.81,393300,900,0.4441
438,-213.38,394200,900,0.4683
439,-98.82,395100,900,0.4409
440,-47.81,396000,900,0.4295
441,-46.28,396900,900,0.4557
442,-45.16,397800,900,0.4656
443,-53.19,398700,900,0.4688
444,-47.82,399600,900,0.4385
445,-47.89,400500,900,0.4487
446,-169.85,401400,900,0.4482
447,-89.81,402300,900,0.4605
448,-45.39,403200,900,0.4608
449,-298.66,404100,900,0.4459
450,-45.06,405000,900,0.4487
451,-62.14,405900,900,0.4503
452,-47.5,406800,900,0.4415
453,-99.09,407700,900,0.4457
454,-116.25,408600,900,0.4509
455,-44.11,409500,900,0.4567
456,-46.97,410400,900,0.4603
457,-45.17,411300,900,0.4457
458,-43.89,412200,900,0.4476
459,-44.05,413100,900,0.4497
460,-67.26,414000,900,0.4602
461,-85.94,414900,900,0.4466
462,-42.2,415800,900,0.4532
463,-41.76,416700,900,0.4455
464,-40.99,417600,900,0.4459
465,-55.17,418500,900,0.458
466,-48.43,419400,900,0.4466
467,-47.64,420300,900,0.4533
468,-66.07,421200,900,0.4459
469,-47.41,422100,900,0.4456
470,-41.59,423000,900,0.4264
471,-42.26,423900,900,0.4601
472,-45.59,424800,900,0.4468
473,-42.11,425700,900,0.451
474,-46.54,426600,900,0.4587
475,-48.36,427500,900,0.4383
476,-44.93,428400,900,0.4418
477,-129.16,429300,900,0.4292
478,-220.31,430200,900,0.4647
479,-150.65,431100,900,0.4451
480,-124.7,432000,900,0.4465
481,-216.66,432900,900,0.451
482,-139.97,433800,900,0.464
483,-46.68,434700,900,0.4677
484,-43.18,435600,900,0.465
485,-94.65,436500,900,0.4638
486,-242.14,437400,900,0.4689
487,-48.39,438300,900,0.4628
488,-79.22,439200,900,0.4598
489,-50.69,440100,900,0.4624
490,-95.82,441000,900,0.4616
491,-45.93,441900,900,0.4464
492,-54.16,442800,900,0.4413
493,-61.71,443700,900,0.4325
494,-64.71,444600,900,0.4398
495,-43.64,445500,900,0.4485
496,-58.28,446400,900,0.4621
497,-365.26,447300,900,0.4544
498,-60.81,448200,900,0.4533
499,-62.23,449100,900,0.4592
500,-59.51,450000,900,0.4368
1,-50.19,900,900,0.6214
2,-50.46,1800,900,0.6178
3,-50.85,2700,900,0.6227
4,-51.23,3600,900,0.6212
5,-51.53,4500,900,0.6165
6,-96.46,5400,900,0.5423
7,-207.26,6300,900,0.4596
8,-269.47,7200,900,0.4847
9,-231.23,8100,900,0.4616
10,-212.41,9000,900,0.4653
11,-320.37,9900,900,0.4683
12,-184.83,10800,900,0.4589
13,-237.48,11700,900,0.4587
14,-190.03,12600,900,0.4579
15,-219.16,13500,900,0.454
16,-320.39,14400,900,0.4691
17,-207.76,15300,900,0.4399
18,-123.71,16200,900,0.4496
19,-161.85,17100,900,0.4548
20,-153.28,18000,900,0.4462
21,-317.54,18900,900,0.4573
22,-263.06,19800,900,0.4571
23,-139.68,20700,900,0.4793
24,-199.09,21600,900,0.49
25,-79.38,22500,900,0.4912
26,-113.12,23400,900,0.5247
27,-529.57,24300,900,0.5472
28,-200.7,25200,900,0.4822
29,-243.51,26100,900,0.4746
30,-113.86,27000,900,0.4642
31,-949.36,27900,900,0.4738
32,-276.63,28800,900,0.4763
33,-325.06,29700,900,0.4737
34,-664.3,30600,900,0.4775
35,-221.12,31500,900,0.4645
36,-249.0,32400,900,0.4829
37,-1060.53,33300,900,0.4722
38,-186.37,34200,900,0.4827
39,-65.46,35100,900,0.4671
40,-225.03,36000,900,0.4618
41,-45.99,36900,900,0.4565
42,-314.43,37800,900,0.4566
43,-304.81,38700,900,0.4633
44,-229.52,39600,900,0.4449
45,-230.65,40500,900,0.4526
46,-1068.96,41400,900,0.4574
47,-1061.98,42300,900,0.4582
48,-291.9,43200,900,0.4548
49,-107.12,44100,900,0.4615
50,-662.28,45000,900,0.4736
51,-121.96,45900,900,0.4634
52,-215.26,46800,900,0.4596
53,-79.87,47700,900,0.4685
54,-409.13,48600,900,0.4545
55,-250.63,49500,900,0.4506
56,-337.02,50400,900,0.4441
57,-259.47,51300,900,0.458
58,-290.17,52200,900,0.443
59,-284.48,53100,900,0.4634
60,-177.19,54000,900,0.4495
61,-196.53,54900,900,0.4545
62,-149.14,55800,900,0.4662
63,-180.83,56700,900,0.4434
64,-153.47,57600,900,0.4567
65,-181.62,58500,900,0.4456
66,-251.31,59400,900,0.439
67,-81.08,60300,900,0.435
68,-247.93,61200,900,0.4601
69,-146.17,62100,900,0.4318
70,-165.59,63000,900,0.4471
71,-214.65,63900,900,0.4295
72,-185.05,64800,900,0.4595
73,-81.13,65700,900,0.4605
74,-354.33,66600,900,0.4537
75,-234.19,67500,900,0.4388
76,-207.73,68400,900,0.4469
77,-173.72,69300,900,0.443
78,-78.54,70200,900,0.4438
79,-115.15,71100,900,0.4518
80,-196.99,72000,900,0.4546
81,-173.2,72900,900,0.4455
82,-153.94,73800,900,0.46
83,-297.36,74700,900,0.4512
84,-190.63,75600,900,0.4461
85,-175.44,76500,900,0.4668
86,-273.11,77400,900,0.4363
87,-196.7,78300,900,0.4348
88,-248.27,79200,900,0.4396
89,-245.35,80100,900,0.4519
90,-292.35,81000,900,0.4407
91,-299.91,81900,900,0.4472
92,-286.95,82800,900,0.4383
93,-263.73,83700,900,0.4616
94,-250.76,84600,900,0.4411
95,-289.91,85500,900,0.459
96,-296.26,86400,900,0.4495
97,-244.57,87300,900,0.4504
98,-247.91,88200,900,0.4556
99,-229.78,89100,900,0.4634
100,-225.3,90000,900,0.4564
101,-251.86,90900,900,0.4483
102,-261.52,91800,900,0.453
103,-294.78,92700,900,0.4523
104,-300.6,93600,900,0.4621
105,-209.77,94500,900,0.4624
106,-305.31,95400,900,0.4521
107,-263.26,96300,900,0.432
108,-143.08,97200,900,0.4576
109,-190.69,98100,900,0.449
110,-114.05,99000,900,0.4456
111,-55.34,99900,900,0.4525
112,-191.16,100800,900,0.447
113,-346.03,101700,900,0.4628
114,-141.63,102600,900,0.4724
115,-60.03,103500,900,0.4564
116,-81.73,104400,900,0.4685
117,-65.27,105300,900,0.4513
118,-131.71,106200,900,0.4573
119,-155.03,107100,900,0.4415
120,-436.9,108000,900,0.4552
121,-223.08,108900,900,0.4605
122,-177.99,109800,900,0.4497
123,-242.5,110700,900,0.4704
124,-357.53,111600,900,0.4506
125,-365.27,112500,900,0.4655
126,-227.54,113400,900,0.4598
127,-384.41,114300,900,0.4552
128,-390.19,115200,900,0.45
129,-359.45,116100,900,0.4608
130,-224.75,117000,900,0.4381
131,-51.5,117900,900,0.4425
132,-304.34,118800,900,0.4558
133,-215.59,119700,900,0.4439
134,-200.02,120600,900,0.4459
135,-145.71,121500,900,0.4739
136,-188.92,122400,900,0.4567
137,-267.24,123300,900,0.4434
138,-209.41,124200,900,0.4541
139,-231.26,125100,900,0.4669
140,-179.9,126000,900,0.4651
141,-142.71,126900,900,0.4646
142,-269.27,127800,900,0.4615
143,-276.33,128700,900,0.4498
144,-185.24,129600,900,0.446
145,-327.25,130500,900,0.4384
146,-148.85,131400,900,0.4415
147,-355.35,132300,900,0.444
148,-232.98,133200,900,0.4526
149,-238.36,134100,900,0.4342
150,-135.16,135000,900,0.4537
151,-163.72,135900,900,0.4529
152,-179.26,136800,900,0.4657
153,-263.97,137700,900,0.4599
154,-345.06,138600,900,0.4444
155,-358.6,139500,900,0.4599
156,-375.15,140400,900,0.462
157,-260.88,141300,900,0.4441
158,-275.13,142200,900,0.4638
159,-278.9,143100,900,0.455
160,-327.75,144000,900,0.4521
161,-358.48,144900,900,0.4681
162,-363.21,145800,900,0.4643
163,-195.92,146700,900,0.4476
164,-101.52,147600,900,0.4479
165,-61.58,148500,900,0.4448
166,-169.0,149400,900,0.4719
167,-53.48,150300,900,0.4653
168,-150.15,151200,900,0.4556
169,-324.98,152100,900,0.4585
170,-101.39,153000,900,0.4518
171,-147.34,153900,900,0.4411
172,-118.67,154800,900,0.4462
173,-103.84,155700,900,0.4513
174,-51.73,156600,900,0.4652
175,-96.33,157500,900,0.4502
176,-50.75,158400,900,0.4726
177,-55.98,159300,900,0.4508
178,-56.74,160200,900,0.4469
179,-47.89,161100,900,0.4565
180,-133.31,162000,900,0.4782
181,-53.8,162900,900,0.4449
182,-54.77,163800,900,0.4405
183,-57.23,164700,900,0.4715
184,-55.66,165600,900,0.461
185,-53.56,166500,900,0.4572
186,-96.74,167400,900,0.4545
187,-62.7,168300,900,0.4608
188,-60.5,169200,900,0.4541
189,-96.27,170100,900,0.4635
190,-59.02,171000,900,0.464
191,-235.51,171900,900,0.4607
192,-112.73,172800,900,0.4405
193,-147.9,173700,900,0.4525
194,-102.06,174600,900,0.4331
195,-326.12,175500,900,0.4499
196,-53.5,176400,900,0.4445
197,-126.92,177300,900,0.4509
198,-60.86,178200,900,0.4491
199,-60.27,179100,900,0.4522
200,-55.45,180000,900,0.4451
201,-55.01,180900,900,0.4591
202,-58.19,181800,900,0.458
203,-57.94,182700,900,0.4515
204,-51.74,183600,900,0.4473
205,-57.18,184500,900,0.4598
206,-144.17,185400,900,0.4535
207,-131.2,186300,900,0.4688
208,-53.9,187200,900,0.4654
209,-53.3,188100,900,0.4354
210,-54.83,189000,900,0.4308
211,-54.03,189900,900,0.453
212,-55.77,190800,900,0.4471
213,-151.67,191700,900,0.4319
214,-94.9,192600,900,0.4496
215,-53.76,193500,900,0.4519
216,-56.22,194400,900,0.4434
217,-56.11,195300,900,0.4686
218,-58.05,196200,900,0.4449
219,-60.76,197100,900,0.4619
220,-60.51,198000,900,0.4408
221,-143.64,198900,900,0.4455
222,-55.4,199800,900,0.4573
223,-56.79,200700,900,0.4493
224,-54.06,201600,900,0.4612
225,-50.42,202500,900,0.4458
226,-58.09,203400,900,0.4628
227,-98.03,204300,900,0.4609
228,-390.79,205200,900,0.4477
229,-180.3,206100,900,0.4535
230,-352.04,207000,900,0.4628
231,-59.13,207900,900,0.4337
232,-56.79,208800,900,0.4398
233,-60.25,209700,900,0.4449
234,-58.32,210600,900,0.4564
235,-57.36,211500,900,0.4508
236,-68.46,212400,900,0.4378
237,-60.52,213300,900,0.4344
238,-60.99,214200,900,0.4559
239,-130.55,215100,900,0.4523
240,-233.59,216000,900,0.4419
241,-312.52,216900,900,0.4439
242,-158.96,217800,900,0.4706
243,-99.79,218700,900,0.4427
244,-117.75,219600,900,0.4448
245,-193.12,220500,900,0.4592
246,-57.91,221400,900,0.4641
247,-324.57,222300,900,0.4723
248,-317.51,223200,900,0.4549
249,-121.16,224100,900,0.4618
250,-131.88,225000,900,0.4431
251,-345.8,225900,900,0.4691
252,-138.85,226800,900,0.4591
253,-1141.1,227700,900,0.4482
254,-51.0,228600,900,0.4623
255,-53.14,229500,900,0.4368
256,-227.31,230400,900,0.458
257,-274.71,231300,900,0.4559
258,-264.63,232200,900,0.4381
259,-80.3,233100,900,0.4541
260,-143.01,234000,900,0.4598
261,-268.16,234900,900,0.4623
262,-220.69,235800,900,0.4509
263,-72.54,236700,900,0.4342
264,-51.54,237600,900,0.4299
265,-50.85,238500,900,0.4503
266,-55.54,239400,900,0.4562
267,-54.4,240300,900,0.4416
268,-44.7,241200,900,0.4476
269,-52.82,242100,900,0.4556
270,-61.21,243000,900,0.4646
271,-107.72,243900,900,0.4576
272,-96.0,244800,900,0.4445
273,-55.66,245700,900,0.4553
274,-57.81,246600,900,0.4389
275,-57.64,247500,900,0.4494
276,-60.43,248400,900,0.4529
277,-57.16,249300,900,0.4477
278,-63.06,250200,900,0.4479
279,-125.55,251100,900,0.4518
280,-136.95,252000,900,0.4393
281,-386.33,252900,900,0.4526
282,-123.94,253800,900,0.4499
283,-77.81,254700,900,0.4612
284,-365.78,255600,900,0.4531
285,-100.27,256500,900,0.4631
286,-168.82,257400,900,0.456
287,-177.74,258300,900,0.4499
288,-105.4,259200,900,0.4503
289,-103.31,260100,900,0.4409
290,-114.16,261000,900,0.4473
291,-46.76,261900,900,0.454
292,-123.5,262800,900,0.4512
293,-108.66,263700,900,0.4507
294,-109.46,264600,900,0.4739
295,-43.7,265500,900,0.458
296,-141.63,266400,900,0.4535
297,-160.36,267300,900,0.4689
298,-281.48,268200,900,0.449
299,-49.99,269100,900,0.4496
300,-43.18,270000,900,0.4575
301,-47.93,270900,900,0.4504
302,-54.45,271800,900,0.4569
303,-91.25,272700,900,0.4538
304,-138.92,273600,900,0.4402
305,-71.89,274500,900,0.4613
306,-373.74,275400,900,0.469
307,-230.52,276300,900,0.4543
308,-423.69,277200,900,0.4713
309,-461.27,278100,900,0.4544
310,-417.65,279000,900,0.4467
311,-301.07,279900,900,0.4613
312,-253.67,280800,900,0.4357
313,-107.65,281700,900,0.4545
314,-155.73,282600,900,0.4502
315,-95.3,283500,900,0.4535
316,-89.1,284400,900,0.4468
317,-125.32,285300,900,0.4484
318,-103.63,286200,900,0.4385
319,-166.85,287100,900,0.4567
320,-173.89,288000,900,0.4691
321,-121.54,288900,900,0.4544
322,-143.68,289800,900,0.4537
323,-130.96,290700,900,0.4504
324,-263.39,291600,900,0.4557
325,-270.71,292500,900,0.4634
326,-127.7,293400,900,0.478
327,-57.59,294300,900,0.4459
328,-277.95,295200,900,0.4299
329,-186.69,296100,900,0.4489
330,-135.48,297000,900,0.4595
331,-162.94,297900,900,0.4588
332,-192.84,298800,900,0.448
333,-143.6,299700,900,0.4693
334,-238.98,300600,900,0.4496
335,-288.95,301500,900,0.429
336,-293.5,302400,900,0.4463
337,-55.67,303300,900,0.4658
338,-54.76,304200,900,0.4686
339,-189.41,305100,900,0.4663
340,-273.14,306000,900,0.4525
341,-347.23,306900,900,0.47
342,-53.22,307800,900,0.4782
343,-46.51,308700,900,0.4521
344,-119.08,309600,900,0.4652
345,-91.79,310500,900,0.4503
346,-40.74,311400,900,0.4442
347,-44.71,312300,900,0.4608
348,-45.49,313200,900,0.4558
349,-59.68,314100,900,0.467
350,-56.65,315000,900,0.4683
351,-43.25,315900,900,0.4311
352,-45.02,316800,900,0.4732
353,-44.35,317700,900,0.4854
354,-45.98,318600,900,0.4503
355,-45.09,319500,900,0.4604
356,-48.0,320400,900,0.4214
357,-48.12,321300,900,0.4611
358,-45.13,322200,900,0.4448
359,-46.11,323100,900,0.473
360,-203.43,324000,900,0.4565
361,-58.34,324900,900,0.4611
362,-271.5,325800,900,0.435
363,-56.71,326700,900,0.4492
364,-240.95,327600,900,0.4375
365,-56.59,328500,900,0.4419
366,-54.29,329400,900,0.47
367,-68.35,330300,900,0.4509
368,-65.18,331200,900,0.4296
369,-79.77,332100,900,0.4648
370,-101.4,333000,900,0.4693
371,-59.56,333900,900,0.4661
372,-61.7,334800,900,0.4462
373,-165.04,335700,900,0.4554
374,-82.37,336600,900,0.4542
375,-342.47,337500,900,0.4499
376,-104.04,338400,900,0.4308
377,-203.37,339300,900,0.4532
378,-213.33,340200,900,0.4488
379,-69.26,341100,900,0.4727
380,-160.73,342000,900,0.4438
381,-117.32,342900,900,0.428
382,-63.76,343800,900,0.4519
383,-62.5,344700,900,0.4468
384,-101.69,345600,900,0.4469
385,-117.87,346500,900,0.4489
386,-59.94,347400,900,0.46
387,-64.54,348300,900,0.4456
388,-65.95,349200,900,0.4284
389,-108.14,350100,900,0.4501
390,-132.37,351000,900,0.4373
391,-117.04,351900,900,0.4485
392,-106.94,352800,900,0.4603
393,-82.26,353700,900,0.4316
394,-147.94,354600,900,0.4559
395,-167.0,355500,900,0.4649
396,-205.22,356400,900,0.4432
397,-283.01,357300,900,0.4364
398,-197.51,358200,900,0.4668
399,-114.59,359100,900,0.4414
400,-240.65,360000,900,0.4581
401,-116.82,360900,900,0.4498
402,-93.86,361800,900,0.4578
403,-171.04,362700,900,0.4442
404,-92.58,363600,900,0.4379
405,-95.4,364500,900,0.4454
406,-106.88,365400,900,0.4366
407,-100.05,366300,900,0.4351
408,-97.03,367200,900,0.4312
409,-49.14,368100,900,0.4367
410,-83.8,369000,900,0.4548
411,-70.19,369900,900,0.4624
412,-43.51,370800,900,0.4592
413,-125.25,371700,900,0.465
414,-41.41,372600,900,0.4531
415,-42.71,373500,900,0.4488
416,-94.53,374400,900,0.4682
417,-57.39,375300,900,0.4447
418,-48.37,376200,900,0.4389
419,-93.86,377100,900,0.4475
420,-97.42,378000,900,0.4389
421,-215.2,378900,900,0.4369
422,-106.23,379800,900,0.4636
423,-56.44,380700,900,0.4405
424,-43.72,381600,900,0.4473
425,-55.32,382500,900,0.4349
426,-54.88,383400,900,0.4575
427,-46.95,384300,900,0.4391
428,-239.94,385200,900,0.4382
429,-76.6,386100,900,0.4421
430,-143.15,387000,900,0.4425
431,-149.31,387900,900,0.4435
432,-297.24,388800,900,0.444
433,-54.01,389700,900,0.468
434,-144.93,390600,900,0.4504
435,-225.17,391500,900,0.4614
436,-202.85,392400,900,0.4374
437,-96.61,393300,900,0.4706
438,-187.58,394200,900,0.4563
439,-108.55,395100,900,0.463
440,-204.53,396000,900,0.46
441,-335.12,396900,900,0.4508
442,-244.97,397800,900,0.4729
443,-365.22,398700,900,0.5209
444,-173.99,399600,900,0.467
445,-41.2,400500,900,0.4911
446,-272.73,401400,900,0.491
447,-290.21,402300,900,0.4924
448,-229.6,403200,900,0.5
449,-721.45,404100,900,0.5096
450,-53.84,405000,900,0.4697
451,-236.86,405900,900,0.454
452,-63.63,406800,900,0.4673
453,-385.31,407700,900,0.4722
454,-376.63,408600,900,0.4673
455,-69.62,409500,900,0.4486
456,-160.76,410400,900,0.4412
457,-592.32,411300,900,0.4375
458,-123.25,412200,900,0.4544
459,-141.82,413100,900,0.4503
460,-196.48,414000,900,0.4507
461,-347.81,414900,900,0.4638
462,-563.17,415800,900,0.4523
463,-405.84,416700,900,0.4491
464,-347.94,417600,900,0.4475
465,-452.8,418500,900,0.4538
466,-165.79,419400,900,0.4016
467,-396.94,420300,900,0.4027
468,-239.77,421200,900,0.3873
469,-285.98,422100,900,0.3964
470,-329.27,423000,900,0.3931
471,-111.05,423900,900,0.398
472,-169.89,424800,900,0.3901
473,-162.41,425700,900,0.4236
474,-58.46,426600,900,0.398
475,-277.47,427500,900,0.4028
476,-306.63,428400,900,0.4109
477,-164.21,429300,900,0.4108
478,-383.44,430200,900,0.4278
479,-143.57,431100,900,0.4403
480,-138.99,432000,900,0.4636
481,-376.23,432900,900,0.4397
482,-133.73,433800,900,0.4065
483,-338.22,434700,900,0.3986
484,-311.01,435600,900,0.4034
485,-351.75,436500,900,0.4285
486,-276.52,437400,900,0.4109
487,-163.03,438300,900,0.4225
488,-110.13,439200,900,0.4272
489,-71.49,440100,900,0.4362
1,-53.22,900,900,0.6207
2,-159.81,1800,900,0.6105
3,-291.44,2700,900,0.5966
4,-54.02,3600,900,0.6096
5,-52.81,4500,900,0.6048
6,-179.25,5400,900,0.5195
7,-294.28,6300,900,0.3823
8,-367.26,7200,900,0.3976
9,-418.88,8100,900,0.3985
10,-293.05,9000,900,0.4034
11,-271.47,9900,900,0.3948
12,-156.28,10800,900,0.3937
13,-290.15,11700,900,0.4017
14,-268.18,12600,900,0.4016
15,-138.89,13500,900,0.4071
16,-234.37,14400,900,0.4111
17,-181.54,15300,900,0.3947
18,-121.28,16200,900,0.3873
19,-97.83,17100,900,0.3807
20,-148.92,18000,900,0.3924
21,-148.0,18900,900,0.3866
22,-76.5,19800,900,0.4107
23,-534.9,20700,900,0.3946
24,-1512.29,21600,900,0.402
25,-370.05,22500,900,0.4089
26,-449.78,23400,900,0.4154
27,-351.01,24300,900,0.4101
28,-130.29,25200,900,0.4073
29,-106.34,26100,900,0.3979
30,-100.25,27000,900,0.3908
31,-130.14,27900,900,0.3949
32,-97.97,28800,900,0.3978
33,-112.69,29700,900,0.4191
34,-149.04,30600,900,0.3982
35,-199.21,31500,900,0.4099
36,-142.99,32400,900,0.3976
37,-98.5,33300,900,0.4054
38,-326.29,34200,900,0.3973
39,-238.6,35100,900,0.4118
40,-122.28,36000,900,0.3919
41,-269.5,36900,900,0.4116
42,-306.41,37800,900,0.4033
43,-185.34,38700,900,0.4121
44,-169.38,39600,900,0.4106
45,-110.72,40500,900,0.404
46,-112.33,41400,900,0.4082
47,-279.88,42300,900,0.3861
48,-194.78,43200,900,0.4072
49,-229.05,44100,900,0.4049
50,-391.52,45000,900,0.4136
51,-113.18,45900,900,0.4151
52,-171.29,46800,900,0.3982
53,-216.74,47700,900,0.412
54,-294.01,48600,900,0.4075
55,-164.66,49500,900,0.4
56,-188.46,50400,900,0.3967
57,-129.09,51300,900,0.4007
58,-296.9,52200,900,0.3943
59,-175.14,53100,900,0.3973
60,-253.92,54000,900,0.3941
61,-257.67,54900,900,0.3918
62,-241.45,55800,900,0.3911
63,-267.68,56700,900,0.3949
64,-382.07,57600,900,0.3852
65,-199.83,58500,900,0.3954
66,-208.69,59400,900,0.4064
67,-398.62,60300,900,0.3964
68,-205.02,61200,900,0.387
69,-411.28,62100,900,0.3894
70,-416.05,63000,900,0.3966
71,-221.89,63900,900,0.4158
72,-202.73,64800,900,0.4086
73,-287.02,65700,900,0.4009
74,-144.9,66600,900,0.4125
75,-206.52,67500,900,0.3997
76,-125.68,68400,900,0.4064
77,-136.14,69300,900,0.3944
78,-165.82,70200,900,0.4107
79,-172.49,71100,900,0.4046
80,-113.85,72000,900,0.4023
81,-144.27,72900,900,0.3962
82,-286.49,73800,900,0.3977
83,-209.23,74700,900,0.4029
84,-150.42,75600,900,0.3865
85,-231.27,76500,900,0.3962
86,-179.89,77400,900,0.4014
87,-300.57,78300,900,0.404
88,-153.23,79200,900,0.395
89,-224.07,80100,900,0.4008
90,-175.64,81000,900,0.423
91,-160.05,81900,900,0.4058
92,-241.27,82800,900,0.3923
93,-116.16,83700,900,0.4001
94,-142.48,84600,900,0.3861
95,-239.82,85500,900,0.4
96,-229.22,86400,900,0.4011
97,-233.45,87300,900,0.4068
98,-219.93,88200,900,0.41
99,-220.95,89100,900,0.3866
100,-274.6,90000,900,0.3883
101,-357.96,90900,900,0.4094
102,-183.77,91800,900,0.3994
103,-222.7,92700,900,0.4077
104,-416.03,93600,900,0.4083
105,-93.57,94500,900,0.392
106,-145.3,95400,900,0.4291
107,-150.57,96300,900,0.4027
108,-170.36,97200,900,0.4008
109,-337.03,98100,900,0.4063
110,-186.47,99000,900,0.3888
111,-106.31,99900,900,0.3964
112,-214.9,100800,900,0.3979
113,-140.76,101700,900,0.406
114,-185.81,102600,900,0.4148
115,-165.32,103500,900,0.3805
116,-408.88,104400,900,0.4195
117,-202.87,105300,900,0.4058
118,-138.88,106200,900,0.4138
119,-246.99,107100,900,0.4139
120,-125.12,108000,900,0.3912
121,-98.43,108900,900,0.4027
122,-147.53,109800,900,0.4112
123,-223.48,110700,900,0.4205
124,-133.86,111600,900,0.3935
125,-99.42,112500,900,0.4071
126,-189.5,113400,900,0.4242
1,-464.21,900,900,0.6181
2,-362.17,1800,900,0.6161
3,-203.36,2700,900,0.5945
4,-156.77,3600,900,0.6084
5,-407.7,4500,900,0.6083
6,-205.43,5400,900,0.513
7,-387.09,6300,900,0.4002
8,-425.32,7200,900,0.3983
9,-197.91,8100,900,0.4087
10,-435.15,9000,900,0.3993
11,-488.47,9900,900,0.3959
12,-241.48,10800,900,0.4022
13,-426.19,11700,900,0.3921
14,-398.02,12600,900,0.4025
15,-179.17,13500,900,0.409
16,-97.38,14400,900,0.3968
17,-284.72,15300,900,0.4045
18,-92.97,16200,900,0.4106
19,-201.06,17100,900,0.3911
20,-145.08,18000,900,0.4054
21,-66.44,18900,900,0.4215
22,-104.66,19800,900,0.4266
1,-71.34,900,900,0.6263
2,-68.53,1800,900,0.6277
3,-419.4,2700,900,0.6273
4,-424.5,3600,900,0.6229
5,-44.9,4500,900,0.6212
6,-250.84,5400,900,0.5616
7,-286.96,6300,900,0.4498
8,-520.52,7200,900,0.4715
9,-593.84,8100,900,0.4609
10,-346.18,9000,900,0.4595
11,-318.52,9900,900,0.4479
12,-274.12,10800,900,0.4609
13,-488.67,11700,900,0.4312
14,-434.62,12600,900,0.4422
15,-435.72,13500,900,0.4551
16,-357.21,14400,900,0.4524
17,-343.0,15300,900,0.4687
18,-181.45,16200,900,0.4601
19,-310.44,17100,900,0.4454
20,-1092.7,18000,900,0.441
21,-304.48,18900,900,0.4411
22,-198.4,19800,900,0.4491
23,-377.6,20700,900,0.446
24,-204.51,21600,900,0.4492
25,-217.39,22500,900,0.4524
26,-278.34,23400,900,0.4444
27,-304.84,24300,900,0.449
28,-206.76,25200,900,0.4516
29,-282.43,26100,900,0.4366
30,-294.73,27000,900,0.4438
31,-191.91,27900,900,0.4473
32,-250.14,28800,900,0.458
33,-233.32,29700,900,0.4361
34,-189.5,30600,900,0.4507
35,-237.28,31500,900,0.438
36,-365.48,32400,900,0.4472
37,-401.98,33300,900,0.4524
38,-141.06,34200,900,0.4514
39,-266.66,35100,900,0.4343
40,-487.16,36000,900,0.4539
41,-247.63,36900,900,0.4926
42,-394.72,37800,900,0.4634
43,-247.45,38700,900,0.4522
44,-135.26,39600,900,0.4857
45,-220.11,40500,900,0.4761
46,-370.61,41400,900,0.4484
47,-404.21,42300,900,0.4617
48,-339.73,43200,900,0.4561
49,-457.84,44100,900,0.4825
50,-242.49,45000,900,0.4558
51,-244.43,45900,900,0.4847
52,-401.98,46800,900,0.4799
53,-293.26,47700,900,0.4786
54,-224.27,48600,900,0.4823
55,-444.29,49500,900,0.4701
56,-170.56,50400,900,0.5042
57,-280.79,51300,900,0.454
58,-615.14,52200,900,0.458
59,-301.82,53100,900,0.4843
60,-346.22,54000,900,0.4482
61,-379.47,54900,900,0.4497
62,-375.47,55800,900,0.4351
63,-292.57,56700,900,0.4924
64,-631.6,57600,900,0.4658
65,-447.27,58500,900,0.4708
66,-582.52,59400,900,0.4655
67,-476.69,60300,900,0.472
68,-310.07,61200,900,0.439
69,-325.44,62100,900,0.4448
70,-569.96,63000,900,0.4277
71,-530.45,63900,900,0.4623
72,-249.21,64800,900,0.448
73,-329.91,65700,900,0.4518
74,-139.28,66600,900,0.4549
75,-210.7,67500,900,0.4373
76,-197.74,68400,900,0.4502
77,-254.69,69300,900,0.4606
78,-262.7,70200,900,0.4652
79,-348.98,71100,900,0.4947
80,-350.44,72000,900,0.492
81,-455.99,72900,900,0.4654
82,-295.77,73800,900,0.4505
83,-182.78,74700,900,0.4361
84,-501.58,75600,900,0.4594
85,-325.65,76500,900,0.4513
86,-288.87,77400,900,0.4468
87,-186.85,78300,900,0.4484
88,-282.62,79200,900,0.449
89,-414.79,80100,900,0.4583
90,-143.97,81000,900,0.4464
91,-252.76,81900,900,0.4495
92,-113.37,82800,900,0.4754
93,-162.26,83700,900,0.4683
94,-491.33,84600,900,0.5433
95,-131.77,85500,900,0.5147
96,-409.67,86400,900,0.5266
97,-403.91,87300,900,0.5604
98,-326.55,88200,900,0.594
99,-349.36,89100,900,0.5578
100,-171.45,90000,900,0.544
101,-477.93,90900,900,0.5057
102,-314.71,91800,900,0.5082
103,-192.91,92700,900,0.5231
104,-387.65,93600,900,0.5154
105,-409.1,94500,900,0.5081
106,-249.22,95400,900,0.5053
107,-286.76,96300,900,0.5155
108,-286.31,97200,900,0.5766
109,-566.83,98100,900,0.6796
110,-474.24,99000,900,0.6459
111,-660.95,99900,900,0.6047
112,-439.21,100800,900,0.5943
113,-566.14,101700,900,0.6136
114,-276.76,102600,900,0.5441
115,-210.91,103500,900,0.5001
116,-557.64,104400,900,0.4961
117,-392.8,105300,900,0.5704
118,-260.54,106200,900,0.7769
119,-640.75,107100,900,0.7466
120,-493.35,108000,900,0.6788
121,-847.54,108900,900,0.7585
122,-586.03,109800,900,0.6918
123,-377.31,110700,900,0.6785
124,-435.86,111600,900,0.6515
125,-532.89,112500,900,0.6759
126,-527.85,113400,900,0.6797
127,-422.86,114300,900,0.7455
128,-226.41,115200,900,0.523
129,-292.73,116100,900,0.5538
130,-370.07,117000,900,0.5197
131,-452.97,117900,900,0.5033
132,-625.67,118800,900,0.477
133,-379.41,119700,900,0.5925
134,-379.33,120600,900,0.5488
135,-355.6,121500,900,0.5871
136,-383.08,122400,900,0.5564
137,-638.23,123300,900,0.553
138,-530.2,124200,900,0.5511
139,-524.89,125100,900,0.5484
140,-238.3,126000,900,0.5696
141,-466.24,126900,900,0.6033
142,-140.02,127800,900,0.5928
143,-107.12,128700,900,0.6203
144,-342.26,129600,900,0.6024
145,-285.39,130500,900,0.6438
146,-604.49,131400,900,0.6091
147,-173.64,132300,900,0.621
148,-548.09,133200,900,0.6689
149,-158.54,134100,900,0.6751
150,-339.89,135000,900,0.6872
151,-287.51,135900,900,0.7228
152,-233.37,136800,900,0.5322
153,-216.85,137700,900,0.5309
154,-237.0,138600,900,0.5338
155,-89.81,139500,900,0.5354
156,-198.45,140400,900,0.5281
157,-246.14,141300,900,0.531
158,-417.59,142200,900,0.5279
159,-51.98,143100,900,0.5204
160,-373.85,144000,900,0.5256
161,-304.65,144900,900,0.531
162,-165.35,145800,900,0.5479
163,-415.6,146700,900,0.5587
164,-274.19,147600,900,0.5781
165,-221.61,148500,900,0.5775
166,-374.96,149400,900,0.5646
167,-518.57,150300,900,0.5864
168,-289.11,151200,900,0.5701
169,-167.84,152100,900,0.5397
170,-307.94,153000,900,0.5548
171,-197.02,153900,900,0.7311
172,-574.72,154800,900,0.5894
173,-263.09,155700,900,0.5725
174,-231.3,156600,900,0.5584
175,-364.02,157500,900,0.5656
176,-109.9,158400,900,0.5546
177,-331.57,159300,900,0.5683
178,-506.37,160200,900,0.6255
179,-130.42,161100,900,0.7252
180,-468.44,162000,900,0.7193
181,-125.16,162900,900,0.8092
182,-740.55,163800,900,0.6996
183,-626.95,164700,900,0.7082
184,-346.18,165600,900,0.7199
185,-446.56,166500,900,0.6966
186,-267.32,167400,900,0.6959
187,-471.57,168300,900,0.6864
188,-665.97,169200,900,0.7132
189,-321.8,170100,900,0.6945
190,-489.09,171000,900,0.7074
191,-174.04,171900,900,0.6967
192,-127.63,172800,900,0.7411
193,-526.84,173700,900,0.6979
194,-533.4,174600,900,0.6877
195,-459.12,175500,900,0.6969
196,-307.7,176400,900,0.6937
197,-347.75,177300,900,0.7102
198,-181.85,178200,900,0.6892
199,-507.22,179100,900,0.6961
200,-564.5,180000,900,0.6927
201,-325.22,180900,900,0.6929
202,-295.73,181800,900,0.6784
203,-416.98,182700,900,0.6936
204,-574.9,183600,900,0.7029
205,-114.58,184500,900,0.6721
206,-114.11,185400,900,0.754
207,-257.98,186300,900,0.6964
208,-417.72,187200,900,0.7574
209,-202.05,188100,900,0.7906
210,-373.84,189000,900,0.7665
211,-163.83,189900,900,0.6754
212,-276.55,190800,900,0.693
213,-298.09,191700,900,0.7
214,-318.31,192600,900,0.701
215,-646.48,193500,900,0.719
216,-442.37,194400,900,0.7144
217,-301.46,195300,900,0.8518
218,-483.36,196200,900,1.4613
219,-180.54,197100,900,0.8353
220,-372.95,198000,900,1.271
221,-380.58,198900,900,1.4018
222,-33.23,199560,660,1.5986
223,-312.74,200460,900,1.5154
224,-188.14,201360,900,1.4382
225,-288.72,202260,900,0.7253
226,-305.93,203160,900,0.5584
227,-205.73,204060,900,0.4942
228,-296.45,204960,900,0.6209
229,-693.08,205860,900,0.5698
230,-333.33,206760,900,0.6605
231,-332.71,207660,900,0.6939
232,-343.57,208560,900,0.8154
233,-430.93,209460,900,0.8007
234,-590.32,210360,900,0.806
235,-224.12,211260,900,0.8219
236,-305.01,212160,900,0.8918
237,-430.81,213060,900,1.5176
238,-271.26,213960,900,1.4204
239,-347.25,214860,900,1.2997
240,-355.92,215760,900,1.3843
241,-216.44,216660,900,1.0895
242,-761.98,217560,900,1.6012
243,-297.63,218460,900,0.7718
244,-238.2,219360,900,0.5898
245,-444.26,220260,900,0.5689
246,-335.91,221160,900,0.5298
247,-68.56,222060,900,0.5214
248,-355.07,222960,900,0.6091
249,-511.89,223860,900,0.6882
250,-366.96,224760,900,0.8605
1,-669.44,900,900,0.62
2,-139.58,1800,900,0.6725
3,-131.88,2700,900,0.6512
4,-385.7,3600,900,0.6455
5,-535.23,4500,900,0.6557
6,-73.78,5400,900,0.5418
7,-377.07,6300,900,0.4274
8,-342.49,7200,900,0.4342
9,-389.88,8100,900,0.4471
10,-463.35,9000,900,0.44
1,-72.62,900,900,0.6409
2,-58.52,1800,900,0.6381
3,-351.49,2700,900,0.6264
4,-339.83,3600,900,0.6595
5,-247.43,4500,900,0.6504
6,-119.26,5400,900,0.5456
7,-204.21,6300,900,0.4108
8,-174.71,7200,900,0.4027
9,-180.41,8100,900,0.3981
10,-152.9,9000,900,0.4291
11,-489.21,9900,900,0.3963
12,-112.28,10800,900,0.4205
13,-331.35,11700,900,0.4179
14,-243.64,12600,900,0.4139
15,-379.15,13500,900,0.4063
16,-266.69,14400,900,0.4089
17,-323.47,15300,900,0.4019
18,-244.97,16200,900,0.3942
19,-240.87,17100,900,0.4156
20,-355.59,18000,900,0.4106
21,-260.97,18900,900,0.4037
22,-438.27,19800,900,0.395
23,-364.59,20700,900,0.3983
24,-373.76,21600,900,0.3995
25,-114.36,22500,900,0.4047
26,-421.52,23400,900,0.3848
27,-367.5,24300,900,0.4152
28,-273.09,25200,900,0.4025
29,-173.55,26100,900,0.4038
30,-132.36,27000,900,0.4125
31,-228.54,27900,900,0.3886
32,-304.55,28800,900,0.4126
33,-93.62,29700,900,0.4104
34,-99.98,30600,900,0.4089
35,-103.05,31500,900,0.417
36,-65.24,32400,900,0.4058
37,-230.38,33300,900,0.4043
38,-69.32,34200,900,0.4368
39,-48.91,35100,900,0.4077
40,-222.9,36000,900,0.415
41,-88.63,36900,900,0.4041
42,-212.84,37800,900,0.3846
43,-66.71,38700,900,0.3961
44,-304.29,39600,900,0.4128
45,-318.84,40500,900,0.4135
46,-170.62,41400,900,0.4231
47,-170.55,42300,900,0.3984
48,-318.44,43200,900,0.375
49,-424.06,44100,900,0.4001
50,-283.1,45000,900,0.4053
51,-217.88,45900,900,0.3991
52,-111.44,46800,900,0.4211
53,-284.62,47700,900,0.4164
54,-494.41,48600,900,0.3968
55,-159.43,49500,900,0.3918
56,-106.6,50400,900,0.3974
57,-298.51,51300,900,0.4076
58,-148.58,52200,900,0.417
59,-230.3,53100,900,0.4189
60,-227.25,54000,900,0.4197
61,-195.08,54900,900,0.4207
62,-56.64,55800,900,0.3997
63,-85.5,56700,900,0.3991
64,-122.73,57600,900,0.4183
65,-118.33,58500,900,0.4209
66,-269.66,59400,900,0.4146
67,-242.77,60300,900,0.3878
68,-44.17,61200,900,0.4042
69,-64.15,62100,900,0.4293
70,-105.87,63000,900,0.4041
71,-75.06,63900,900,0.395
72,-201.27,64800,900,0.391
73,-116.22,65700,900,0.3996
74,-382.22,66600,900,0.4194
75,-88.77,67500,900,0.3862
76,-242.9,68400,900,0.4136
77,-71.66,69300,900,0.4032
78,-74.43,70200,900,0.4345
79,-144.96,71100,900,0.4121
80,-84.15,72000,900,0.3857
81,-56.03,72900,900,0.4207
82,-100.12,73800,900,0.398
83,-103.01,74700,900,0.3983
84,-86.52,75600,900,0.4088
85,-102.35,76500,900,0.4194
86,-123.7,77400,900,0.3966
87,-111.3,78300,900,0.4018
88,-57.53,79200,900,0.3942
89,-51.01,80100,900,0.4273
90,-51.87,81000,900,0.4073
91,-99.98,81900,900,0.4081
92,-55.75,82800,900,0.4017
93,-94.84,83700,900,0.3995
94,-99.73,84600,900,0.4121
95,-53.66,85500,900,0.4154
96,-86.77,86400,900,0.386
97,-55.56,87300,900,0.3911
98,-45.48,88200,900,0.3966
99,-82.65,89100,900,0.4101
100,-153.54,90000,900,0.4164
101,-68.13,90900,900,0.3935
102,-115.57,91800,900,0.4146
103,-73.06,92700,900,0.4149
104,-46.55,93600,900,0.4169
105,-192.84,94500,900,0.4128
106,-59.44,95400,900,0.4097
107,-170.4,96300,900,0.3996
108,-118.19,97200,900,0.3841
109,-253.08,98100,900,0.4128
110,-128.73,99000,900,0.393
111,-88.33,99900,900,0.3962
112,-60.61,100800,900,0.4162
113,-58.55,101700,900,0.4248
114,-49.82,102600,900,0.3851
115,-53.23,103500,900,0.404
116,-46.49,104400,900,0.4061
117,-240.49,105300,900,0.4131
118,-72.64,106200,900,0.4118
119,-78.67,107100,900,0.4085
120,-62.17,108000,900,0.4188
121,-50.44,108900,900,0.4106
122,-68.88,109800,900,0.4069
123,-52.45,110700,900,0.4031
124,-46.78,111600,900,0.3926
125,-94.71,112500,900,0.4126
126,-72.54,113400,900,0.3895
127,-55.15,114300,900,0.4005
128,-76.6,115200,900,0.4181
129,-78.09,116100,900,0.3949
130,-120.92,117000,900,0.4063
131,-51.3,117900,900,0.4065
132,-56.41,118800,900,0.408
133,-147.08,119700,900,0.4142
134,-64.39,120600,900,0.4099
135,-50.65,121500,900,0.3917
136,-54.35,122400,900,0.4093
137,-81.22,123300,900,0.4142
138,-70.02,124200,900,0.402
139,-75.88,125100,900,0.405
140,-66.8,126000,900,0.4017
141,-81.5,126900,900,0.4292
142,-213.05,127800,900,0.414
143,-52.16,128700,900,0.4035
144,-45.0,129600,900,0.4177
145,-44.48,130500,900,0.4116
146,-60.78,131400,900,0.4126
147,-55.84,132300,900,0.4121
148,-190.29,133200,900,0.431
149,-53.45,134100,900,0.4038
150,-55.68,135000,900,0.3874
151,-135.76,135900,900,0.3845
152,-54.84,136800,900,0.4068
153,-62.99,137700,900,0.4181
154,-54.84,138600,900,0.3924
155,-161.62,139500,900,0.3975
156,-88.08,140400,900,0.3881
157,-63.1,141300,900,0.3927
158,-50.92,142200,900,0.4137
159,-45.1,143100,900,0.4055
160,-57.44,144000,900,0.403
161,-63.27,144900,900,0.4082
162,-119.91,145800,900,0.4228
163,-54.5,146700,900,0.4379
164,-80.65,147600,900,0.4129
165,-56.92,148500,900,0.4113
166,-63.54,149400,900,0.4013
167,-77.89,150300,900,0.4076
168,-41.78,151200,900,0.4087
169,-104.06,152100,900,0.3983
170,-51.73,153000,900,0.4322
171,-24.66,153900,900,0.4103
172,-53.06,154800,900,0.4032
173,-120.05,155700,900,0.4037
174,-105.29,156600,900,0.4063
175,-79.7,157500,900,0.4042
176,-64.27,158400,900,0.3937
177,-75.17,159300,900,0.407
178,-57.92,160200,900,0.4123
179,-105.52,161100,900,0.4082
180,-61.42,162000,900,0.3882
181,-102.74,162900,900,0.4062
182,-61.79,163800,900,0.4003
183,-183.3,164700,900,0.3946
184,-56.52,165600,900,0.3982
185,-60.0,166500,900,0.4104
186,-114.68,167400,900,0.4016
187,-74.29,168300,900,0.4056
188,-126.8,169200,900,0.4035
189,-48.82,170100,900,0.3977
190,-65.38,171000,900,0.417
191,-199.07,171900,900,0.4189
192,-154.15,172800,900,0.3987
193,-126.15,173700,900,0.421
194,-50.23,174600,900,0.4041
195,-55.13,175500,900,0.3894
196,-114.38,176400,900,0.4066
197,-58.1,177300,900,0.4141
198,-148.0,178200,900,0.4188
199,-57.67,179100,900,0.4007
200,-54.11,180000,900,0.4056
201,-52.24,180900,900,0.393
202,-56.05,181800,900,0.3925
203,-53.48,182700,900,0.4169
204,-50.72,183600,900,0.3853
205,-103.18,184500,900,0.3991
206,-47.64,185400,900,0.4068
207,-64.14,186300,900,0.4192
208,-97.95,187200,900,0.4152
209,-57.41,188100,900,0.3969
210,-149.24,189000,900,0.4076
211,-63.06,189900,900,0.3967
212,-71.45,190800,900,0.4169
213,-102.09,191700,900,0.4155
214,-55.23,192600,900,0.4057
215,-63.95,193500,900,0.398
216,-49.19,194400,900,0.3965
217,-51.9,195300,900,0.3981
218,-91.99,196200,900,0.3961
219,-65.34,197100,900,0.395
220,-110.55,198000,900,0.3982
221,-53.26,198900,900,0.401
222,-78.46,199800,900,0.4216
223,-50.57,200700,900,0.4253
224,-215.75,201600,900,0.4012
225,-61.21,202500,900,0.4063
226,-123.35,203400,900,0.4214
227,-54.37,204300,900,0.3978
228,-55.73,205200,900,0.4023
229,-52.53,206100,900,0.3997
230,-61.4,207000,900,0.4257
231,-63.89,207900,900,0.4155
232,-51.07,208800,900,0.4116
233,-60.82,209700,900,0.4253
234,-60.2,210600,900,0.4258
235,-82.02,211500,900,0.4225
236,-54.39,212400,900,0.3978
237,-46.13,213300,900,0.4108
238,-54.09,214200,900,0.4002
239,-86.53,215100,900,0.4188
240,-99.74,216000,900,0.3986
241,-83.72,216900,900,0.4066
242,-56.28,217800,900,0.4027
243,-56.05,218700,900,0.42
244,-95.82,219600,900,0.4281
245,-88.84,220500,900,0.3914
246,-47.31,221400,900,0.4045
247,-45.41,222300,900,0.4033
248,-87.24,223200,900,0.3978
249,-64.58,224100,900,0.4467
250,-55.83,225000,900,0.4033
251,-82.02,225900,900,0.3903
252,-96.03,226800,900,0.4204
253,-84.3,227700,900,0.4057
254,-133.89,228600,900,0.403
255,-61.31,229500,900,0.4329
256,-57.16,230400,900,0.395
257,-73.47,231300,900,0.412
258,-291.26,232200,900,0.4345
259,-56.37,233100,900,0.4051
260,-64.93,234000,900,0.4129
261,-63.94,234900,900,0.3925
262,-42.38,235800,900,0.3984
263,-61.75,236700,900,0.389
264,-100.07,237600,900,0.3994
265,-43.08,238500,900,0.41
266,-59.06,239400,900,0.3881
267,-74.85,240300,900,0.4022
268,-53.62,241200,900,0.4101
269,-83.89,242100,900,0.4145
270,-67.16,243000,900,0.4043
271,-95.12,243900,900,0.4258
272,-81.59,244800,900,0.4103
273,-62.07,245700,900,0.4035
274,-45.04,246600,900,0.404
275,-110.98,247500,900,0.3987
276,-56.38,248400,900,0.4073
277,-72.87,249300,900,0.4096
278,-77.29,250200,900,0.4115
279,-42.99,251100,900,0.3999
280,-41.53,252000,900,0.4102
281,-144.77,252900,900,0.4242
282,-48.94,253800,900,0.413
283,-112.32,254700,900,0.4043
284,-55.51,255600,900,0.3994
285,-222.09,256500,900,0.4132
286,-64.43,257400,900,0.4009
287,-55.16,258300,900,0.4057
288,-96.19,259200,900,0.4265
289,-57.09,260100,900,0.4094
290,-61.35,261000,900,0.3822
291,-125.14,261900,900,0.3937
292,-54.88,262800,900,0.4137
293,-44.57,263700,900,0.4082
294,-129.64,264600,900,0.4177
295,-114.03,265500,900,0.4089
296,-97.54,266400,900,0.4193
297,-48.4,267300,900,0.4122
298,-184.09,268200,900,0.4
299,-135.64,269100,900,0.4143
300,-128.57,270000,900,0.406
301,-108.23,270900,900,0.4186
302,-83.05,271800,900,0.398
303,-127.89,272700,900,0.3981
304,-78.45,273600,900,0.4028
305,-58.95,274500,900,0.4148
306,-132.79,275400,900,0.4157
307,-88.43,276300,900,0.3983
308,-58.89,277200,900,0.4223
309,-42.2,278100,900,0.4011
310,-66.88,279000,900,0.3983
311,-96.35,279900,900,0.4032
312,-73.23,280800,900,0.3935
313,-44.06,281700,900,0.4063
314,-93.47,282600,900,0.3919
315,-60.53,283500,900,0.3852
316,-56.97,284400,900,0.3963
317,-112.34,285300,900,0.4027
318,-42.45,286200,900,0.4255
319,-43.03,287100,900,0.4233
320,-65.05,288000,900,0.3964
321,-49.64,288900,900,0.4059
322,-57.3,289800,900,0.4169
323,-56.64,290700,900,0.4102
324,-68.95,291600,900,0.4072
325,-82.71,292500,900,0.4089
326,-62.01,293400,900,0.4028
327,-52.4,294300,900,0.4125
328,-92.59,295200,900,0.4027
329,-41.06,296100,900,0.4036
330,-80.8,297000,900,0.402
331,-62.63,297900,900,0.4232
332,-95.48,298800,900,0.4193
333,-49.92,299700,900,0.4178
334,-82.77,300600,900,0.4067
335,-92.88,301500,900,0.4013
336,-62.66,302400,900,0.412
337,-57.88,303300,900,0.4138
338,-75.79,304200,900,0.3975
339,-130.16,305100,900,0.3942
340,-61.15,306000,900,0.405
341,-59.57,306900,900,0.4113
342,-70.94,307800,900,0.4011
343,-44.45,308700,900,0.421
344,-81.59,309600,900,0.3948
345,-48.83,310500,900,0.4113
346,-55.66,311400,900,0.4162
347,-57.63,312300,900,0.4031
348,-44.33,313200,900,0.4062
349,-56.21,314100,900,0.4079
350,-70.34,315000,900,0.4201
351,-45.22,315900,900,0.3924
352,-117.86,316800,900,0.4061
353,-131.62,317700,900,0.4206
354,-71.54,318600,900,0.3983
355,-110.97,319500,900,0.4086
356,-74.02,320400,900,0.3807
357,-168.03,321300,900,0.4113
358,-60.99,322200,900,0.4085
359,-304.05,323100,900,0.3907
360,-76.3,324000,900,0.4099
361,-343.7,324900,900,0.3901
362,-127.35,325800,900,0.3934
363,-104.34,326700,900,0.3955
364,-64.37,327600,900,0.3924
365,-48.64,328500,900,0.3997
366,-101.97,329400,900,0.3977
367,-52.7,330300,900,0.4086
368,-75.96,331200,900,0.4088
369,-112.45,332100,900,0.4142
370,-100.94,333000,900,0.3998
371,-108.55,333900,900,0.4123
372,-89.79,334800,900,0.4029
373,-115.76,335700,900,0.3922
374,-50.05,336600,900,0.4065
375,-98.79,337500,900,0.4022
376,-43.58,338400,900,0.4084
377,-128.19,339300,900,0.3971
378,-51.92,340200,900,0.4144
379,-94.04,341100,900,0.4182
380,-50.74,342000,900,0.4054
381,-84.53,342900,900,0.3838
382,-49.03,343800,900,0.4102
383,-116.31,344700,900,0.4131
384,-76.85,345600,900,0.4039
385,-92.61,346500,900,0.3836
386,-58.82,347400,900,0.4099
387,-60.03,348300,900,0.4265
388,-72.07,349200,900,0.4093
389,-130.16,350100,900,0.3983
390,-188.09,351000,900,0.3957
391,-58.21,351900,900,0.4008
392,-55.07,352800,900,0.3906
393,-52.0,353700,900,0.4056
394,-53.16,354600,900,0.3981
395,-82.55,355500,900,0.4126
396,-67.53,356400,900,0.3935
397,-52.17,357300,900,0.4052
398,-53.08,358200,900,0.4088
399,-64.08,359100,900,0.4111
400,-58.14,360000,900,0.3976
401,-43.2,360900,900,0.413
402,-66.99,361800,900,0.4288
403,-50.46,362700,900,0.4092
404,-139.55,363600,900,0.3963
405,-45.74,364500,900,0.4049
406,-183.57,365400,900,0.4148
407,-76.27,366300,900,0.4064
408,-71.22,367200,900,0.4044
409,-100.15,368100,900,0.4027
410,-65.81,369000,900,0.4226
411,-123.73,369900,900,0.4173
412,-84.32,370800,900,0.4051
413,-47.92,371700,900,0.411
414,-51.71,372600,900,0.4009
415,-57.74,373500,900,0.4183
416,-185.26,374400,900,0.4103
417,-119.25,375300,900,0.4153
418,-44.08,376200,900,0.4106
419,-318.57,377100,900,0.4162
420,-55.1,378000,900,0.4033
421,-43.02,378900,900,0.4042
422,-63.21,379800,900,0.3873
423,-52.75,380700,900,0.3921
424,-76.56,381600,900,0.4186
425,-75.09,382500,900,0.396
426,-47.01,383400,900,0.4153
427,-47.55,384300,900,0.4222
428,-259.56,385200,900,0.3995
429,-59.13,386100,900,0.3921
430,-225.31,387000,900,0.41
431,-73.55,387900,900,0.4055
432,-161.99,388800,900,0.4145
433,-70.11,389700,900,0.4174
434,-133.21,390600,900,0.405
435,-78.39,391500,900,0.4121
436,-71.46,392400,900,0.4087
437,-44.24,393300,900,0.4154
438,-176.99,394200,900,0.4128
439,-73.26,395100,900,0.3879
440,-50.83,396000,900,0.3978
441,-316.53,396900,900,0.3878
442,-81.78,397800,900,0.4188
443,-54.78,398700,900,0.4224
444,-150.7,399600,900,0.3975
445,-152.86,400500,900,0.4
446,-76.15,401400,900,0.4222
447,-130.04,402300,900,0.4091
448,-45.82,403200,900,0.4124
449,-418.0,404100,900,0.4011
450,-97.94,405000,900,0.4168
451,-70.31,405900,900,0.3982
452,-62.86,406800,900,0.3888
453,-51.33,407700,900,0.3974
454,-106.44,408600,900,0.3872
455,-347.57,409500,900,0.4178
456,-81.7,410400,900,0.3963
457,-80.65,411300,900,0.4026
458,-71.89,412200,900,0.4119
459,-85.45,413100,900,0.4105
460,-44.2,414000,900,0.419
461,-95.68,414900,900,0.4083
462,-98.42,415800,900,0.4146
463,-138.98,416700,900,0.3926
464,-110.71,417600,900,0.3985
465,-100.76,418500,900,0.3912
466,-143.35,419400,900,0.4085
467,-162.58,420300,900,0.4067
468,-199.79,421200,900,0.3934
469,-83.52,422100,900,0.4108
470,-92.86,423000,900,0.4002
471,-68.4,423900,900,0.4028
472,-71.18,424800,900,0.3979
473,-100.55,425700,900,0.3995
474,-62.56,426600,900,0.3906
475,-77.11,427500,900,0.4088
476,-84.64,428400,900,0.4121
477,-105.95,429300,900,0.4125
478,-84.66,430200,900,0.4129
479,-195.93,431100,900,0.3962
480,-94.81,432000,900,0.3945
481,-161.77,432900,900,0.4261
482,-70.4,433800,900,0.4033
483,-146.78,434700,900,0.4072
484,-118.8,435600,900,0.4068
485,-119.8,436500,900,0.3995
486,-192.0,437400,900,0.4188
487,-99.12,438300,900,0.4247
488,-117.34,439200,900,0.4129
489,-66.2,440100,900,0.4062
490,-50.39,441000,900,0.4082
491,-143.68,441900,900,0.3995
492,-143.07,442800,900,0.405
493,-110.29,443700,900,0.4116
494,-135.12,444600,900,0.3993
495,-72.78,445500,900,0.4108
496,-493.28,446400,900,0.4332
497,-109.32,447300,900,0.4076
498,-152.46,448200,900,0.4187
499,-42.0,449100,900,0.4115
500,-181.24,450000,900,0.413
1,-355.8,900,900,0.6098
2,-293.43,1800,900,0.6112
3,-348.51,2700,900,0.6199
4,-286.48,3600,900,0.6219
5,-243.17,4500,900,0.6189
6,-200.15,5400,900,0.5342
7,-145.86,6300,900,0.4528
8,-127.46,7200,900,0.4556
9,-145.3,8100,900,0.4579
10,-243.79,9000,900,0.467
11,-81.96,9900,900,0.4442
12,-309.98,10800,900,0.4587
13,-253.49,11700,900,0.4627
14,-216.89,12600,900,0.4645
15,-246.44,13500,900,0.4699
16,-198.5,14400,900,0.4667
17,-305.87,15300,900,0.4753
18,-241.55,16200,900,0.4655
19,-160.27,17100,900,0.4669
20,-226.02,18000,900,0.4467
21,-283.56,18900,900,0.4585
22,-234.09,19800,900,0.4683
23,-111.84,20700,900,0.4656
24,-389.02,21600,900,0.4641
25,-161.21,22500,900,0.4682
26,-100.69,23400,900,0.4489
27,-146.08,24300,900,0.4726
28,-196.56,25200,900,0.463
29,-174.0,26100,900,0.4615
30,-93.01,27000,900,0.4624
31,-150.75,27900,900,0.4697
32,-190.64,28800,900,0.4588
33,-148.28,29700,900,0.4556
34,-103.01,30600,900,0.4602
35,-100.98,31500,900,0.4621
36,-103.95,32400,900,0.4611
37,-108.06,33300,900,0.4615
38,-261.92,34200,900,0.4532
39,-171.07,35100,900,0.4431
40,-108.09,36000,900,0.438
41,-59.06,36900,900,0.4423
42,-106.57,37800,900,0.4655
43,-269.45,38700,900,0.4663
44,-72.05,39600,900,0.4574
45,-45.12,40500,900,0.4391
46,-117.86,41400,900,0.4452
47,-107.65,42300,900,0.4622
48,-84.45,43200,900,0.4504
49,-55.39,44100,900,0.4369
50,-130.9,45000,900,0.4543
51,-170.67,45900,900,0.4585
52,-88.74,46800,900,0.4647
53,-46.45,47700,900,0.449
54,-67.41,48600,900,0.4481
55,-71.52,49500,900,0.4232
56,-71.23,50400,900,0.4483
57,-95.73,51300,900,0.4393
58,-64.59,52200,900,0.4427
59,-52.58,53100,900,0.4445
60,-138.58,54000,900,0.4369
61,-71.33,54900,900,0.4375
62,-64.15,55800,900,0.4537
63,-48.31,56700,900,0.4663
64,-121.92,57600,900,0.4491
65,-77.25,58500,900,0.4701
66,-72.03,59400,900,0.4454
67,-268.22,60300,900,0.447
68,-247.97,61200,900,0.4301
69,-170.43,62100,900,0.4361
70,-53.21,63000,900,0.4511
71,-212.93,63900,900,0.4559
72,-55.93,64800,900,0.4458
73,-51.98,65700,900,0.448
74,-47.72,66600,900,0.4435
75,-61.81,67500,900,0.4446
76,-60.35,68400,900,0.4575
77,-53.68,69300,900,0.5435
78,-123.53,70200,900,0.5787
79,-54.37,71100,900,0.6088
80,-58.7,72000,900,0.462
81,-59.68,72900,900,0.4672
82,-45.01,73800,900,0.4654
83,-101.61,74700,900,0.4723
84,-77.65,75600,900,0.4803
85,-41.95,76500,900,0.47
86,-78.37,77400,900,0.4766
87,-66.78,78300,900,0.4774
88,-63.22,79200,900,0.4647
89,-57.95,80100,900,0.4718
90,-152.71,81000,900,0.4667
91,-119.77,81900,900,0.4583
92,-81.73,82800,900,0.6202
93,-54.16,83700,900,0.4802
1,43.03,600,600,0.6539
2,-13.23,1200,600,0.6176
3,80.06,1800,600,0.6135
4,1.39,2400,600,0.6123
5,13.61,3000,600,0.6198
6,-14.86,3600,600,0.6166
7,-11.3,4200,600,0.6143
8,-3.26,4800,600,0.6154
9,-38.33,5400,600,0.4954
10,-75.09,6000,600,0.4855
1,230.8,600,600,0.6409
2,229.39,1200,600,0.6186
3,113.44,1800,600,0.5997
4,358.24,2400,600,0.617
5,71.27,3000,600,0.6009
6,161.07,3600,600,0.6171
7,476.17,4500,900,0.6045
8,119.41,5400,900,0.5411
9,122.37,6300,900,0.4522
10,-56.62,7200,900,0.451
11,-63.94,8100,900,0.4376
12,240.32,9000,900,0.4647
13,368.33,9900,900,0.4367
14,75.3,10800,900,0.4651
15,56.6,11700,900,0.4689
16,-83.71,12600,900,0.4343
17,-62.14,13500,900,0.456
18,112.33,14400,900,0.445
19,-60.18,15300,900,0.4417
20,481.24,16200,900,0.4411
21,60.3,17100,900,0.469
22,-6.53,18000,900,0.4735
23,468.7,18900,900,0.4577
24,133.91,19800,900,0.4646
25,242.63,20700,900,0.4722
26,104.27,21600,900,0.4656
27,-107.45,22500,900,0.4499
28,29.34,23400,900,0.4531
29,-121.19,24300,900,0.4409
30,-99.15,25200,900,0.4437
31,152.21,26100,900,0.4633
32,73.21,27000,900,0.4538
33,88.1,27900,900,0.4346
34,211.45,28800,900,0.4379
35,71.17,29700,900,0.4329
36,218.19,30600,900,0.4552
37,430.2,31500,900,0.4362
38,463.97,32400,900,0.445
39,-87.09,33300,900,0.4402
40,180.59,34200,900,0.4507
41,109.68,35100,900,0.4369
42,-52.13,36000,900,0.4521
43,137.72,36900,900,0.4377
44,-57.94,37800,900,0.4254
45,392.46,38700,900,0.4515
46,75.14,39600,900,0.4455
47,255.0,40500,900,0.4298
48,389.46,41400,900,0.4578
49,657.81,42300,900,0.4316
50,492.86,43200,900,0.4341
51,263.85,44100,900,0.4369
52,639.97,45000,900,0.4413
53,338.18,45900,900,0.4482
54,570.17,46800,900,0.4364
55,185.38,47700,900,0.4502
56,163.98,48600,900,0.4586
57,412.63,49500,900,0.4247
58,231.97,50400,900,0.4477
59,192.82,51300,900,0.4441
60,595.0,52200,900,0.4344
61,714.74,53100,900,0.4299
62,453.86,54000,900,0.4335
63,368.07,54900,900,0.4311
64,162.44,55800,900,0.4283
65,514.77,56700,900,0.4446
66,679.9,57600,900,0.4425
67,361.44,58500,900,0.4446
68,295.43,59400,900,0.4438
69,566.78,60300,900,0.4596
70,354.6,61200,900,0.4606
71,509.0,62100,900,0.4295
72,599.02,63000,900,0.4416
73,229.05,63900,900,0.4308
74,356.98,64800,900,0.4348
75,171.65,65700,900,0.4271
76,280.79,66600,900,0.4465
77,-35.23,67500,900,0.4294
78,579.52,68400,900,0.449
79,667.7,69300,900,0.4349
80,404.78,70200,900,0.4461
81,150.53,71100,900,0.4427
82,488.68,72000,900,0.4447
83,581.7,72900,900,0.429
84,187.54,73800,900,0.4441
85,456.15,74700,900,0.4256
86,489.54,75600,900,0.4439
87,228.3,76500,900,0.4305
88,409.76,77400,900,0.4301
89,369.45,78300,900,0.4282
90,600.48,79200,900,0.4401
91,243.52,80100,900,0.4291
92,462.21,81000,900,0.4367
93,260.81,81900,900,0.4315
94,122.24,82800,900,0.442
95,560.79,83700,900,0.4319
96,273.04,84600,900,0.4347
97,437.16,85500,900,0.4362
98,545.55,86400,900,0.458
99,148.14,87300,900,0.4252
100,147.02,88200,900,0.451
101,469.87,89100,900,0.4192
102,473.95,90000,900,0.4485
103,148.65,90900,900,0.4451
104,-25.81,91800,900,0.4317
105,3.73,92700,900,0.4585
106,145.34,93600,900,0.4307
107,404.56,94500,900,0.4475
108,221.66,95400,900,0.4325
109,551.71,96300,900,0.4585
110,278.43,97200,900,0.4278
111,529.6,98100,900,0.4377
112,312.68,99000,900,0.4545
113,586.59,99900,900,0.4441
114,190.02,100800,900,0.449
115,536.25,101700,900,0.4441
116,152.31,102600,900,0.4295
117,155.91,103500,900,0.4545
118,243.44,104400,900,0.4574
119,588.07,105300,900,0.4419
120,389.18,106200,900,0.4538
121,144.52,107100,900,0.4464
122,528.46,108000,900,0.4588
123,110.81,108900,900,0.4297
124,498.95,109800,900,0.424
125,130.61,110700,900,0.4375
126,116.72,111600,900,0.4324
127,316.59,112500,900,0.4162
128,342.53,113400,900,0.4295
129,87.48,114300,900,0.4382
130,482.18,115200,900,0.4616
131,428.54,116100,900,0.4329
132,379.08,117000,900,0.4471
133,301.71,117900,900,0.4407
134,425.12,118800,900,0.4657
135,572.08,119700,900,0.4586
136,376.79,120600,900,0.446
137,496.8,121500,900,0.4533
138,308.5,122400,900,0.4697
139,156.95,123300,900,0.4629
140,486.84,124200,900,0.4388
141,460.22,125100,900,0.4423
142,556.72,126000,900,0.4481
143,473.38,126900,900,0.4309
144,515.7,127800,900,0.4469
145,342.08,128700,900,0.4563
146,376.81,129600,900,0.4484
147,624.16,130500,900,0.432
148,516.48,131400,900,0.479
149,599.13,132300,900,0.4988
150,155.76,133200,900,0.4837
151,189.01,134100,900,0.4938
152,506.05,135000,900,0.4781
153,552.31,135900,900,0.4698
154,550.86,136800,900,0.4669
155,608.45,137700,900,0.4624
156,583.51,138600,900,0.464
157,282.35,139500,900,0.5155
158,522.61,140400,900,0.4966
159,480.61,141300,900,0.456
160,517.05,142200,900,0.4727
161,341.27,143100,900,0.5146
162,479.44,144000,900,0.4954
163,692.69,144900,900,0.4683
164,142.56,145800,900,0.49
165,568.63,146700,900,0.4687
166,510.3,147600,900,0.4848
167,310.33,148500,900,0.4702
168,121.78,149400,900,0.4693
169,605.91,150300,900,0.459
170,627.66,151200,900,0.4641
171,173.24,152100,900,0.4521
172,347.47,153000,900,0.4734
173,291.97,153900,900,0.4633
174,537.06,154800,900,0.4816
175,496.46,155700,900,0.4732
176,576.69,156600,900,0.4668
177,124.98,157500,900,0.4582
178,375.02,158400,900,0.4579
179,623.57,159300,900,0.4642
180,124.67,160200,900,0.4798
181,328.9,161100,900,0.4378
182,502.36,162000,900,0.4707
183,463.94,162900,900,0.4467
184,410.93,163800,900,0.4479
185,332.54,164700,900,0.4478
186,667.95,165600,900,0.4638
187,166.94,166500,900,0.4428
188,523.12,167400,900,0.4524
189,147.72,168300,900,0.4466
190,428.03,169200,900,0.4459
191,434.55,170100,900,0.4424
192,558.75,171000,900,0.4621
193,175.98,171900,900,0.4501
194,128.24,172800,900,0.4365
195,264.16,173700,900,0.4532
196,522.35,174600,900,0.4469
197,690.48,175500,900,0.4619
198,576.4,176400,900,0.4552
199,523.64,177300,900,0.4425
200,646.95,178200,900,0.4753
201,305.03,179100,900,0.4581
202,675.38,180000,900,0.452
203,341.22,180900,900,0.4508
204,140.54,181800,900,0.4441
205,93.54,182700,900,0.4708
206,411.52,183600,900,0.4751
207,672.42,184500,900,0.46
208,308.51,185400,900,0.4715
209,538.7,186300,900,0.4557
210,568.12,187200,900,0.4652
211,340.59,188100,900,0.4962
212,443.41,189000,900,0.473
213,122.23,189900,900,0.4521
214,249.91,190800,900,0.4821
215,568.72,191700,900,0.4906
216,584.96,192600,900,0.4722
217,94.48,193500,900,0.4765
218,446.14,194400,900,0.4686
219,468.99,195300,900,0.4647
220,620.79,196200,900,0.4594
221,85.36,197100,900,0.463
222,388.67,198000,900,0.4674
223,395.57,198900,900,0.4637
224,477.57,199800,900,0.4495
225,308.77,200700,900,0.4557
226,609.79,201600,900,0.4353
227,591.24,202500,900,0.4604
228,613.97,203400,900,0.4634
229,302.58,204300,900,0.4584
230,395.05,205200,900,0.473
231,655.6,206100,900,0.4673
232,578.76,207000,900,0.4566
233,155.65,207900,900,0.4621
234,144.27,208800,900,0.4793
235,585.56,209700,900,0.4688
236,106.28,210600,900,0.4588
237,422.83,211500,900,0.4699
238,516.86,212400,900,0.469
239,561.59,213300,900,0.4609
240,155.37,214200,900,0.463
241,442.49,215100,900,0.4573
242,383.04,216000,900,0.4647
243,531.52,216900,900,0.4387
244,517.79,217800,900,0.4596
245,523.91,218700,900,0.4659
246,89.76,219600,900,0.47
247,331.94,220500,900,0.4738
248,468.47,221400,900,0.4855
249,637.03,222300,900,0.4597
250,560.56,223200,900,0.4653
251,132.84,224100,900,0.47
252,633.35,225000,900,0.4512
253,639.58,225900,900,0.4735
254,120.47,226800,900,0.4775
255,507.91,227700,900,0.4612
256,304.62,228600,900,0.4703
257,504.94,229500,900,0.468
258,478.64,230400,900,0.4519
259,565.56,231300,900,0.4633
260,470.23,232200,900,0.4846
261,769.96,233400,1200,0.4625
262,133.13,234600,1200,0.4684
263,117.24,235800,1200,0.4612
264,120.23,237000,1200,0.4592
265,647.04,238200,1200,0.4663
266,869.95,239400,1200,0.4419
267,441.73,240600,1200,0.4668
268,902.39,241800,1200,0.4684
269,101.05,243000,1200,0.4648
270,140.61,244200,1200,0.4788
271,350.98,245400,1200,0.4673
272,365.49,246600,1200,0.4685
273,134.65,247800,1200,0.469
274,490.74,249000,1200,0.4602
275,128.59,250200,1200,0.4555
276,774.06,251400,1200,0.4717
277,710.19,252600,1200,0.4699
278,802.39,253800,1200,0.452
279,568.33,255000,1200,0.4656
280,706.13,256200,1200,0.4655
281,106.22,257400,1200,0.4712
282,478.79,258600,1200,0.4423
283,532.91,259800,1200,0.4546
284,848.04,261000,1200,0.4572
285,656.1,262200,1200,0.4563
286,318.72,263400,1200,0.4673
287,761.15,264600,1200,0.4629
288,132.97,265800,1200,0.4631
289,767.9,267000,1200,0.4597
290,106.92,268200,1200,0.4595
291,99.26,269400,1200,0.4618
292,693.31,270600,1200,0.4556
293,689.98,271800,1200,0.4636
294,712.07,273000,1200,0.4517
295,442.51,274200,1200,0.4651
296,655.88,275400,1200,0.4673
297,470.24,276600,1200,0.4575
298,202.46,277800,1200,0.4632
299,682.52,279000,1200,0.4877
300,619.92,280200,1200,0.4884
1,-12.12,600,600,0.6071
2,-26.44,1200,600,0.6246
3,-25.59,1800,600,0.6116
4,-49.12,2400,600,0.6171
5,-24.19,3000,600,0.6088
6,-26.27,3600,600,0.6214
7,-28.21,4200,600,0.635
8,-22.49,4800,600,0.6098
9,96.76,5400,600,0.5148
10,-73.76,6000,600,0.4771
11,-23.14,6600,600,0.4657
12,-115.94,7200,600,0.467
13,-2.43,7800,600,0.4505
14,-59.13,8400,600,0.4614
15,-121.55,9000,600,0.4595
16,-17.07,9600,600,0.5033
17,15.42,10200,600,0.5294
18,-64.78,10800,600,0.5519
19,-116.42,11400,600,0.5352
20,-36.28,12000,600,0.4957
21,-76.82,12600,600,0.4708
22,-46.27,13200,600,0.4554
23,-74.32,13800,600,0.4555
24,23.09,14400,600,0.4647
25,-106.48,15000,600,0.4664
26,-86.82,15600,600,0.4626
27,-102.18,16200,600,0.4778
28,-59.6,16800,600,0.4964
29,-61.08,17400,600,0.4774
30,-101.79,18000,600,0.486
31,-81.78,18600,600,0.4615
32,-90.25,19200,600,0.4729
33,-39.66,19800,600,0.4757
34,-57.25,20400,600,0.4623
35,-39.51,21000,600,0.4894
36,-49.3,21600,600,0.502
37,-64.87,22200,600,0.4776
38,-59.97,22800,600,0.4695
39,68.96,23400,600,0.4664
40,-45.44,24000,600,0.4598
41,118.58,24600,600,0.4618
42,-129.72,25200,600,0.4481
43,-77.61,25800,600,0.4343
44,-55.05,26400,600,0.4598
45,-57.23,27000,600,0.4596
46,-49.29,27600,600,0.4475
47,-42.61,28200,600,0.4415
48,-38.09,28800,600,0.4352
49,-36.72,29400,600,0.4312
50,187.54,30000,600,0.4518
51,126.44,30600,600,0.4532
52,-75.15,31500,900,0.4476
53,263.96,32400,900,0.4414
54,8.48,33300,900,0.451
55,-79.77,34200,900,0.4618
56,-8.97,35100,900,0.4328
57,-17.72,36000,900,0.4617
58,25.84,36900,900,0.4602
59,302.87,37800,900,0.4788
60,477.42,38700,900,0.4829
61,150.41,39600,900,0.4701
62,338.97,40500,900,0.4687
63,133.3,41400,900,0.4738
64,265.36,42300,900,0.4797
65,502.01,43200,900,0.4719
66,269.21,44100,900,0.4693
67,284.32,45000,900,0.4869
68,126.88,45900,900,0.5434
69,12.76,46800,900,0.5162
70,312.25,47700,900,0.4796
71,382.88,48600,900,0.4751
72,135.27,49500,900,0.4801
73,181.86,50400,900,0.4654
74,465.64,51300,900,0.4849
75,333.39,52200,900,0.447
76,-17.24,53100,900,0.463
77,136.75,54000,900,0.4897
78,155.96,54900,900,0.4794
79,-34.32,55800,900,0.4705
80,466.38,56700,900,0.4899
81,387.37,57600,900,0.4674
82,208.52,58500,900,0.4602
83,552.08,59400,900,0.4763
84,289.45,60300,900,0.466
85,292.43,61200,900,0.4639
86,229.44,62100,900,0.469
87,245.9,63000,900,0.4817
88,146.89,63900,900,0.4536
89,123.81,64800,900,0.4768
90,566.91,65700,900,0.4616
91,625.24,66600,900,0.4636
92,373.29,67500,900,0.4544
93,186.74,68400,900,0.4627
94,140.55,69300,900,0.4573
95,152.84,70200,900,0.45
96,546.56,71100,900,0.4567
97,436.48,72000,900,0.4541
98,217.81,72900,900,0.4456
99,220.33,73800,900,0.4659
100,391.7,74700,900,0.4584
101,173.66,75600,900,0.4538
102,424.2,76500,900,0.4539
103,386.64,77400,900,0.4722
104,503.8,78300,900,0.4642
105,234.44,79200,900,0.4731
106,149.72,80100,900,0.4441
107,69.81,81000,900,0.4614
108,290.36,81900,900,0.4621
109,138.13,82800,900,0.4426
110,163.23,83700,900,0.4616
111,348.62,84600,900,0.4495
112,99.36,85500,900,0.4617
113,137.57,86400,900,0.4357
114,451.2,87300,900,0.4498
115,121.06,88200,900,0.4695
116,539.15,89100,900,0.4424
117,596.55,90000,900,0.4572
118,137.17,90900,900,0.438
119,487.02,91800,900,0.4673
120,339.8,92700,900,0.4378
121,282.57,93600,900,0.4679
122,477.07,94500,900,0.4667
123,153.34,95400,900,0.4452
124,287.62,96300,900,0.4604
125,191.96,97200,900,0.4724
126,15.09,98100,900,0.4705
127,576.41,99000,900,0.4647
128,237.15,99900,900,0.4612
129,571.16,100800,900,0.4761
130,155.57,101700,900,0.4723
131,190.88,102600,900,0.4457
132,209.11,103500,900,0.4673
133,159.46,104400,900,0.4611
134,261.7,105300,900,0.4545
135,514.44,106200,900,0.4609
136,310.41,107100,900,0.4392
137,237.51,108000,900,0.4482
138,68.75,108900,900,0.4719
139,468.28,109800,900,0.4691
140,464.15,110700,900,0.4587
141,151.33,111600,900,0.4485
142,97.36,112500,900,0.4577
143,150.6,113400,900,0.4662
144,118.4,114300,900,0.4585
145,199.82,115200,900,0.4762
146,379.28,116100,900,0.472
147,407.11,117000,900,0.448
148,250.1,117900,900,0.4687
149,298.2,118800,900,0.459
150,15.69,119700,900,0.4554
151,692.79,120600,900,0.4698
152,134.2,121500,900,0.4562
153,139.27,122400,900,0.4604
154,375.79,123300,900,0.4526
155,444.03,124200,900,0.4532
156,351.23,125100,900,0.4527
157,230.56,126000,900,0.4472
158,-45.35,126900,900,0.4416
159,147.59,127800,900,0.4717
160,117.05,128700,900,0.4661
161,221.87,129600,900,0.468
162,133.48,130500,900,0.4634
163,296.92,131400,900,0.4611
164,293.41,132300,900,0.4549
165,485.97,133200,900,0.4602
166,316.46,134100,900,0.4676
167,110.85,135000,900,0.4367
168,236.73,135900,900,0.4775
169,134.04,136800,900,0.5014
170,284.84,137700,900,0.4949
171,91.34,138600,900,0.565
172,-95.14,139500,900,0.5142
173,270.62,140400,900,0.4826
174,336.18,141300,900,0.4932
175,58.62,142200,900,0.6655
176,43.44,143100,900,0.6725
177,123.11,144000,900,0.5565
178,69.53,144900,900,0.5129
179,106.88,145800,900,0.6159
180,-197.61,146700,900,0.5995
181,-11.53,147600,900,0.5638
182,125.9,148500,900,0.6035
183,108.86,149400,900,0.6296
184,25.12,150300,900,0.6773
185,25.02,151200,900,0.5332
186,162.92,152100,900,0.5495
187,156.05,153000,900,0.5755
188,93.18,153900,900,0.6314
189,330.18,154800,900,0.6174
190,56.16,155700,900,0.5379
191,167.56,156600,900,0.4782
192,187.9,157500,900,0.4898
193,147.51,158400,900,0.4902
194,310.86,159300,900,0.4787
195,388.57,160200,900,0.4821
196,338.48,161100,900,0.4559
197,463.58,162000,900,0.4548
198,120.67,162900,900,0.4579
199,139.24,163800,900,0.4635
200,339.16,164700,900,0.4712
201,375.05,165600,900,0.4525
202,202.84,166500,900,0.4508
203,146.47,167400,900,0.4597
204,-45.87,168300,900,0.4711
205,327.53,169200,900,0.4589
206,227.95,170100,900,0.4526
207,98.73,171000,900,0.4556
208,251.88,171900,900,0.4539
209,121.44,172800,900,0.4514
210,122.86,173700,900,0.4444
211,223.11,174600,900,0.4782
212,309.2,175500,900,0.4575
213,202.66,176400,900,0.4548
214,116.37,177300,900,0.4587
215,26.06,178200,900,0.4609
216,296.81,179100,900,0.456
217,249.3,180000,900,0.4627
218,454.87,180900,900,0.455
219,540.06,181800,900,0.4588
220,132.13,182700,900,0.4586
221,102.41,183600,900,0.4807
222,216.45,184500,900,0.487
223,-28.28,185400,900,0.5033
224,121.4,186300,900,0.4668
225,211.44,187200,900,0.4876
226,132.31,188100,900,0.464
227,149.81,189000,900,0.5024
228,463.24,189900,900,0.4842
229,-75.06,190800,900,0.4678
230,323.2,191700,900,0.4819
231,379.78,192600,900,0.5016
232,90.75,193500,900,0.4955
233,311.2,194400,900,0.4912
234,199.59,195300,900,0.5396
235,132.32,196200,900,0.5813
236,102.26,197100,900,0.5529
237,152.15,198000,900,0.5529
238,78.35,198900,900,0.5907
239,95.7,199800,900,0.6629
240,98.23,200700,900,0.5818
241,104.96,201600,900,0.6005
242,69.94,202500,900,0.6138
243,-43.59,203400,900,0.592
244,117.25,204300,900,0.5777
245,111.36,205200,900,0.5438
246,124.99,206100,900,0.598
247,126.92,207000,900,0.5405
248,141.12,207900,900,0.5424
249,77.25,208800,900,0.5415
250,226.91,209700,900,0.5483
251,164.23,210600,900,0.5228
252,134.27,211500,900,0.5703
253,111.11,212400,900,0.6069
254,158.47,213300,900,0.5216
255,153.61,214200,900,0.5559
256,78.7,215100,900,0.523
257,255.85,216000,900,0.504
258,351.75,216900,900,0.5172
259,298.23,217800,900,0.5351
260,134.58,218700,900,0.573
261,120.35,219600,900,0.5594
262,112.49,220500,900,0.5959
263,166.64,221400,900,0.5487
264,125.12,222300,900,0.5554
265,62.17,223200,900,0.5593
266,263.37,224100,900,0.4825
267,295.54,225000,900,0.5025
268,76.69,225900,900,0.4948
269,329.25,226800,900,0.5091
270,146.01,227700,900,0.5187
271,93.34,228600,900,0.5972
272,444.95,229500,900,0.5143
273,243.85,230400,900,0.5438
274,271.44,231300,900,0.5731
275,156.02,232200,900,0.5304
276,132.82,233100,900,0.5512
277,335.69,234000,900,0.5258
278,219.9,234900,900,0.5338
279,123.26,235800,900,0.5269
280,106.62,236700,900,0.5736
281,155.04,237600,900,0.6669
282,104.51,238500,900,0.6425
283,118.02,239400,900,0.5579
284,295.92,240300,900,0.5284
285,126.47,241200,900,0.5597
286,129.35,242100,900,0.5501
287,119.11,243000,900,0.5293
288,117.14,243900,900,0.6909
289,117.99,244800,900,0.5754
290,403.09,245700,900,0.5111
291,106.38,246600,900,0.52
292,260.85,247500,900,0.5192
293,173.57,248400,900,0.536
294,246.22,249300,900,0.5203
295,420.54,250200,900,0.5007
296,63.56,251100,900,0.4781
297,98.72,252000,900,0.5136
298,234.09,252900,900,0.4978
299,210.2,253800,900,0.4849
300,325.9,254700,900,0.508
1,247.28,600,600,0.6304
2,-59.19,1200,600,0.6249
3,-29.2,1800,600,0.6582
4,-55.68,2400,600,0.6826
5,109.47,3000,600,0.6388
6,-48.3,3600,600,0.6117
7,202.39,4200,600,0.6735
8,168.91,4800,600,0.701
9,-64.77,5400,600,0.5271
10,-76.95,6000,600,0.4766
11,-71.57,6600,600,0.5364
12,307.09,7200,600,0.4746
13,-57.3,7800,600,0.4896
14,-64.43,8400,600,0.4861
15,-50.88,9000,600,0.4825
16,-39.41,9600,600,0.4825
17,-70.5,10200,600,0.4695
18,38.88,10800,600,0.5141
19,-88.38,11400,600,0.5102
20,147.77,12000,600,0.4808
21,-38.83,12600,600,0.4688
22,-48.81,13200,600,0.4845
23,-66.5,13800,600,0.5341
24,-68.43,14400,600,0.4856
25,201.63,15000,600,0.5302
26,70.06,15900,900,0.5123
27,-140.23,16800,900,0.4836
28,-160.83,17700,900,0.522
29,-82.79,18600,900,0.4849
30,-73.22,19500,900,0.5445
31,103.98,20400,900,0.4739
32,330.53,21300,900,0.4751
33,-93.48,22200,900,0.4734
34,-100.79,23100,900,0.4742
35,-101.22,24000,900,0.5489
36,236.34,24900,900,0.5202
37,302.06,25800,900,0.4727
38,-163.23,26700,900,0.5643
39,12.55,27600,900,0.5285
40,382.9,28500,900,0.4814
41,-61.44,29400,900,0.5468
42,-111.87,30300,900,0.5441
43,428.3,31200,900,0.4818
44,24.26,32100,900,0.4791
45,-105.68,33000,900,0.5913
46,78.0,33900,900,0.4899
47,426.07,34800,900,0.4656
48,533.63,35700,900,0.4648
49,-75.14,36600,900,0.4715
50,312.85,37500,900,0.4676
51,269.62,38400,900,0.4711
52,67.65,39300,900,0.4939
53,464.72,40200,900,0.4928
54,320.66,41100,900,0.4796
55,-127.84,42000,900,0.459
56,179.71,42900,900,0.4717
57,53.5,43800,900,0.4631
58,-90.35,44700,900,0.4807
59,300.41,45600,900,0.4714
60,484.0,46500,900,0.4586
61,-3.4,47400,900,0.4422
62,125.39,48300,900,0.4611
63,-63.34,49200,900,0.4526
64,217.27,50100,900,0.4474
65,88.3,51000,900,0.4489
66,-72.91,51900,900,0.4273
67,103.62,52800,900,0.4699
68,-101.24,53700,900,0.4269
69,384.09,54600,900,0.4557
70,-104.86,55500,900,0.4565
71,232.37,56400,900,0.445
72,377.94,57300,900,0.4444
73,186.18,58200,900,0.4633
74,342.41,59100,900,0.4604
75,-48.87,60000,900,0.4712
76,394.69,60900,900,0.4698
77,-96.77,61800,900,0.4423
78,-86.03,62700,900,0.4329
79,125.1,63600,900,0.4564
80,206.93,64500,900,0.4598
81,377.55,65400,900,0.4551
82,320.91,66300,900,0.4444
83,279.71,67200,900,0.463
84,455.93,68100,900,0.4536
85,452.8,69000,900,0.4502
86,461.74,69900,900,0.4551
87,257.58,70800,900,0.4483
88,405.47,71700,900,0.4532
89,158.3,72600,900,0.4548
90,599.69,73500,900,0.4693
91,610.69,74400,900,0.4577
92,678.58,75300,900,0.4671
93,-61.36,76200,900,0.4448
94,99.4,77100,900,0.4641
95,237.92,78000,900,0.4375
96,210.28,78900,900,0.4565
97,436.73,79800,900,0.464
98,146.94,80700,900,0.4493
99,285.94,81600,900,0.4532
100,503.24,82500,900,0.47
101,406.3,83400,900,0.448
102,341.75,84300,900,0.4672
103,540.01,85200,900,0.4563
104,106.59,86100,900,0.4466
105,429.85,87000,900,0.4649
106,608.38,87900,900,0.4635
107,534.43,88800,900,0.4742
108,299.41,89700,900,0.4542
109,-55.61,90600,900,0.4393
110,133.91,91500,900,0.4464
111,413.9,92400,900,0.462
112,626.04,93300,900,0.467
113,-43.19,94200,900,0.4473
114,80.69,95100,900,0.4651
115,331.88,96000,900,0.4499
116,666.07,96900,900,0.4649
117,495.35,97800,900,0.4686
118,-25.42,98700,900,0.4519
119,-69.03,99600,900,0.4477
120,84.06,100500,900,0.4461
121,166.82,101400,900,0.4536
122,-36.3,102300,900,0.4469
123,541.0,103200,900,0.4531
124,253.71,104100,900,0.4555
125,-41.84,105000,900,0.4369
126,231.08,105900,900,0.4579
127,269.21,106800,900,0.4582
128,192.16,107700,900,0.4521
129,-47.8,108600,900,0.4481
130,599.0,109500,900,0.456
131,285.82,110400,900,0.4406
132,493.41,111300,900,0.4571
133,537.93,112200,900,0.4601
134,164.27,113100,900,0.4584
135,120.79,114000,900,0.4717
136,110.7,114900,900,0.4643
137,-49.77,115800,900,0.4607
138,328.64,116700,900,0.4633
139,534.51,117600,900,0.4556
140,98.49,118500,900,0.4636
141,423.38,119400,900,0.4573
142,153.95,120300,900,0.4689
143,517.99,121200,900,0.4502
144,520.5,122100,900,0.4686
145,402.1,123000,900,0.4597
146,-102.87,123900,900,0.4339
147,144.88,124800,900,0.4711
148,299.4,125700,900,0.4545
149,580.13,126600,900,0.4537
150,626.18,127500,900,0.4403
151,521.16,128400,900,0.4456
152,341.01,129300,900,0.4777
153,453.99,130500,1200,0.4745
154,789.72,131700,1200,0.4729
155,62.49,132900,1200,0.4519
156,-101.41,134100,1200,0.4478
157,448.75,135300,1200,0.4594
158,-58.14,136500,1200,0.4475
159,671.14,137700,1200,0.4548
160,79.42,138900,1200,0.4618
161,450.16,140100,1200,0.4452
162,92.17,141300,1200,0.458
163,588.59,142500,1200,0.4649
164,123.99,143700,1200,0.467
165,-136.79,144900,1200,0.4394
166,550.13,146100,1200,0.4639
167,406.02,147300,1200,0.4567
168,748.59,148500,1200,0.4633
169,130.08,149700,1200,0.4596
170,-115.57,150900,1200,0.4555
171,536.24,152100,1200,0.4594
172,358.52,153300,1200,0.4653
173,515.06,154500,1200,0.4527
174,487.18,155700,1200,0.4659
175,68.13,156900,1200,0.4471
176,664.66,158100,1200,0.4615
177,-139.36,159300,1200,0.4472
178,240.04,160500,1200,0.4565
179,804.61,161700,1200,0.4548
180,400.93,162900,1200,0.4745
181,311.3,164100,1200,0.4698
182,360.71,165300,1200,0.462
183,240.43,166500,1200,0.47
184,-93.18,167700,1200,0.4621
185,-100.58,168900,1200,0.4634
186,533.8,170100,1200,0.4586
187,256.86,171300,1200,0.4657
188,76.75,172500,1200,0.4567
189,313.56,173700,1200,0.4636
190,531.29,174900,1200,0.4436
191,-108.12,176100,1200,0.4391
192,-86.67,177300,1200,0.4571
193,36.1,178500,1200,0.4544
194,278.66,179700,1200,0.4698
195,94.07,180900,1200,0.4707
196,114.31,182100,1200,0.461
197,467.03,183300,1200,0.4649
198,231.62,184500,1200,0.4587
199,263.49,185700,1200,0.4716
200,516.1,186900,1200,0.4638
201,771.72,188100,1200,0.4621
202,423.95,189300,1200,0.4532
203,826.92,190500,1200,0.4514
204,520.72,191700,1200,0.4602
205,124.33,192900,1200,0.4569
206,238.29,194100,1200,0.4508
207,276.88,195300,1200,0.4656
208,161.41,196500,1200,0.4669
209,732.97,197700,1200,0.4573
210,415.75,198900,1200,0.4465
211,124.44,200100,1200,0.4684
212,458.71,201300,1200,0.4499
213,667.67,202500,1200,0.4582
214,353.55,203700,1200,0.4564
215,336.16,204900,1200,0.4588
216,44.6,206100,1200,0.4538
217,136.65,207300,1200,0.4658
218,521.62,208500,1200,0.4628
219,184.7,209700,1200,0.4525
220,505.93,210900,1200,0.4676
221,621.06,212100,1200,0.4616
222,328.32,213300,1200,0.4546
223,725.54,214500,1200,0.4588
224,446.24,215700,1200,0.4565
225,634.28,216900,1200,0.4647
226,293.08,218100,1200,0.4665
227,209.36,219300,1200,0.4685
228,268.36,220500,1200,0.4551
229,264.95,221700,1200,0.4836
230,285.22,222900,1200,0.4476
231,82.79,224100,1200,0.4609
232,436.74,225300,1200,0.4441
233,148.97,226500,1200,0.4647
234,58.28,227700,1200,0.4409
235,572.11,228900,1200,0.4565
236,265.84,230100,1200,0.4579
237,765.35,231300,1200,0.4576
238,779.14,232500,1200,0.4544
239,636.5,233700,1200,0.4496
240,381.75,234900,1200,0.4504
241,121.75,236100,1200,0.4571
242,442.97,237300,1200,0.4425
243,79.42,238500,1200,0.4471
244,815.34,239700,1200,0.4562
245,441.08,240900,1200,0.4626
246,576.84,242100,1200,0.4519
247,485.19,243300,1200,0.4704
248,-29.76,244500,1200,0.4484
249,549.19,245700,1200,0.4622
250,-60.51,246900,1200,0.4375
251,438.58,248100,1200,0.4403
252,771.02,249300,1200,0.4507
253,514.68,250500,1200,0.4697
254,641.98,251700,1200,0.4643
255,-66.06,252900,1200,0.4423
256,332.29,254100,1200,0.4561
257,-77.06,255300,1200,0.4491
258,696.4,256500,1200,0.4473
259,-61.55,257700,1200,0.4538
260,676.99,258900,1200,0.4641
261,401.41,260100,1200,0.4475
262,140.75,261300,1200,0.4586
263,208.88,262500,1200,0.4605
264,594.88,263700,1200,0.4675
265,241.47,264900,1200,0.4578
266,-35.69,266100,1200,0.4506
267,249.53,267300,1200,0.4551
268,151.87,268500,1200,0.452
269,-72.86,269700,1200,0.4478
270,618.91,270900,1200,0.4559
271,-14.1,272100,1200,0.4542
272,246.62,273300,1200,0.4648
273,275.39,274500,1200,0.468
274,287.48,275700,1200,0.4554
275,255.96,276900,1200,0.4604
276,129.75,278100,1200,0.46
277,467.13,279300,1200,0.4549
278,366.9,280500,1200,0.4604
279,568.4,281700,1200,0.4538
280,483.35,282900,1200,0.4496
281,561.78,284100,1200,0.46
282,624.85,285300,1200,0.4611
283,79.28,286500,1200,0.4482
284,222.09,287700,1200,0.4527
285,39.25,288900,1200,0.4561
286,568.35,290100,1200,0.4517
287,275.02,291300,1200,0.4724
288,485.31,292500,1200,0.4704
289,629.76,293700,1200,0.477
290,286.57,294900,1200,0.4574
291,698.04,296100,1200,0.4607
292,657.22,297300,1200,0.4788
293,217.96,298500,1200,0.4441
294,521.29,299700,1200,0.458
295,746.35,300900,1200,0.4691
296,148.15,302100,1200,0.4566
297,132.76,303300,1200,0.4427
298,597.38,304500,1200,0.4503
299,303.42,305700,1200,0.4737
300,92.08,306900,1200,0.4392
1,-17.22,600,600,0.6188
2,-15.2,1200,600,0.6163
3,-17.72,1800,600,0.6171
4,-26.87,2400,600,0.6176
5,-16.81,3000,600,0.6249
6,-14.57,3600,600,0.6046
7,-22.12,4200,600,0.6178
8,-74.55,4800,600,0.6155
9,-49.56,5400,600,0.5063
10,285.96,6000,600,0.4534
11,59.32,6600,600,0.4522
12,-60.7,7200,600,0.4374
13,-73.39,7800,600,0.4708
14,-51.62,8400,600,0.4429
15,216.72,9000,600,0.4627
16,139.11,9600,600,0.4635
17,-56.21,10200,600,0.4412
18,192.87,10800,600,0.4692
19,173.75,11400,600,0.4455
20,-51.91,12000,600,0.4498
21,-63.58,12600,600,0.4332
22,30.49,13200,600,0.4359
23,82.47,13800,600,0.4442
24,88.17,14400,600,0.4633
25,247.89,15000,600,0.4588
26,45.35,15600,600,0.4322
27,80.72,16200,600,0.4733
28,-68.64,16800,600,0.4571
29,230.46,17400,600,0.4574
30,-74.92,18300,900,0.4451
31,258.49,19200,900,0.4632
32,230.59,20100,900,0.4529
33,18.32,21000,900,0.4511
34,255.41,21900,900,0.4639
35,274.09,22800,900,0.458
36,122.54,23700,900,0.4584
37,469.61,24600,900,0.4413
38,322.06,25500,900,0.4451
39,156.88,26400,900,0.4438
40,74.67,27300,900,0.4628
41,100.26,28200,900,0.4611
42,136.53,29100,900,0.4599
43,-66.98,30000,900,0.4634
44,328.59,30900,900,0.4538
45,-102.73,31800,900,0.4388
46,-34.2,32700,900,0.4566
47,92.76,33600,900,0.4538
48,302.28,34500,900,0.4584
49,263.71,35400,900,0.452
50,179.59,36300,900,0.4406
51,419.96,37200,900,0.4767
52,297.52,38100,900,0.4488
53,-106.18,39000,900,0.4227
54,140.57,39900,900,0.4549
55,172.55,40800,900,0.4328
56,262.58,41700,900,0.4302
57,405.8,42600,900,0.4522
58,88.05,43500,900,0.4634
59,169.25,44400,900,0.4473
60,103.75,45300,900,0.4508
61,147.41,46200,900,0.4467
62,155.71,47100,900,0.4571
63,243.13,48000,900,0.443
64,151.51,48900,900,0.4797
65,332.41,49800,900,0.4696
66,252.6,50700,900,0.4565
67,97.94,51600,900,0.439
68,148.8,52500,900,0.4628
69,545.16,53400,900,0.4434
70,139.05,54300,900,0.461
71,-22.77,55200,900,0.4553
72,422.3,56100,900,0.4753
73,432.42,57000,900,0.4552
74,511.08,57900,900,0.4611
75,510.99,58800,900,0.4428
76,443.43,59700,900,0.4619
77,193.75,60600,900,0.4543
78,300.43,61500,900,0.4546
79,-15.66,62400,900,0.4521
80,381.13,63300,900,0.4448
81,429.25,64200,900,0.4632
82,169.8,65100,900,0.4439
83,393.04,66000,900,0.4638
84,356.1,66900,900,0.449
85,154.82,67800,900,0.4403
86,389.22,68700,900,0.443
87,264.8,69600,900,0.4507
88,177.44,70500,900,0.4575
89,496.56,71400,900,0.4505
90,612.63,72300,900,0.4378
91,569.85,73200,900,0.4532
92,511.2,74100,900,0.4458
93,505.92,75000,900,0.4504
94,502.45,75900,900,0.4483
95,162.72,76800,900,0.441
96,152.29,77700,900,0.4534
97,173.22,78600,900,0.4471
98,714.45,79500,900,0.4738
99,619.85,80400,900,0.4565
100,517.87,81300,900,0.4596
101,569.19,82200,900,0.4635
102,323.23,83100,900,0.4426
103,184.52,84000,900,0.4497
104,639.72,84900,900,0.4652
105,591.23,85800,900,0.4585
106,512.72,86700,900,0.4537
107,574.5,87600,900,0.4494
108,307.19,88500,900,0.4639
109,489.62,89400,900,0.4573
110,482.08,90300,900,0.4546
111,322.13,91200,900,0.4426
112,590.77,92100,900,0.4455
113,539.98,93000,900,0.4448
114,559.36,93900,900,0.4538
115,171.75,94800,900,0.4651
116,188.11,95700,900,0.4433
117,484.95,96600,900,0.4541
118,180.88,97500,900,0.4581
119,553.09,98400,900,0.4494
120,154.4,99300,900,0.4488
121,650.12,100200,900,0.4642
122,166.22,101100,900,0.4559
123,422.12,102000,900,0.4453
124,419.0,102900,900,0.4334
125,334.73,103800,900,0.4672
126,582.07,104700,900,0.4428
127,544.83,105600,900,0.4406
128,588.45,106500,900,0.4654
129,155.88,107400,900,0.4643
130,446.5,108300,900,0.4559
131,147.73,109200,900,0.4679
132,164.05,110100,900,0.4704
133,507.61,111000,900,0.4488
134,581.95,111900,900,0.4563
135,306.32,112800,900,0.4469
136,621.8,113700,900,0.4569
137,602.92,114600,900,0.4521
138,490.07,115500,900,0.4383
139,378.68,116400,900,0.453
140,528.05,117300,900,0.4574
141,607.75,118200,900,0.4613
142,329.01,119100,900,0.4489
143,445.27,120000,900,0.4549
144,549.03,120900,900,0.467
145,379.36,121800,900,0.4599
146,586.37,122700,900,0.4669
147,334.34,123600,900,0.465
148,580.26,124500,900,0.4521
149,293.69,125400,900,0.452
150,525.12,126300,900,0.4437
151,620.09,127200,900,0.457
152,478.71,128100,900,0.4505
153,423.44,129000,900,0.4385
154,147.14,129900,900,0.4635
155,185.73,130800,900,0.4581
156,459.23,131700,900,0.4584
157,332.71,132600,900,0.4628
158,146.39,133500,900,0.4463
159,272.46,134400,900,0.4534
160,145.28,135300,900,0.4666
161,566.65,136200,900,0.4402
162,401.99,137100,900,0.4463
163,570.43,138000,900,0.4543
164,482.36,138900,900,0.4639
165,441.87,139800,900,0.4443
166,312.76,140700,900,0.4558
167,146.07,141600,900,0.4481
168,426.89,142500,900,0.4751
169,588.96,143400,900,0.4588
170,408.9,144300,900,0.4471
171,179.75,145200,900,0.4672
172,142.41,146100,900,0.4511
173,660.17,147000,900,0.4407
174,443.82,147900,900,0.4565
175,629.45,148800,900,0.4576
176,343.33,149700,900,0.4456
177,314.58,150600,900,0.4557
178,428.52,151500,900,0.4579
179,150.71,152400,900,0.445
180,142.54,153300,900,0.4638
181,688.18,154200,900,0.4496
182,718.53,155100,900,0.4555
183,431.43,156000,900,0.4429
184,355.17,156900,900,0.4634
185,323.2,157800,900,0.4647
186,518.96,158700,900,0.4555
187,177.2,159600,900,0.4532
188,148.63,160500,900,0.4666
189,503.97,161400,900,0.4563
190,144.67,162300,900,0.4561
191,168.22,163200,900,0.464
192,250.21,164100,900,0.4583
193,583.47,165000,900,0.4453
194,516.12,165900,900,0.4544
195,353.83,166800,900,0.4521
196,540.3,167700,900,0.4708
197,565.3,168600,900,0.453
198,531.42,169500,900,0.4671
199,154.74,170400,900,0.4689
200,204.38,171300,900,0.4687
201,557.38,172200,900,0.4367
202,359.06,173100,900,0.4475
203,207.1,174000,900,0.4425
204,151.54,174900,900,0.4348
205,156.23,175800,900,0.4581
206,155.3,176700,900,0.4531
207,570.0,177600,900,0.454
208,121.28,178500,900,0.459
209,430.79,179400,900,0.4691
210,512.01,180300,900,0.4423
211,147.2,181200,900,0.4533
212,613.76,182100,900,0.4367
213,163.85,183000,900,0.4518
214,399.14,183900,900,0.4395
215,463.16,184800,900,0.4488
216,539.76,185700,900,0.4682
217,519.33,186600,900,0.4601
218,441.41,187500,900,0.4451
219,564.24,188400,900,0.4437
220,513.28,189300,900,0.4619
221,582.22,190200,900,0.4514
222,505.09,191100,900,0.4745
223,315.77,192000,900,0.4422
224,330.34,192900,900,0.4517
225,408.32,193800,900,0.4719
226,125.99,194700,900,0.4663
227,522.9,195600,900,0.4577
228,681.95,196500,900,0.4511
229,596.72,197400,900,0.4582
230,540.54,198300,900,0.4559
231,704.31,199200,900,0.453
232,609.1,200100,900,0.4474
233,148.14,201000,900,0.4354
234,396.53,201900,900,0.4499
235,323.6,202800,900,0.4477
236,178.78,203700,900,0.4604
237,392.63,204600,900,0.4508
238,174.11,205500,900,0.4544
239,332.9,206400,900,0.4386
240,158.02,207300,900,0.4561
241,592.51,208200,900,0.4671
242,292.7,209100,900,0.4504
243,150.67,210000,900,0.4422
244,150.62,210900,900,0.457
245,521.93,211800,900,0.4509
246,459.74,212700,900,0.4672
247,470.23,213600,900,0.4661
248,152.68,214500,900,0.4634
249,591.48,215400,900,0.4384
250,150.66,216300,900,0.4625
251,364.24,217200,900,0.4467
252,330.42,218100,900,0.4719
253,177.78,219000,900,0.4444
254,398.9,219900,900,0.4495
255,362.88,220800,900,0.4468
256,537.73,221700,900,0.4638
257,147.15,222600,900,0.4589
258,263.15,223500,900,0.4448
259,548.22,224400,900,0.4458
260,527.98,225300,900,0.4536
261,472.63,226200,900,0.463
262,158.79,227100,900,0.4593
263,146.29,228000,900,0.4512
264,570.31,228900,900,0.4616
265,611.07,229800,900,0.436
266,222.7,230700,900,0.4704
267,356.92,231600,900,0.4484
268,149.56,232500,900,0.4504
269,562.78,233400,900,0.4567
270,200.72,234300,900,0.4582
271,164.82,235200,900,0.4432
272,210.52,236100,900,0.4424
273,360.34,237000,900,0.4492
274,145.64,237900,900,0.4469
275,351.56,238800,900,0.4402
276,603.51,239700,900,0.4513
277,342.65,240600,900,0.4539
278,306.37,241500,900,0.4618
279,179.85,242400,900,0.4576
280,670.43,243300,900,0.4397
281,177.8,244200,900,0.4491
282,398.03,245100,900,0.4525
283,148.46,246000,900,0.4603
284,321.91,246900,900,0.4665
285,547.93,247800,900,0.4527
286,371.54,248700,900,0.4505
287,556.97,249600,900,0.4701
288,350.79,250500,900,0.4584
289,479.63,251400,900,0.4611
290,477.03,252300,900,0.4472
291,153.13,253200,900,0.4635
292,489.35,254100,900,0.4632
293,-17.84,255000,900,0.4553
294,570.68,255900,900,0.4388
295,497.61,256800,900,0.4616
296,530.53,257700,900,0.4496
297,607.8,258600,900,0.4545
298,613.91,259500,900,0.4413
299,483.84,260400,900,0.4502
300,375.42,261300,900,0.4699
1,312.46,600,600,0.6146
2,205.45,1200,600,0.6233
3,120.49,2100,900,0.61
4,128.03,3000,900,0.6092
5,206.8,3900,900,0.6213
6,612.12,4800,900,0.6188
7,222.64,5700,900,0.4971
8,77.06,6600,900,0.4499
9,26.66,7500,900,0.4688
10,9.27,8400,900,0.4732
11,-28.25,9300,900,0.4438
12,71.36,10200,900,0.4631
13,109.53,11100,900,0.4459
14,40.1,12000,900,0.445
15,132.86,12900,900,0.4461
16,204.96,13800,900,0.4522
17,231.09,14700,900,0.44
18,71.57,15600,900,0.4411
19,258.99,16500,900,0.4458
20,89.9,17400,900,0.4249
21,122.11,18300,900,0.4346
22,73.14,19200,900,0.462
23,324.93,20100,900,0.4507
24,116.22,21000,900,0.4455
25,96.28,21900,900,0.442
26,250.48,22800,900,0.4425
27,294.92,23700,900,0.4597
28,236.26,24600,900,0.4707
29,84.45,25500,900,0.4501
30,95.49,26400,900,0.4225
31,63.81,27300,900,0.4585
32,53.89,28200,900,0.4568
33,486.68,29100,900,0.4453
34,284.93,30000,900,0.461
35,388.43,30900,900,0.4378
36,139.76,31800,900,0.4386
37,543.23,32700,900,0.4444
38,626.04,33600,900,0.4656
39,405.98,34500,900,0.476
40,279.69,35400,900,0.4747
41,587.55,36300,900,0.4862
42,586.49,37200,900,0.4632
43,400.89,38100,900,0.4603
44,345.19,39000,900,0.4791
45,589.37,39900,900,0.4709
46,530.76,40800,900,0.4518
47,197.54,41700,900,0.4413
48,468.29,42600,900,0.4593
49,431.64,43500,900,0.4623
50,418.6,44400,900,0.4641
51,518.98,45300,900,0.4935
52,359.12,46200,900,0.518
53,522.2,47100,900,0.483
54,132.12,48000,900,0.4634
55,497.04,48900,900,0.4791
56,601.49,49800,900,0.4844
57,588.33,50700,900,0.4653
58,517.85,51600,900,0.4561
59,583.99,52500,900,0.4769
60,573.55,53400,900,0.4504
61,629.8,54300,900,0.4676
62,626.01,55200,900,0.4512
63,546.17,56100,900,0.4669
64,753.43,57000,900,0.4877
65,522.65,57900,900,0.4574
66,728.44,58800,900,0.4692
67,524.2,59700,900,0.4661
68,298.44,60600,900,0.4717
69,484.29,61500,900,0.7005
70,496.79,62400,900,0.4683
71,194.55,63300,900,0.4765
72,265.07,64200,900,0.5055
73,534.15,65100,900,0.5445
74,617.1,66000,900,0.5011
75,473.26,66900,900,0.4892
76,654.71,67800,900,0.5059
77,575.54,68700,900,0.4915
78,846.92,69600,900,0.4823
79,730.41,70500,900,0.4768
80,509.19,71400,900,0.5163
81,760.05,72300,900,0.4996
82,809.93,73200,900,0.4908
83,806.33,74100,900,0.5023
84,836.51,75000,900,0.5028
85,795.57,75900,900,0.491
86,660.59,76800,900,0.4782
87,209.93,77700,900,0.59
88,409.58,78600,900,0.4913
89,642.11,79500,900,0.4994
90,743.65,80400,900,0.4916
91,775.86,81300,900,0.4958
92,491.26,82200,900,0.4394
93,653.3,83100,900,0.4578
94,763.06,84000,900,0.472
95,249.43,84900,900,0.4586
96,694.2,85800,900,0.4393
97,747.95,86700,900,0.4492
98,236.28,87600,900,0.4609
99,743.63,88500,900,0.4623
100,694.3,89400,900,0.4423
101,55.78,90300,900,0.4533
102,265.77,91200,900,0.457
103,715.24,92100,900,0.4616
104,398.47,93000,900,0.4583
105,749.88,93900,900,0.456
106,563.28,94800,900,0.6096
107,206.71,95700,900,0.4642
108,426.81,96600,900,0.4584
109,691.8,97500,900,0.4518
110,389.38,98400,900,0.4403
111,771.32,99300,900,0.4627
112,265.18,100200,900,0.4388
113,412.44,101100,900,0.4471
114,272.2,102000,900,0.4593
115,874.58,102900,900,0.4512
116,852.75,103800,900,0.4482
117,772.64,104700,900,0.4576
118,252.01,105600,900,0.5103
119,754.56,106500,900,0.4712
120,291.92,107400,900,0.4517
121,694.12,108300,900,0.4612
122,174.33,109200,900,0.6271
123,308.84,110100,900,0.6483
124,346.13,111000,900,0.5179
125,614.98,111900,900,0.4717
126,383.1,112800,900,0.4714
127,433.41,113700,900,0.5023
128,587.25,114600,900,0.4766
129,735.68,115500,900,0.4803
130,262.13,116400,900,0.5089
131,225.32,117300,900,0.5134
132,209.62,118200,900,0.5141
133,211.22,119100,900,0.5162
134,572.27,120000,900,0.4983
135,313.77,120900,900,0.4885
136,281.1,121800,900,0.4866
137,270.31,122700,900,0.4756
138,577.81,123600,900,0.4774
139,369.06,124500,900,0.4647
140,670.02,125400,900,0.4622
141,399.13,126300,900,0.4762
142,268.38,127200,900,0.4335
143,191.19,128100,900,0.4462
144,400.71,129000,900,0.4471
145,655.51,129900,900,0.4451
146,277.01,130800,900,0.4806
147,624.83,131700,900,0.4857
148,240.92,132600,900,0.7641
149,-5.48,133500,900,0.7497
150,247.97,134400,900,0.5099
151,261.77,135300,900,0.5388
152,232.74,136200,900,0.5553
153,412.99,137100,900,0.5636
154,223.61,138000,900,0.5506
155,186.52,138900,900,0.5293
156,320.7,139800,900,0.6305
157,365.89,140700,900,0.5087
158,185.57,141600,900,0.5096
159,190.71,142500,900,0.5552
160,255.77,143400,900,0.5302
161,525.29,144300,900,0.5246
162,609.71,145200,900,0.5501
163,322.24,146100,900,0.6472
164,222.95,147000,900,0.5231
165,324.9,147900,900,0.5616
166,336.72,148800,900,0.5285
167,559.82,149700,900,0.5193
168,349.2,150600,900,0.5348
169,235.55,151500,900,0.619
170,372.69,152400,900,0.5956
171,355.03,153300,900,0.5024
172,182.61,154200,900,0.5888
173,319.36,155100,900,0.5845
174,264.29,156000,900,0.58
175,602.36,156900,900,0.5188
176,359.01,157800,900,0.5648
177,227.88,158700,900,0.5184
178,199.48,159600,900,0.5678
179,217.68,160500,900,0.5335
180,181.04,161400,900,0.5558
181,200.19,162300,900,0.5165
182,566.72,163200,900,0.5045
183,644.48,164100,900,0.4917
184,258.62,165000,900,0.5051
185,593.41,165900,900,0.488
186,757.36,166800,900,0.4848
187,521.5,167700,900,0.5082
188,759.25,168600,900,0.4882
189,821.22,169500,900,0.4647
190,356.76,170400,900,0.4677
191,387.17,171300,900,0.4794
192,756.35,172200,900,0.477
193,673.16,173100,900,0.4791
194,405.57,174000,900,0.4661
195,506.56,174900,900,0.4554
196,239.78,175800,900,0.4725
197,219.34,176700,900,0.473
198,701.1,177600,900,0.4811
199,598.09,178500,900,0.4743
200,755.3,179400,900,0.462
201,409.53,180300,900,0.4613
202,752.25,181200,900,0.4621
203,836.67,182100,900,0.4835
204,409.09,183000,900,0.4699
205,404.79,183900,900,0.4861
206,570.16,184800,900,0.487
207,621.46,185700,900,0.4693
208,558.51,186600,900,0.4654
209,222.78,187500,900,0.4716
210,247.09,188400,900,0.4641
211,630.01,189300,900,0.4889
212,529.58,190200,900,0.4751
213,820.67,191100,900,0.4826
214,443.23,192000,900,0.4649
215,275.26,192900,900,0.4626
216,644.64,193800,900,0.4775
217,794.47,194700,900,0.4653
218,706.3,195600,900,0.483
219,359.79,196500,900,0.4758
220,396.37,197400,900,0.4702
221,723.42,198300,900,0.4762
222,508.36,199200,900,0.4696
223,635.7,200100,900,0.4902
224,713.33,201000,900,0.473
225,587.76,201900,900,0.5
226,522.8,202800,900,0.4642
227,559.07,203700,900,0.4658
228,729.23,204600,900,0.4704
229,647.12,205500,900,0.4579
230,734.73,206400,900,0.4619
231,208.24,207300,900,0.4822
232,776.06,208200,900,0.4603
233,727.98,209100,900,0.4682
234,825.13,210000,900,0.4689
235,720.84,210900,900,0.4586
236,705.73,211800,900,0.4616
237,408.25,212700,900,0.4775
238,236.65,213600,900,0.4732
239,516.78,214500,900,0.4742
240,588.64,215700,1200,0.476
241,376.96,216900,1200,0.4727
242,239.01,218100,1200,0.4767
243,211.57,219300,1200,0.462
244,567.53,220500,1200,0.4684
245,252.09,221700,1200,0.4612
246,772.91,222900,1200,0.4667
247,717.85,224100,1200,0.4675
248,376.35,225300,1200,0.4691
249,1041.17,226500,1200,0.4708
250,387.89,227700,1200,0.4715
251,1024.71,228900,1200,0.4711
252,228.78,230100,1200,0.48
253,1006.64,231300,1200,0.4759
254,652.89,232500,1200,0.4704
255,922.14,233700,1200,0.4683
256,292.36,234900,1200,0.4725
257,259.07,236100,1200,0.4709
258,920.75,237300,1200,0.4612
259,373.07,238500,1200,0.4766
260,1046.56,239700,1200,0.4709
261,303.55,240900,1200,0.4762
262,640.32,242100,1200,0.4693
263,1065.99,243300,1200,0.4718
264,366.53,244500,1200,0.4731
265,1059.55,245700,1200,0.4703
266,296.6,246900,1200,0.4748
267,368.64,248100,1200,0.4795
268,1077.71,249300,1200,0.4634
269,455.5,250500,1200,0.4825
270,33.5,251700,1200,0.4984
271,918.25,252900,1200,0.4921
272,479.85,254100,1200,0.502
273,311.39,255300,1200,0.4917
274,808.54,256500,1200,0.4618
275,877.26,257700,1200,0.4682
276,387.47,258900,1200,0.4765
277,524.44,260100,1200,0.4664
278,215.34,261300,1200,0.471
279,1054.6,262500,1200,0.4612
280,725.38,263700,1200,0.4572
281,412.29,264900,1200,0.4591
282,863.34,266100,1200,0.4592
283,781.63,267300,1200,0.4687
284,727.33,268500,1200,0.4645
285,394.23,269700,1200,0.4701
286,1044.62,270900,1200,0.471
287,872.68,272100,1200,0.4767
288,376.44,273300,1200,0.4667
289,585.34,274500,1200,0.4635
290,633.25,275700,1200,0.4793
291,943.93,276900,1200,0.4703
292,262.02,278100,1200,0.4783
293,487.14,279300,1200,0.4577
294,306.05,280500,1200,0.4726
295,341.71,281700,1200,0.4786
296,413.16,282900,1200,0.4695
297,641.84,284100,1200,0.4815
298,266.71,285300,1200,0.4976
299,892.48,286500,1200,0.5075
300,273.6,287700,1200,0.4932
1,-6.64,600,600,0.6083
2,-19.96,1200,600,0.6251
3,-7.67,1800,600,0.6219
4,-16.4,2400,600,0.6602
5,-15.54,3000,600,0.6264
6,-12.26,3600,600,0.6346
7,-3.41,4200,600,0.6124
8,-24.29,4800,600,0.6036
9,-19.03,5400,600,0.5343
10,-51.32,6000,600,0.4775
11,-87.07,6600,600,0.4656
12,-60.68,7200,600,0.4991
13,-50.83,7800,600,0.4628
14,-38.75,8400,600,0.484
15,-27.61,9000,600,0.4673
16,-50.34,9600,600,0.4666
17,-99.58,10200,600,0.4537
18,-34.25,10800,600,0.4869
19,-45.73,11400,600,0.4701
20,-89.42,12000,600,0.4687
21,-25.37,12600,600,0.4614
22,-55.55,13200,600,0.4568
23,-56.78,13800,600,0.4763
24,-41.21,14400,600,0.4727
25,-67.23,15000,600,0.4781
26,-75.07,15600,600,0.4613
27,-76.01,16200,600,0.4668
28,-31.96,16800,600,0.4773
29,45.96,17400,600,0.4964
30,-67.9,18000,600,0.4671
31,-83.46,18600,600,0.4624
32,-40.57,19200,600,0.4789
33,-38.03,19800,600,0.4975
34,-74.9,20400,600,0.4627
35,-50.29,21000,600,0.4386
36,-36.23,21600,600,0.4537
37,-9.91,22200,600,0.4613
38,120.38,22800,600,0.458
39,-72.79,23400,600,0.4457
40,-24.34,24000,600,0.4522
41,-74.47,24600,600,0.4346
42,-38.19,25200,600,0.448
43,-30.43,25800,600,0.4596
44,-77.46,26400,600,0.4402
45,-13.91,27000,600,0.451
46,-81.71,27600,600,0.4455
47,-34.78,28200,600,0.457
48,-22.89,28800,600,0.4527
49,-8.16,29400,600,0.45
50,-46.01,30000,600,0.4604
51,-34.42,30600,600,0.478
52,-49.69,31200,600,0.4663
53,-77.06,31800,600,0.4669
54,-71.21,32400,600,0.4797
55,-51.7,33000,600,0.4702
56,-33.89,33600,600,0.4852
57,-16.72,34200,600,0.4638
58,-24.3,34800,600,0.4785
59,-27.37,35400,600,0.4803
60,-30.2,36000,600,0.4674
61,-19.5,36600,600,0.46
62,-15.44,37200,600,0.4854
63,-26.16,37800,600,0.4748
64,-25.01,38400,600,0.464
65,10.99,39000,600,0.4725
66,-1.11,39600,600,0.5008
67,-13.96,40200,600,0.4646
68,-11.26,40800,600,0.4801
69,-19.27,41400,600,0.4922
70,-22.94,42000,600,0.4656
71,-8.2,42600,600,0.4686
72,0.12,43200,600,0.4842
73,55.85,43800,600,0.503
74,155.27,44400,600,0.4598
75,-18.91,45000,600,0.4621
76,-3.93,45600,600,0.4893
77,-6.95,46200,600,0.4655
78,15.06,46800,600,0.4544
79,-16.8,47400,600,0.4668
80,26.11,48000,600,0.4505
81,47.74,48600,600,0.4685
82,7.4,49200,600,0.4842
83,31.26,49800,600,0.4672
84,38.68,50400,600,0.4354
85,55.8,51000,600,0.4688
86,1.54,51600,600,0.4539
87,20.07,52200,600,0.4641
88,40.89,52800,600,0.5097
89,7.77,53400,600,0.473
90,3.28,54000,600,0.4796
91,193.33,54600,600,0.4811
92,2.26,55200,600,0.451
93,17.29,55800,600,0.4618
94,353.11,56400,600,0.4592
95,55.54,57300,900,0.4766
96,-2.43,58200,900,0.479
97,235.39,59100,900,0.4822
98,177.81,60000,900,0.4928
99,-4.45,60900,900,0.4812
100,-11.96,61800,900,0.4753
101,-0.28,62700,900,0.4782
102,517.63,63600,900,0.4737
103,-15.22,64500,900,0.4609
104,23.45,65400,900,0.4656
105,37.04,66300,900,0.4827
106,-8.85,67200,900,0.4594
107,583.42,68100,900,0.4561
108,444.52,69000,900,0.459
109,190.39,69900,900,0.4615
110,12.54,70800,900,0.4595
111,385.72,71700,900,0.473
112,346.14,72600,900,0.4678
113,42.59,73500,900,0.4927
114,61.27,74400,900,0.4943
115,98.52,75300,900,0.4612
116,24.71,76200,900,0.4685
117,69.11,77100,900,0.4804
118,146.89,78000,900,0.4864
119,69.49,78900,900,0.483
120,101.79,79800,900,0.6594
121,196.42,80700,900,0.669
122,178.73,81600,900,0.6522
123,313.82,82500,900,0.6853
124,134.88,83400,900,0.5713
125,-16.15,84300,900,0.4786
126,297.79,85200,900,0.4642
127,187.89,86100,900,0.4692
128,428.68,87000,900,0.4854
129,70.74,87900,900,0.4798
130,159.19,88800,900,0.4629
131,218.83,89700,900,0.4595
132,57.24,90600,900,0.4439
133,259.8,91500,900,0.4486
134,-13.19,92400,900,0.451
135,367.79,93300,900,0.4697
136,34.6,94200,900,0.4444
137,431.27,95100,900,0.4568
138,187.06,96000,900,0.4725
139,31.17,96900,900,0.4575
140,285.7,97800,900,0.4589
141,8.5,98700,900,0.4466
142,183.15,99600,900,0.4636
143,194.51,100500,900,0.4611
144,83.14,101400,900,0.4642
145,174.42,102300,900,0.4476
146,105.94,103200,900,0.4324
147,5.84,104100,900,0.4502
148,125.53,105000,900,0.4483
149,289.95,105900,900,0.4638
150,114.88,106800,900,0.4707
151,115.34,107700,900,0.4623
152,157.17,108600,900,0.4651
153,-16.07,109500,900,0.4439
154,372.83,110400,900,0.4545
155,285.48,111300,900,0.4678
156,-3.82,112200,900,0.4442
157,146.48,113100,900,0.4581
158,7.9,114000,900,0.4504
159,152.67,114900,900,0.4596
160,505.92,115800,900,0.4501
161,-14.49,116700,900,0.4543
162,135.7,117600,900,0.4429
163,301.73,118500,900,0.4756
164,173.16,119400,900,0.4656
165,801.41,120300,900,0.4504
166,281.89,121200,900,0.4484
167,527.53,122100,900,0.4303
168,137.45,123000,900,0.4462
169,-18.03,123900,900,0.4574
170,160.45,124800,900,0.4642
171,491.83,125700,900,0.467
172,151.84,126600,900,0.4568
173,363.19,127500,900,0.4686
174,179.55,128400,900,0.4686
175,177.96,129300,900,0.4642
176,195.77,130200,900,0.4702
177,316.19,131100,900,0.455
178,301.54,132000,900,0.4652
179,194.93,132900,900,0.4668
180,515.92,133800,900,0.4499
181,187.53,134700,900,0.454
182,160.68,135600,900,0.4547
183,160.51,136500,900,0.45
184,410.66,137400,900,0.4637
185,172.2,138300,900,0.4668
186,453.34,139200,900,0.4642
187,168.33,140100,900,0.4484
188,509.19,141000,900,0.4658
189,159.08,141900,900,0.468
190,170.32,142800,900,0.4635
191,156.14,143700,900,0.4665
192,176.8,144600,900,0.454
193,152.4,145500,900,0.452
194,157.12,146400,900,0.4662
195,151.1,147300,900,0.5037
196,143.79,148200,900,0.5137
197,191.13,149100,900,0.5091
198,421.79,150000,900,0.4928
199,441.32,150900,900,0.4882
200,313.71,151800,900,0.4601
201,582.66,152700,900,0.4636
202,443.28,153600,900,0.4664
203,553.15,154500,900,0.4742
204,224.43,155400,900,0.4705
205,615.25,156300,900,0.4645
206,482.14,157200,900,0.4717
207,544.05,158100,900,0.4817
208,162.9,159000,900,0.4548
209,685.01,159900,900,0.4789
210,277.71,160800,900,0.6557
211,139.45,161700,900,0.5149
212,364.54,162600,900,0.4837
213,556.53,163500,900,0.5235
214,204.39,164400,900,0.5355
215,260.45,165300,900,0.605
216,362.12,166200,900,0.6471
217,322.64,167100,900,0.6386
218,237.42,168300,1200,0.6543
219,107.31,169500,1200,0.6532
220,109.27,170700,1200,0.6891
221,105.7,171900,1200,0.6307
222,247.94,173100,1200,0.6783
223,429.19,174300,1200,0.6667
224,256.09,175500,1200,0.6603
225,122.11,176700,1200,0.6176
226,726.2,177900,1200,0.6252
227,142.95,179100,1200,0.6208
228,206.27,180300,1200,0.6283
229,85.04,181500,1200,0.6337
230,314.16,182700,1200,0.6262
231,292.77,183900,1200,0.6134
232,127.28,185100,1200,0.6314
233,131.91,186300,1200,0.6068
234,-0.68,187500,1200,0.6326
235,619.95,188700,1200,0.6591
236,101.52,189900,1200,0.6681
237,116.85,191100,1200,0.676
238,141.39,192300,1200,0.6551
239,131.41,193500,1200,0.6755
240,231.09,194700,1200,0.6643
241,9.97,195900,1200,0.6698
242,129.34,197100,1200,0.6193
243,35.45,198300,1200,0.6224
244,240.32,199500,1200,0.6325
245,146.58,200700,1200,0.6154
246,125.24,201900,1200,0.6281
247,104.73,203100,1200,0.6153
248,53.94,204300,1200,0.6207
249,452.72,205500,1200,0.6156
250,27.93,206700,1200,0.6248
251,137.67,207900,1200,0.6252
252,260.56,209100,1200,0.6278
253,37.79,210300,1200,0.6123
254,202.43,211500,1200,0.6019
255,190.37,212700,1200,0.6051
256,150.04,213900,1200,0.6241
257,181.8,215100,1200,0.6041
258,244.04,216300,1200,0.6218
259,342.23,217500,1200,0.5999
260,270.63,218700,1200,0.6168
261,117.71,219900,1200,0.6177
262,129.39,221100,1200,0.6283
263,126.87,222300,1200,0.5994
264,371.31,223500,1200,0.6045
265,271.86,224700,1200,0.6201
266,126.94,225900,1200,0.6094
267,113.19,227100,1200,0.6058
268,82.51,228300,1200,0.6085
269,273.99,229500,1200,0.663
270,461.1,230700,1200,0.6276
271,107.72,231900,1200,0.6112
272,186.48,233100,1200,0.5975
273,339.98,234300,1200,0.6109
274,250.74,235500,1200,0.6132
275,-15.72,236700,1200,0.6463
276,172.51,237900,1200,0.666
277,127.37,239100,1200,0.6448
278,55.07,240300,1200,0.6622
279,-20.5,241500,1200,0.639
280,268.23,242700,1200,0.653
281,98.2,243900,1200,0.6087
282,430.74,245100,1200,0.6134
283,345.23,246300,1200,0.705
284,9.02,247500,1200,0.6866
285,156.35,248700,1200,0.635
286,194.56,249900,1200,0.6577
287,73.76,251100,1200,0.6476
288,91.32,252300,1200,0.6573
289,170.06,253500,1200,0.6472
290,135.77,254700,1200,0.6543
291,211.96,255900,1200,0.6923
292,168.61,257100,1200,0.6612
293,344.29,258300,1200,0.6626
294,235.87,259500,1200,0.7508
295,271.22,260700,1200,0.6679
296,388.24,261900,1200,0.5351
297,115.54,263100,1200,0.5042
298,148.66,264300,1200,0.6477
299,192.72,265500,1200,0.6308
300,252.04,266700,1200,0.6832
1,-6.05,600,600,0.7682
2,-8.54,1200,600,1.5374
3,-9.32,1800,600,1.0
4,-12.62,2400,600,0.7945
5,-6.07,3000,600,0.8116
6,-10.24,3600,600,1.3484
7,-7.95,4200,600,0.8821
8,-32.69,4800,600,0.8557
9,-35.15,5400,600,0.8137
10,-105.36,6000,600,0.7594
11,-93.33,6600,600,0.8233
12,-81.85,7200,600,0.6671
13,-96.19,7800,600,0.7162
14,96.91,8400,600,0.5849
15,-137.14,9000,600,0.6573
16,-91.56,9600,600,0.6745
17,-99.59,10200,600,0.5309
18,38.6,10800,600,0.5466
19,-92.47,11400,600,0.5191
20,-39.24,12000,600,0.5177
21,-116.91,12600,600,0.5201
22,62.1,13200,600,0.5264
23,-69.65,13800,600,0.5126
24,51.2,14400,600,0.5534
25,-70.61,15000,600,0.5161
26,-117.08,15600,600,0.5166
27,-114.66,16200,600,0.5195
28,-102.33,16800,600,0.5059
29,-119.09,17400,600,0.5096
30,-77.65,18000,600,0.5277
31,-104.9,18600,600,0.5181
32,-78.61,19200,600,0.5383
33,-90.92,19800,600,0.529
34,-114.83,20400,600,0.5124
35,227.08,21000,600,0.5418
36,-67.84,21900,900,0.5363
37,77.92,22800,900,0.5384
38,-144.12,23700,900,0.6559
39,-109.07,24600,900,0.6548
40,-164.11,25500,900,0.695
41,-123.94,26400,900,0.6895
42,-134.77,27300,900,0.6507
43,-86.13,28200,900,0.686
44,-113.84,29100,900,0.661
45,47.05,30000,900,0.6683
46,45.3,30900,900,0.6882
47,69.75,31800,900,0.7116
48,-54.42,32700,900,0.7029
49,66.25,33600,900,0.6798
50,-57.33,34500,900,0.7049
51,-146.45,35400,900,0.6727
52,264.61,36300,900,0.6586
53,40.83,37200,900,0.725
54,95.18,38100,900,0.6891
55,-151.27,39000,900,0.7034
56,166.31,39900,900,0.7225
57,-76.83,40800,900,0.6903
58,-72.55,41700,900,0.657
59,54.77,42600,900,0.6731
60,49.36,43500,900,0.6389
61,332.86,44400,900,0.6452
62,146.06,45300,900,0.6327
63,82.85,46200,900,0.6624
64,87.16,47100,900,0.6382
65,235.13,48000,900,0.6696
66,16.93,48900,900,0.6386
67,140.15,49800,900,0.6702
68,70.31,50700,900,0.6652
69,76.44,51600,900,0.6413
70,300.68,52500,900,0.6521
71,129.85,53400,900,0.6886
72,205.64,54300,900,0.702
73,199.74,55200,900,0.7259
74,107.92,56100,900,0.5762
75,14.26,57000,900,0.5702
76,-33.76,57900,900,0.6286
77,129.62,58800,900,0.5765
78,265.71,59700,900,0.6933
79,227.55,60600,900,0.7064
80,186.4,61500,900,0.6842
81,111.99,62400,900,0.6917
82,3.93,63300,900,0.701
83,468.04,64200,900,0.7281
84,73.42,65100,900,0.6825
85,82.44,66000,900,0.7105
86,138.2,66900,900,0.6869
87,91.97,67800,900,0.7394
88,25.99,68700,900,0.7464
89,120.01,69600,900,0.6224
90,-36.01,70500,900,0.6784
91,203.94,71400,900,0.6483
92,181.19,72300,900,0.561
93,263.49,73200,900,0.5536
94,199.44,74100,900,0.6555
95,52.85,75000,900,0.7158
96,195.38,75900,900,0.6637
97,-63.63,76800,900,0.8392
98,339.17,77700,900,0.7073
99,78.75,78900,1200,0.7893
100,187.93,80100,1200,0.8216
101,151.2,81300,1200,0.8278
102,-57.3,82500,1200,0.7466
103,78.28,83700,1200,0.8381
104,-146.29,84900,1200,0.6888
105,175.13,86100,1200,0.6313
106,6.93,87300,1200,0.6233
107,72.55,88500,1200,0.6121
108,-169.05,89700,1200,0.6166
109,-148.12,90900,1200,0.6905
110,240.87,92100,1200,0.6857
111,-132.62,93300,1200,0.5891
112,-282.85,94500,1200,0.5598
113,155.94,95700,1200,0.7179
114,240.31,96900,1200,0.6647
115,50.56,98100,1200,0.7734
116,-322.07,99300,1200,0.7191
117,241.25,100500,1200,0.7553
118,33.72,101700,1200,1.2685
119,-0.48,102900,1200,1.3419
120,-37.96,104100,1200,1.4584
121,60.3,105300,1200,1.3228
122,-88.68,106500,1200,1.3598
123,259.63,107700,1200,1.3032
124,-105.94,108900,1200,0.8357
125,-2.24,110100,1200,0.8443
126,-135.94,111300,1200,0.7558
127,28.41,112500,1200,0.8072
128,-72.47,113700,1200,0.5681
129,714.8,114898,1198,0.7678
130,201.12,116098,1200,0.5532
131,-65.33,117298,1200,0.6129
132,135.38,118498,1200,0.648
133,205.1,119698,1200,0.7872
134,571.63,120898,1200,0.9277
135,265.84,122098,1200,0.7802
136,84.57,123298,1200,0.6449
137,310.13,124498,1200,0.5381
138,1.8,125698,1200,0.6724
139,72.02,126898,1200,0.5415
140,352.04,128098,1200,0.5766
141,174.81,129298,1200,0.9042
142,6.51,130498,1200,1.0081
143,326.34,131698,1200,0.5977
144,273.43,132898,1200,0.6188
145,537.98,134098,1200,0.5743
146,144.17,135298,1200,0.6028
147,-70.31,136498,1200,0.6452
148,-244.23,137698,1200,0.5944
149,-160.83,138898,1200,0.6025
150,359.14,140098,1200,0.5919
151,-232.35,141298,1200,0.5938
152,-260.6,142498,1200,0.5876
153,89.37,143698,1200,0.5632
154,26.62,144898,1200,0.5445
155,-59.83,146098,1200,0.5362
156,96.39,147298,1200,0.6664
157,201.06,148498,1200,0.5641
158,178.46,149698,1200,0.6593
159,-110.86,150898,1200,0.7916
160,451.2,152098,1200,0.4662
161,154.99,153298,1200,0.4782
162,259.2,154498,1200,0.4725
163,314.36,155698,1200,0.4746
164,109.22,156898,1200,0.8287
165,50.26,158098,1200,0.8081
166,85.58,159298,1200,0.9196
167,-12.08,160498,1200,0.8848
168,241.74,161698,1200,0.6099
169,124.68,162898,1200,0.5446
170,142.5,164098,1200,0.5542
171,166.59,165298,1200,0.5218
172,-42.0,166498,1200,0.5233
173,253.62,167698,1200,0.5272
174,130.71,168898,1200,0.5195
175,92.98,170098,1200,0.5204
176,59.48,171298,1200,0.5539
177,76.49,172498,1200,0.611
178,246.97,173698,1200,0.5913
179,87.67,174898,1200,0.7873
180,277.67,176098,1200,0.6922
181,259.92,177298,1200,0.4984
182,372.01,178498,1200,0.5173
183,142.48,179698,1200,0.4839
184,-25.33,180898,1200,0.4932
185,285.11,182098,1200,0.5113
186,193.18,183298,1200,0.4979
187,371.88,184498,1200,0.492
188,126.56,185698,1200,0.5066
189,-49.28,186898,1200,0.4848
190,-19.78,188098,1200,0.4797
191,-28.17,189298,1200,0.4833
192,-67.01,190498,1200,0.4851
193,287.7,191698,1200,0.4916
194,22.76,192898,1200,0.4982
195,293.35,194098,1200,0.5029
196,-42.55,195298,1200,0.4857
197,27.37,196498,1200,0.4771
198,259.12,197698,1200,0.4395
199,261.48,198898,1200,0.476
200,235.05,200098,1200,0.4785
201,63.37,201298,1200,0.4653
202,-51.12,202498,1200,0.4663
203,20.25,203698,1200,0.4574
204,177.58,204898,1200,0.4732
205,529.67,206098,1200,0.4862
206,329.37,207298,1200,0.4792
207,177.73,208498,1200,0.4782
208,-41.82,209698,1200,0.4687
209,-36.53,210898,1200,0.4653
210,-48.13,212098,1200,0.4743
211,-20.43,213298,1200,0.47
212,-33.91,214498,1200,0.4676
213,-54.49,215698,1200,0.4762
214,45.44,216898,1200,0.4778
215,-48.86,218098,1200,0.4778
216,81.12,219298,1200,0.4667
217,140.81,220498,1200,0.523
218,-55.26,221698,1200,0.4866
219,-15.97,222898,1200,0.4882
220,19.59,224098,1200,0.5102
221,-34.12,225298,1200,0.4754
222,135.65,226498,1200,0.49
223,418.58,227698,1200,0.5014
224,-52.61,228898,1200,0.4738
225,-40.51,230098,1200,0.4849
226,30.89,231298,1200,0.491
227,-48.46,232498,1200,0.5001
228,-49.13,233698,1200,0.4843
229,-43.28,234898,1200,0.4853
230,-29.94,236098,1200,0.4712
231,-50.09,237298,1200,0.4923
232,-56.28,238498,1200,0.4881
233,-47.33,239698,1200,0.498
234,-31.89,240898,1200,0.4948
235,1.56,242098,1200,0.4838
236,-37.55,243298,1200,0.4913
237,-47.3,244498,1200,0.496
238,-69.67,245698,1200,0.4764
239,-22.6,246898,1200,0.4891
240,-51.84,248098,1200,0.4785
241,-54.4,249298,1200,0.4889
242,-49.88,250498,1200,0.4845
243,-41.84,251698,1200,0.4936
244,-44.52,252898,1200,0.4842
245,-56.95,254098,1200,0.4941
246,383.93,255298,1200,0.4865
247,-49.21,256498,1200,0.4988
248,-47.42,257698,1200,0.4846
249,-52.64,258898,1200,0.4814
250,258.13,260098,1200,0.485
251,-51.74,261298,1200,0.4967
252,-58.16,262498,1200,0.485
253,64.41,263698,1200,0.4878
254,-49.15,264898,1200,0.4846
255,-50.18,266098,1200,0.5073
256,-27.2,267298,1200,0.4843
257,-43.3,268498,1200,0.4906
258,-46.54,269698,1200,0.4825
259,122.03,270898,1200,0.503
260,-62.77,272098,1200,0.4956
261,199.19,273298,1200,0.4881
262,509.14,274498,1200,0.4949
263,590.94,275698,1200,0.4873
264,-36.61,276898,1200,0.4779
265,50.64,278098,1200,0.494
266,-42.97,279298,1200,0.4839
267,-48.18,280498,1200,0.4982
268,-38.81,281698,1200,0.4987
269,345.4,282898,1200,0.5029
270,81.95,284098,1200,0.4834
271,-57.29,285298,1200,0.4983
272,91.51,286498,1200,0.4894
273,-48.5,287698,1200,0.4795
274,94.12,288898,1200,0.4954
275,-59.01,290098,1200,0.49
276,-46.16,291298,1200,0.4903
277,-49.79,292498,1200,0.5026
278,34.57,293698,1200,0.4989
279,-20.09,294898,1200,0.4894
280,468.9,296098,1200,0.4977
281,278.91,297298,1200,0.4905
282,-33.69,298498,1200,0.4921
283,-56.12,299698,1200,0.4955
284,-46.15,300898,1200,0.4744
285,-33.77,302098,1200,0.4501
286,471.5,303298,1200,0.4807
287,-30.17,304498,1200,0.4845
288,-29.15,305698,1200,0.495
289,-27.63,306898,1200,0.4871
290,-42.25,308098,1200,0.4926
291,-34.12,309298,1200,0.4739
292,-12.24,310498,1200,0.4825
293,-43.91,311698,1200,0.4811
294,-37.97,312898,1200,0.4934
295,-32.45,314098,1200,0.4772
296,-37.08,315298,1200,0.4957
297,-41.45,316498,1200,0.485
298,-33.92,317698,1200,0.4792
299,-39.94,318898,1200,0.4869
300,-32.24,320098,1200,0.4881
1,127.56,600,600,0.6268
2,72.96,1200,600,0.6482
3,-13.39,1800,600,0.6047
4,-28.92,2400,600,0.6014
5,-39.98,3000,600,0.6081
6,33.9,3600,600,0.6322
7,243.47,4200,600,0.6215
8,131.15,4800,600,0.624
9,-62.79,5400,600,0.5179
10,7.37,6000,600,0.4635
11,-21.88,6600,600,0.4628
12,-52.65,7200,600,0.4614
13,-62.6,7800,600,0.4628
14,-94.96,8400,600,0.4463
15,-76.77,9000,600,0.4657
16,-112.84,9600,600,0.4603
17,-104.87,10200,600,0.4569
18,197.88,10800,600,0.48
19,-102.35,11400,600,0.4625
20,-90.94,12000,600,0.4579
21,-82.74,12600,600,0.465
22,-61.99,13200,600,0.4451
23,89.38,13800,600,0.4709
24,-103.6,14400,600,0.4698
25,-120.99,15000,600,0.4685
26,-88.01,15600,600,0.449
27,-90.69,16200,600,0.4614
28,-90.36,16800,600,0.4462
29,-69.12,17400,600,0.4379
30,-90.6,18000,600,0.4364
31,-120.32,18600,600,0.4699
32,-59.25,19200,600,0.4556
33,-100.71,19800,600,0.4389
34,-93.07,20400,600,0.4582
35,108.48,21000,600,0.4758
36,104.9,21600,600,0.4595
37,-39.75,22200,600,0.4511
38,92.43,22800,600,0.472
39,-105.32,23400,600,0.4552
40,50.61,24000,600,0.4579
41,-80.83,24600,600,0.4636
42,-82.07,25200,600,0.4404
43,-37.42,25800,600,0.4409
44,-66.52,26400,600,0.4566
45,-52.75,27000,600,0.4872
46,-43.63,27600,600,0.4372
47,-53.48,28200,600,0.4585
48,-74.2,28800,600,0.476
49,160.16,29400,600,0.461
50,-54.51,30000,600,0.4532
51,-41.89,30600,600,0.4682
52,8.96,31200,600,0.4884
53,-52.03,31800,600,0.4401
54,-14.48,32400,600,0.4943
55,-23.32,33000,600,0.4534
56,-28.58,33600,600,0.4383
57,-10.24,34200,600,0.4565
58,124.27,34800,600,0.4765
59,-0.23,35400,600,0.4835
60,165.37,36000,600,0.476
61,-10.2,36600,600,0.4799
62,-20.35,37200,600,0.4921
63,-9.29,37800,600,0.474
64,160.63,38400,600,0.4754
65,134.47,39000,600,0.4684
66,1.53,39600,600,0.4939
67,-2.3,40200,600,0.5104
68,-1.1,40800,600,0.487
69,-2.83,41400,600,0.4946
70,-7.09,42000,600,0.4768
71,-3.39,42600,600,0.4687
72,-4.44,43200,600,0.483
73,-10.16,43800,600,0.47
74,-8.17,44400,600,0.4911
75,-7.39,45000,600,0.4685
76,-3.83,45600,600,0.4837
77,-4.42,46200,600,0.4829
78,169.52,46800,600,0.4621
79,-19.09,47700,900,0.4459
80,-0.21,48600,900,0.4679
81,245.1,49500,900,0.4708
82,215.14,50400,900,0.4549
83,257.19,51300,900,0.4722
84,246.14,52200,900,0.4511
85,302.45,53100,900,0.4483
86,236.21,54000,900,0.4631
87,386.94,54900,900,0.4691
88,485.85,55800,900,0.463
89,486.04,56700,900,0.4756
90,368.15,57600,900,0.4632
91,359.39,58500,900,0.455
92,47.96,59400,900,0.4717
93,312.21,60300,900,0.4671
94,222.9,61200,900,0.454
95,432.18,62100,900,0.4769
96,392.25,63000,900,0.4612
97,178.58,63900,900,0.4626
98,152.35,64800,900,0.4563
99,257.72,65700,900,0.4658
100,492.31,66600,900,0.4532
101,357.33,67500,900,0.4681
102,391.86,68400,900,0.4939
103,398.69,69300,900,0.4931
104,414.45,70200,900,0.525
105,290.78,71100,900,0.5427
106,452.08,72000,900,0.559
107,230.28,72900,900,0.5521
108,565.18,73800,900,0.4856
109,536.31,74700,900,0.4932
110,523.56,75600,900,0.536
111,673.86,76500,900,0.5062
112,147.6,77400,900,0.4705
113,705.35,78300,900,0.4619
114,479.85,79200,900,0.4532
115,665.79,80100,900,0.4675
116,609.24,81000,900,0.4632
117,602.64,81900,900,0.477
118,318.17,82800,900,0.474
119,485.44,83700,900,0.4773
120,591.88,84600,900,0.4721
121,508.68,85500,900,0.4625
122,97.37,86400,900,0.498
123,458.21,87300,900,0.4775
124,517.97,88200,900,0.4644
125,312.88,89100,900,0.4862
126,557.22,90000,900,0.4896
127,124.64,90900,900,0.4801
128,587.47,91800,900,0.4895
129,619.69,92700,900,0.4627
130,69.9,93600,900,0.472
131,617.46,94500,900,0.4779
132,90.62,95400,900,0.4807
133,614.84,96300,900,0.4745
134,684.28,97200,900,0.4854
135,628.06,98100,900,0.4636
136,607.26,99000,900,0.4849
137,506.11,99900,900,0.4768
138,569.89,100800,900,0.4857
139,655.68,101700,900,0.4804
140,290.4,102600,900,0.4957
141,612.74,103500,900,0.4792
142,431.54,104400,900,0.4773
143,645.28,105300,900,0.4816
144,654.48,106200,900,0.4748
145,584.82,107100,900,0.4856
146,600.1,108000,900,0.4518
147,660.83,108900,900,0.48
148,702.66,109800,900,0.4782
149,576.45,110700,900,0.487
150,569.68,111600,900,0.4841
151,556.69,112500,900,0.4905
152,645.39,113400,900,0.4827
153,633.27,114300,900,0.4761
154,646.66,115200,900,0.476
155,592.33,116100,900,0.4752
156,503.75,117000,900,0.4815
157,610.64,117900,900,0.48
158,103.68,118800,900,0.4803
159,380.55,119700,900,0.482
160,588.74,120600,900,0.461
161,622.97,121500,900,0.4629
162,504.27,122400,900,0.4855
163,506.29,123300,900,0.497
164,444.87,124200,900,0.5001
165,364.06,125100,900,0.4821
166,398.19,126000,900,0.4754
167,509.99,126900,900,0.4581
168,461.54,127800,900,0.4702
169,531.51,128700,900,0.4536
170,277.05,129600,900,0.4685
171,254.21,130500,900,0.4659
172,520.49,131400,900,0.4668
173,107.43,132300,900,0.4815
174,591.14,133200,900,0.4764
175,109.02,134100,900,0.4802
176,274.28,135000,900,0.4804
177,473.31,135900,900,0.4858
178,599.39,136800,900,0.4653
179,470.61,137700,900,0.4928
180,600.75,138600,900,0.4682
181,144.15,139500,900,0.4763
182,421.94,140400,900,0.4857
183,255.89,141300,900,0.4851
184,30.73,142200,900,0.4711
185,407.8,143100,900,0.4809
186,247.65,144000,900,0.4816
187,557.92,144900,900,0.4662
188,114.08,145800,900,0.4687
189,299.75,146700,900,0.4785
190,116.0,147600,900,0.4845
191,432.64,148500,900,0.4908
192,158.33,149400,900,0.5377
193,485.04,150300,900,0.4942
194,388.39,151200,900,0.4975
195,592.98,152100,900,0.5013
196,93.61,153000,900,0.5217
197,393.15,153900,900,0.5467
198,161.17,154800,900,0.5593
199,345.6,155700,900,0.4988
200,46.1,156600,900,0.4803
201,414.2,157500,900,0.471
202,116.56,158400,900,0.5135
203,283.35,159300,900,0.4811
204,639.39,160200,900,0.4754
205,144.2,161100,900,0.4677
206,70.85,162000,900,0.4606
207,664.93,162900,900,0.4872
208,138.73,163800,900,0.4662
209,436.94,164700,900,0.4717
210,728.96,165600,900,0.4671
211,309.42,166500,900,0.4562
212,697.89,167400,900,0.457
213,567.81,168300,900,0.4583
214,207.02,169200,900,0.4692
215,635.46,170100,900,0.4623
216,460.5,171000,900,0.4651
217,138.13,171900,900,0.4772
218,682.47,172800,900,0.5435
219,449.64,173700,900,0.4714
220,137.57,174600,900,0.482
221,45.65,175500,900,0.4692
222,376.59,176400,900,0.4675
223,745.76,177300,900,0.4657
224,144.87,178200,900,0.4667
225,141.22,179100,900,0.4704
226,142.58,180000,900,0.4578
227,523.4,180900,900,0.4766
228,143.87,181800,900,0.4446
229,672.11,182700,900,0.4734
230,490.63,183600,900,0.4616
231,135.72,184500,900,0.5061
232,146.98,185400,900,0.5292
233,151.36,186300,900,0.5421
234,391.54,187200,900,0.5633
235,586.0,188100,900,0.5247
236,392.76,189000,900,0.5053
237,311.11,189900,900,0.5353
238,226.3,190800,900,0.5303
239,325.67,191700,900,0.534
240,211.54,192600,900,0.484
241,312.32,193500,900,0.4911
242,149.59,194400,900,0.5233
243,493.43,195300,900,0.5203
244,362.7,196200,900,0.5157
245,179.86,197100,900,0.5241
246,438.35,198000,900,0.513
247,573.07,198900,900,0.4907
248,181.94,199800,900,0.4593
249,210.79,200700,900,0.4868
250,202.84,201600,900,0.5025
251,185.27,202500,900,0.5345
252,433.6,203400,900,0.522
253,127.36,204300,900,0.5178
254,147.79,205200,900,0.5136
255,496.51,206100,900,0.5091
256,312.13,207000,900,0.4932
257,173.41,207900,900,0.4761
258,214.25,208800,900,0.4857
259,257.64,209700,900,0.4797
260,160.2,210600,900,0.4575
261,169.11,211500,900,0.4928
262,426.15,212400,900,0.4887
263,563.29,213300,900,0.4834
264,426.18,214200,900,0.4997
265,395.41,215100,900,0.5178
266,359.71,216000,900,0.5123
267,444.34,216900,900,0.5041
268,230.97,217800,900,0.5244
269,399.84,218700,900,0.5137
270,616.65,219600,900,0.4819
271,176.18,220500,900,0.4819
272,73.39,221400,900,0.4878
273,175.02,222300,900,0.492
274,638.65,223200,900,0.477
275,369.62,224100,900,0.4713
276,219.25,225000,900,0.4936
277,203.56,225900,900,0.4735
278,264.83,226800,900,0.4839
279,164.44,227700,900,0.4681
280,203.14,228600,900,0.4738
281,577.53,229500,900,0.4667
282,249.14,230400,900,0.4968
283,289.12,231300,900,0.4718
284,272.29,232200,900,0.492
285,187.58,233100,900,0.4955
286,191.4,234000,900,0.4744
287,117.84,234900,900,0.477
288,193.75,235800,900,0.493
289,196.78,236700,900,0.4848
290,288.73,237600,900,0.4889
291,462.23,238500,900,0.4816
292,211.47,239400,900,0.4665
293,163.15,240300,900,0.4768
294,297.5,241200,900,0.4937
295,384.61,242100,900,0.4535
296,412.79,243000,900,0.4553
297,34.37,243900,900,0.4623
298,555.76,244800,900,0.4842
299,422.38,245700,900,0.4691
300,197.94,246600,900,0.4798
1,186.34,600,600,0.7029
2,190.93,1200,600,0.6605
3,148.01,1800,600,0.6952
4,413.01,2400,600,0.6762
5,397.65,3000,600,0.6594
6,414.03,3600,600,0.6572
7,407.95,4200,600,0.6616
8,274.55,4800,600,0.6571
9,224.58,5400,600,0.5947
10,114.45,6000,600,0.574
11,-123.31,6900,900,0.5736
12,-45.85,7800,900,0.5817
13,110.11,8700,900,0.5713
14,120.15,9600,900,0.5621
15,-90.8,10500,900,0.5651
16,-45.61,11400,900,0.5658
17,-90.16,12300,900,0.5694
18,-61.53,13200,900,0.5644
19,306.05,14100,900,0.5735
20,-47.64,15300,1200,0.5767
21,68.17,16500,1200,0.5699
22,-58.84,17700,1200,0.57
23,219.35,18900,1200,0.5743
24,208.97,20100,1200,0.5716
25,526.05,21300,1200,0.5796
26,88.08,22500,1200,0.5735
27,225.7,23700,1200,0.6998
28,29.31,24900,1200,0.7651
29,253.08,26100,1200,0.7834
30,179.08,27300,1200,0.7777
31,61.12,28500,1200,0.7763
32,109.83,29700,1200,0.784
1,466.07,600,600,0.7214
2,264.48,1200,600,0.6869
3,141.87,2100,900,0.6599
4,150.57,3000,900,0.6479
5,604.19,3900,900,0.66
6,84.47,4800,900,0.6574
7,170.74,5700,900,0.5364
8,262.49,6600,900,0.4727
9,-95.55,7500,900,0.5112
10,-104.11,8400,900,0.4475
11,-35.96,9300,900,0.4645
12,-69.46,10200,900,0.4712
13,101.65,11100,900,0.4712
14,81.83,12000,900,0.495
15,28.79,12900,900,0.4716
16,173.75,13800,900,0.4921
17,-141.9,14700,900,0.4882
18,386.8,15600,900,0.5034
19,216.99,16500,900,0.4951
20,245.97,17400,900,0.4602
21,259.49,18300,900,0.4703
22,130.34,19200,900,0.4759
23,221.3,20100,900,0.4585
24,263.75,21000,900,0.4843
25,76.72,21900,900,0.4776
26,248.89,22800,900,0.468
27,295.82,23700,900,0.4489
28,187.66,24600,900,0.4719
29,115.28,25500,900,0.4794
30,535.1,26400,900,0.4705
31,512.6,27300,900,0.4862
32,204.81,28200,900,0.4887
33,233.73,29100,900,0.4894
34,-24.27,30000,900,0.5257
35,386.2,30900,900,0.4724
36,112.18,31800,900,0.4847
37,307.51,32700,900,0.4589
38,155.41,33600,900,0.4757
39,264.05,34500,900,0.4644
40,236.15,35400,900,0.4758
41,177.92,36300,900,0.4828
42,122.36,37200,900,0.456
43,283.03,38100,900,0.4898
44,254.85,39000,900,0.4818
45,119.6,39900,900,0.4819
46,359.26,40800,900,0.4653
47,505.17,41700,900,0.4753
48,358.97,42600,900,0.478
49,205.43,43500,900,0.4771
50,461.5,44400,900,0.4742
51,509.1,45300,900,0.4788
52,290.62,46200,900,0.4612
53,472.51,47100,900,0.4746
54,155.74,48000,900,0.5106
55,321.31,48900,900,0.4791
56,428.86,49800,900,0.5175
57,189.92,50700,900,0.4906
58,224.15,51600,900,0.534
59,557.06,52500,900,0.5087
60,302.9,53400,900,0.4745
61,538.12,54300,900,0.494
62,625.89,55200,900,0.478
63,163.51,56100,900,0.4751
64,212.1,57000,900,0.4818
65,253.14,57900,900,0.4806
66,281.51,58800,900,0.4728
67,522.29,59700,900,0.4767
68,377.1,60600,900,0.4927
69,398.43,61500,900,0.4843
70,582.69,62400,900,0.4514
71,202.15,63300,900,0.4595
72,307.85,64200,900,0.4576
73,367.27,65100,900,0.4448
74,395.67,66000,900,0.436
75,496.04,66900,900,0.4421
76,123.74,67800,900,0.4791
77,269.61,68700,900,0.4576
78,464.7,69600,900,0.4554
79,268.11,70500,900,0.462
80,276.41,71400,900,0.4577
81,419.94,72300,900,0.4743
82,654.17,73200,900,0.4459
83,437.02,74100,900,0.4599
84,200.59,75000,900,0.4613
85,479.04,75900,900,0.4609
86,170.84,76800,900,0.4451
87,374.69,77700,900,0.4545
88,457.26,78600,900,0.4606
89,575.08,79500,900,0.4947
90,434.03,80400,900,0.4771
91,382.31,81300,900,0.4915
92,314.13,82500,1200,0.5427
93,348.73,83700,1200,0.4984
94,301.47,84900,1200,0.5103
95,325.61,86100,1200,0.5109
96,-40.52,87300,1200,0.5542
97,129.68,88500,1200,0.5211
98,92.81,89700,1200,0.5307
99,124.47,90900,1200,0.4959
100,762.64,92100,1200,0.4855
101,553.4,93300,1200,0.4888
102,290.78,94500,1200,0.4841
103,378.55,95700,1200,0.4828
104,210.19,96900,1200,0.4974
105,374.65,98100,1200,0.4849
106,475.06,99300,1200,0.4871
107,344.4,100500,1200,0.536
108,179.28,101700,1200,0.5166
109,188.58,102900,1200,0.4929
110,144.01,104100,1200,0.525
111,297.79,105300,1200,0.4796
112,566.53,106500,1200,0.4994
113,220.9,107700,1200,0.532
114,423.44,108900,1200,0.4831
115,542.81,110100,1200,0.485
116,103.88,111300,1200,0.5014
117,283.34,112500,1200,0.513
118,284.94,113700,1200,0.5616
119,244.96,114900,1200,0.4715
120,584.25,116100,1200,0.4826
121,505.11,117300,1200,0.4981
122,491.4,118500,1200,0.4957
123,111.91,119700,1200,0.6135
124,378.42,120900,1200,0.5262
125,147.94,122100,1200,0.5262
126,216.65,123300,1200,0.5071
127,188.38,124500,1200,0.5368
128,357.76,125700,1200,0.5521
129,497.3,126900,1200,0.5618
130,196.69,128100,1200,0.5354
131,199.56,129300,1200,0.521
132,200.9,130500,1200,0.5224
133,670.16,131700,1200,0.5154
134,159.5,132900,1200,0.5321
135,253.58,134100,1200,0.4994
136,348.16,135300,1200,0.4776
137,630.35,136500,1200,0.4728
138,166.03,137700,1200,0.4651
139,359.87,138900,1200,0.4733
140,576.44,140100,1200,0.4835
141,118.68,141300,1200,0.4785
142,720.83,142500,1200,0.4733
143,523.99,143700,1200,0.473
144,316.0,144900,1200,0.4739
145,368.18,146100,1200,0.4761
146,356.81,147300,1200,0.4802
147,159.47,148500,1200,0.4778
148,814.58,149700,1200,0.4886
149,255.77,150900,1200,0.4894
150,874.72,152100,1200,0.4754
151,412.93,153300,1200,0.469
152,590.88,154500,1200,0.4861
153,512.19,155700,1200,0.4821
154,491.28,156900,1200,0.4644
155,388.93,158100,1200,0.4926
156,100.19,159300,1200,0.4666
157,536.24,160500,1200,0.4815
158,356.82,161700,1200,0.4849
159,681.13,162900,1200,0.4844
160,103.07,164100,1200,0.4826
161,671.65,165300,1200,0.4874
162,209.96,166500,1200,0.4638
163,645.06,167700,1200,0.4697
164,557.88,168900,1200,0.4905
165,272.96,170100,1200,0.4676
166,294.62,171300,1200,0.4853
167,144.17,172500,1200,0.4656
168,645.45,173700,1200,0.4764
169,650.79,174900,1200,0.4629
170,692.79,176100,1200,0.4809
171,535.13,177300,1200,0.4794
172,733.07,178500,1200,0.4814
173,140.76,179700,1200,0.4745
174,160.98,180900,1200,0.4896
175,235.94,182100,1200,0.4905
176,371.21,183300,1200,0.4825
177,516.44,184500,1200,0.4861
178,428.06,185700,1200,0.4782
179,207.11,186900,1200,0.4866
180,446.09,188100,1200,0.4837
181,99.82,189300,1200,0.4799
182,152.66,190500,1200,0.4826
183,376.6,191700,1200,0.4804
184,693.0,192900,1200,0.4543
185,710.37,194100,1200,0.4701
186,805.88,195300,1200,0.4697
187,304.8,196500,1200,0.4701
188,311.94,197700,1200,0.4746
189,653.32,198900,1200,0.4775
190,924.12,200100,1200,0.4673
191,116.45,201300,1200,0.4833
192,281.13,202500,1200,0.4586
193,656.38,203700,1200,0.4721
194,270.36,204900,1200,0.4905
195,594.35,206100,1200,0.4863
196,133.16,207300,1200,0.4885
197,489.89,208500,1200,0.4745
198,374.67,209700,1200,0.4618
199,652.63,210900,1200,0.472
200,344.74,212100,1200,0.482
201,532.15,213300,1200,0.4874
202,803.91,214500,1200,0.488
203,138.43,215700,1200,0.4867
204,548.95,216900,1200,0.4842
205,574.3,218100,1200,0.4929
206,780.83,219300,1200,0.4901
207,631.87,220500,1200,0.4775
208,755.75,221700,1200,0.4821
209,796.41,222900,1200,0.4932
210,344.97,224100,1200,0.47
211,120.99,225300,1200,0.4841
212,494.04,226500,1200,0.4554
213,494.07,227700,1200,0.4907
214,121.27,228900,1200,0.4732
215,669.09,230100,1200,0.4773
216,567.57,231300,1200,0.4775
217,740.38,232500,1200,0.485
218,624.76,233700,1200,0.487
219,273.72,234900,1200,0.4942
220,324.79,236100,1200,0.4832
221,212.29,237300,1200,0.4842
222,508.87,238500,1200,0.4915
223,480.21,239700,1200,0.4674
224,581.42,240900,1200,0.487
225,487.2,242100,1200,0.5119
226,815.5,243300,1200,0.501
227,458.66,244500,1200,0.4749
228,418.33,245700,1200,0.4785
229,711.22,246900,1200,0.4852
230,537.06,248100,1200,0.4787
231,556.72,249300,1200,0.4841
232,635.57,250500,1200,0.4897
233,720.68,251700,1200,0.4883
234,134.18,252900,1200,0.4718
235,727.47,254100,1200,0.4787
236,610.33,255300,1200,0.4856
237,284.75,256500,1200,0.4705
238,217.53,257700,1200,0.4934
239,299.49,258900,1200,0.5156
240,489.55,260100,1200,0.4948
241,110.03,261300,1200,0.58
242,151.8,262500,1200,0.5298
243,288.11,263700,1200,0.5205
244,156.21,264900,1200,0.5895
245,386.08,266100,1200,0.5553
246,445.18,267300,1200,0.5111
247,463.86,268500,1200,0.5092
248,128.89,269700,1200,0.6867
249,514.67,270900,1200,0.5419
250,293.48,272100,1200,0.4987
1,56.86,600,600,0.6147
2,226.55,1200,600,0.6526
3,66.83,1800,600,0.6424
4,252.37,2400,600,0.625
5,266.64,3000,600,0.6138
6,142.76,3600,600,0.6305
7,316.0,4200,600,0.6474
8,255.44,4800,600,0.6624
9,214.5,5400,600,0.5625
10,-31.33,6000,600,0.5084
11,-90.69,6600,600,0.5303
12,-59.22,7200,600,0.5265
13,-67.85,7800,600,0.4905
14,-47.46,8400,600,0.5022
15,-57.98,9000,600,0.4901
16,-48.91,9600,600,0.4823
17,145.05,10200,600,0.4837
18,11.81,10800,600,0.4722
19,-8.7,11400,600,0.4836
20,14.15,12000,600,0.4913
21,-57.59,12600,600,0.4461
22,99.82,13200,600,0.5073
23,59.35,14100,900,0.5253
24,42.14,15000,900,0.597
25,58.98,15900,900,0.5855
26,233.3,16800,900,0.549
27,-39.67,17700,900,0.4837
28,669.64,18600,900,0.4722
29,489.89,19500,900,0.4661
30,686.1,20400,900,0.4641
31,369.1,21300,900,0.5295
32,-84.94,22200,900,0.5305
33,410.17,23100,900,0.4567
34,485.14,24000,900,0.4791
35,329.9,24900,900,0.4547
36,316.11,25800,900,0.4793
37,265.46,26700,900,0.4734
38,243.97,27600,900,0.4782
39,545.09,28500,900,0.4901
40,333.1,29400,900,0.4725
41,113.9,30300,900,0.4837
42,442.66,31200,900,0.4714
43,261.22,32100,900,0.4775
44,274.29,33000,900,0.5342
45,100.7,33900,900,0.5903
46,218.92,34800,900,0.506
47,222.0,35700,900,0.4824
48,338.93,36600,900,0.4772
49,439.31,37500,900,0.5753
50,246.91,38400,900,0.5254
51,608.37,39600,1200,0.5055
52,83.14,40800,1200,0.5257
53,504.03,42000,1200,0.4853
54,694.4,43200,1200,0.5048
55,220.73,44400,1200,0.508
56,63.85,45600,1200,0.5619
57,39.39,46800,1200,0.5038
58,560.2,48000,1200,0.4801
59,527.63,49200,1200,0.5288
60,341.42,50400,1200,0.5176
61,479.48,51600,1200,0.466
62,341.83,52800,1200,0.5188
63,360.64,54000,1200,0.5027
64,332.65,55200,1200,0.5352
65,361.61,56400,1200,0.5075
66,963.77,57600,1200,0.4634
67,633.88,58800,1200,0.5303
68,313.03,60000,1200,0.5515
69,527.37,61200,1200,0.5027
70,684.36,62400,1200,0.4672
71,903.72,63600,1200,0.4753
72,360.64,64800,1200,0.5275
73,631.83,66000,1200,0.4846
74,195.21,67200,1200,0.469
75,581.1,68400,1200,0.4754
76,849.08,69600,1200,0.4669
77,471.84,70800,1200,0.4745
78,830.95,72000,1200,0.4942
79,561.74,73200,1200,0.5427
80,307.69,74400,1200,0.5798
81,179.38,75600,1200,0.5919
82,299.73,76800,1200,0.6005
83,189.4,78000,1200,0.6198
84,560.35,79200,1200,0.4772
85,50.39,80400,1200,0.5111
86,566.73,81600,1200,0.5509
87,146.89,82800,1200,0.5009
88,836.17,84000,1200,0.4867
89,10.31,85200,1200,0.6351
90,430.57,86400,1200,0.5166
91,69.5,87600,1200,0.5867
92,747.53,88800,1200,0.5188
93,107.96,90000,1200,0.623
94,13.73,91200,1200,0.5191
95,90.35,92400,1200,0.4905
96,605.2,93600,1200,0.446
97,120.6,94800,1200,0.4621
98,600.5,96000,1200,0.463
99,545.6,97200,1200,0.4768
100,314.58,98400,1200,0.5544
101,205.37,99600,1200,0.527
102,294.66,100800,1200,0.56
103,44.25,102000,1200,0.6021
104,470.2,103200,1200,0.5827
105,347.11,104400,1200,0.5893
106,246.79,105600,1200,0.587
107,351.46,106800,1200,0.5832
108,748.04,108000,1200,0.4959
109,80.0,109200,1200,0.5272
110,429.34,110400,1200,0.5047
111,201.35,111600,1200,0.5306
112,-51.31,112800,1200,0.5478
113,133.06,114000,1200,0.5904
114,141.74,115200,1200,0.5957
115,109.82,116400,1200,0.5596
116,337.54,117600,1200,0.6483
117,337.66,118800,1200,0.6109
118,640.32,120000,1200,0.5023
119,950.36,121200,1200,0.4845
120,1048.33,122400,1200,0.4925
121,622.4,123600,1200,0.5697
122,132.51,124800,1200,0.5961
123,441.98,126000,1200,0.4847
124,921.54,127200,1200,0.4901
125,729.27,128400,1200,0.488
126,148.08,129600,1200,0.5053
127,220.55,130800,1200,0.5687
128,93.46,132000,1200,0.5456
129,139.19,133200,1200,0.5554
130,60.84,134400,1200,0.57
131,522.62,135600,1200,0.4741
132,810.5,136800,1200,0.4735
133,796.28,138000,1200,0.4787
134,474.8,139200,1200,0.6494
135,541.9,140400,1200,0.5081
136,333.44,141600,1200,0.5059
137,496.57,142800,1200,0.4787
138,724.27,144000,1200,0.4765
139,515.64,145200,1200,0.4974
140,256.84,146400,1200,0.6453
141,137.98,147600,1200,0.948
142,420.4,148800,1200,0.6079
143,384.82,150000,1200,0.5547
144,102.08,151200,1200,0.6068
145,351.16,152400,1200,0.4944
146,772.77,153600,1200,0.5429
147,368.07,154800,1200,0.7533
148,96.5,156000,1200,0.7191
149,241.74,157200,1200,0.7121
150,528.91,158400,1200,0.5499
151,622.18,159600,1200,0.7725
152,176.53,160800,1200,0.6486
153,149.37,162000,1200,0.7001
154,191.59,163200,1200,0.531
155,441.11,164400,1200,0.4819
156,842.36,165600,1200,0.4887
157,509.47,166800,1200,0.4992
158,127.64,168000,1200,0.4822
159,444.76,169200,1200,0.5542
160,106.9,170400,1200,0.6092
161,603.47,171600,1200,0.6202
162,448.93,172800,1200,0.4774
163,859.34,174000,1200,0.4728
164,821.21,175200,1200,0.4655
165,390.12,176400,1200,0.53
166,114.77,177600,1200,0.6646
167,550.21,178800,1200,0.6778
168,237.26,180000,1200,0.5076
169,795.2,181200,1200,0.497
170,242.65,182400,1200,0.5205
171,294.43,183600,1200,0.5204
172,286.68,184800,1200,0.7339
173,305.58,186000,1200,0.4962
174,897.59,187200,1200,0.4753
175,233.36,188400,1200,0.4685
176,692.98,189600,1200,0.4942
177,152.83,190800,1200,0.6409
178,157.25,192000,1200,0.7256
179,96.91,193200,1200,0.7659
180,166.96,194400,1200,0.6412
181,170.8,195600,1200,0.5911
182,164.13,196800,1200,0.6147
183,83.45,198000,1200,0.6642
184,196.47,199200,1200,0.6663
185,78.6,200400,1200,0.8611
186,574.21,201600,1200,0.8879
187,213.71,202800,1200,0.8854
188,430.49,204000,1200,0.9066
189,179.77,205200,1200,0.7918
190,359.49,206400,1200,0.8228
191,101.1,207600,1200,0.8203
192,158.97,208800,1200,0.7892
193,472.22,210000,1200,0.7904
194,194.33,211200,1200,0.7797
195,200.44,212400,1200,0.8692
196,349.0,213600,1200,0.8443
197,219.71,214800,1200,0.7651
198,173.96,216000,1200,0.6694
199,596.87,217200,1200,0.6081
200,359.84,218400,1200,0.5671
201,18.89,219600,1200,0.5475
202,212.53,220800,1200,0.5341
203,189.25,222000,1200,0.6434
204,148.56,223200,1200,0.6898
205,256.36,224400,1200,0.7842
206,264.41,225600,1200,0.8244
207,135.56,226800,1200,0.7611
208,317.34,228000,1200,0.6231
209,162.31,229200,1200,0.5673
210,196.55,230400,1200,0.5611
211,246.22,231600,1200,0.5458
212,148.53,232800,1200,0.595
213,224.08,234000,1200,0.7082
214,80.45,235200,1200,0.7457
215,197.0,236400,1200,0.643
216,116.05,237600,1200,0.6874
217,106.03,238800,1200,0.7216
218,219.23,240000,1200,0.7399
219,389.62,241200,1200,0.7283
220,135.06,242400,1200,0.7234
221,246.72,243600,1200,0.7796
222,249.16,244800,1200,0.7319
223,526.23,246000,1200,0.7178
224,245.52,247200,1200,0.6641
225,514.2,248400,1200,0.7247
226,143.23,249600,1200,0.721
227,168.82,250800,1200,0.698
228,408.19,252000,1200,0.7147
229,120.66,253200,1200,0.5947
230,494.73,254400,1200,0.6775
231,477.68,255600,1200,0.5099
232,273.68,256800,1200,0.6502
233,186.54,258000,1200,0.7007
234,675.97,259121,1121,0.7141
235,250.33,260321,1200,0.8477
236,39.1,261521,1200,1.0217
237,102.41,262721,1200,0.7373
238,152.35,263921,1200,0.9644
239,79.05,265121,1200,0.6865
240,719.85,265759,638,0.8315
241,699.66,266286,527,0.7133
242,407.56,267486,1200,0.5035
243,644.9,268686,1200,0.4944
244,393.16,269886,1200,0.6329
245,263.29,271086,1200,0.7573
246,261.22,272286,1200,0.6855
247,492.37,273486,1200,0.7198
248,722.21,274202,716,0.7522
249,715.09,275402,1200,0.487
250,292.92,276602,1200,0.6701
1,171.81,600,600,0.6716
2,221.41,1200,600,0.9778
3,170.64,1800,600,0.8556
4,223.5,2400,600,0.9256
5,39.63,3300,900,0.8212
6,0.15,4200,900,0.6409
7,244.14,5100,900,0.6254
8,100.54,6000,900,0.5267
9,168.53,6900,900,0.4657
10,170.48,7800,900,0.4718
11,-61.5,8700,900,0.4654
12,-120.79,9600,900,0.5353
13,63.69,10500,900,0.5771
14,-105.01,11400,900,0.6201
15,-197.39,12300,900,0.5778
16,-74.6,13200,900,0.4518
17,117.29,14100,900,0.4511
18,219.82,15000,900,0.5746
19,219.16,15900,900,0.4753
20,161.58,16800,900,0.6603
21,-57.6,17700,900,0.5861
22,235.61,18600,900,0.4614
23,555.13,19500,900,0.4408
24,-34.75,20400,900,0.4644
25,254.87,21300,900,0.468
26,536.72,22200,900,0.4658
27,666.73,23100,900,0.4708
28,468.99,24000,900,0.458
29,436.83,24900,900,0.4625
30,31.54,25800,900,0.5237
31,80.85,26700,900,0.8125
32,93.72,27600,900,0.6939
33,129.37,28500,900,0.598
34,0.33,29400,900,0.4639
35,7.24,30300,900,0.4701
36,344.5,31200,900,0.6272
37,171.29,32100,900,0.7362
38,124.52,33000,900,0.5557
39,-24.69,33900,900,0.4738
40,-29.81,34800,900,0.4748
41,-27.04,35700,900,0.4655
42,572.4,36600,900,0.4677
43,-29.55,37500,900,0.4682
44,198.99,38400,900,0.4373
45,-30.3,39300,900,0.4707
46,448.89,40200,900,0.559
47,100.29,41100,900,0.5773
48,-27.94,42000,900,0.4943
49,-14.57,42900,900,0.567
50,124.5,43800,900,0.4708
51,388.69,44700,900,0.4741
52,172.5,45600,900,0.4592
53,249.25,46500,900,0.4663
54,-8.4,47400,900,0.5481
55,138.88,48300,900,0.6188
56,335.11,49200,900,0.6671
57,7.91,50100,900,0.6381
58,94.91,51000,900,0.6581
59,139.08,51900,900,0.7472
60,127.93,52800,900,0.7621
61,254.13,53700,900,0.6754
62,221.11,54600,900,0.6908
63,314.08,55500,900,0.655
64,42.09,56400,900,0.46
65,365.7,57300,900,0.4652
66,6.76,58200,900,0.4735
67,382.49,59100,900,0.4728
68,194.71,60000,900,0.5492
69,355.2,60900,900,0.5984
70,160.83,61800,900,0.5908
71,249.89,62700,900,0.5891
72,-10.76,63600,900,0.6113
73,213.96,64500,900,0.4379
74,274.75,65400,900,0.4596
75,22.07,66300,900,0.4926
76,119.63,67200,900,0.6263
77,122.97,68100,900,0.6225
78,217.49,69000,900,0.6373
79,216.96,69900,900,0.685
80,171.31,70800,900,0.6874
81,171.11,71700,900,0.7295
82,96.89,72600,900,0.5669
83,143.06,73500,900,0.5664
84,295.03,74400,900,0.4949
85,448.76,75300,900,0.481
86,370.98,76200,900,0.5125
87,158.49,77100,900,0.5764
88,226.87,78000,900,0.7162
89,436.26,78900,900,0.5644
90,405.93,79800,900,0.4717
91,447.89,80700,900,0.4728
92,183.1,81600,900,0.489
93,295.94,82500,900,0.4908
94,512.97,83400,900,0.4659
95,420.79,84300,900,0.4576
96,239.16,85200,900,0.4781
97,377.74,86100,900,0.4783
98,576.47,87000,900,0.4886
99,429.43,87900,900,0.4893
100,509.59,88800,900,0.4727
101,-48.18,89700,900,0.4469
102,139.08,90600,900,0.5131
103,4.71,91500,900,0.4906
104,226.19,92400,900,0.4771
105,402.01,93300,900,0.4845
106,423.93,94200,900,0.4789
107,234.06,95100,900,0.5102
108,354.41,96000,900,0.5721
109,-92.02,96900,900,0.6037
110,162.41,97800,900,0.4909
111,330.33,98700,900,0.4932
112,18.26,99600,900,0.496
113,-12.01,100500,900,0.6833
114,120.73,101400,900,0.7944
115,218.83,102300,900,0.7054
116,179.2,103200,900,0.7698
117,177.15,104100,900,0.6699
118,169.35,105000,900,0.715
119,183.04,105900,900,0.7428
120,130.47,106800,900,0.9042
121,350.98,107700,900,0.7349
122,174.21,108600,900,0.7565
123,370.06,109500,900,0.7053
124,222.44,110400,900,0.6775
125,161.93,111300,900,0.5618
126,470.72,112200,900,0.5315
127,254.29,113100,900,0.4833
128,189.67,114000,900,0.4827
129,151.41,114900,900,0.4766
130,542.28,115800,900,0.4809
131,460.67,116700,900,0.483
132,426.29,117600,900,0.4826
133,475.92,118500,900,0.4601
134,470.55,119400,900,0.4766
135,389.08,120300,900,0.4634
136,459.36,121200,900,0.4807
137,18.81,122100,900,0.4908
138,211.28,123000,900,0.6442
139,518.25,123900,900,0.4942
140,109.63,124800,900,0.4992
141,233.66,125700,900,0.6097
142,538.08,126600,900,0.5871
143,359.4,127500,900,0.5638
144,125.29,128400,900,0.6194
145,145.91,129300,900,0.6596
146,143.9,130200,900,0.715
147,397.68,131100,900,0.5219
148,337.81,132000,900,0.4814
149,309.88,132900,900,0.5231
150,489.76,133800,900,0.4641
151,485.9,134700,900,0.4575
152,618.62,135600,900,0.4722
153,587.32,136500,900,0.4598
154,588.79,137400,900,0.4703
155,511.7,138300,900,0.4943
156,224.25,139200,900,0.5108
157,694.53,140100,900,0.4684
158,721.27,141000,900,0.4858
159,265.21,141900,900,0.4954
160,550.42,142800,900,0.5038
161,589.76,143700,900,0.4842
162,488.61,144600,900,0.5261
163,211.14,145500,900,0.5087
164,335.63,146400,900,0.5408
165,287.25,147300,900,0.5523
166,341.74,148200,900,0.5511
167,455.85,149100,900,0.597
168,317.63,150000,900,0.5505
169,397.09,150900,900,0.6209
170,193.98,151800,900,0.7041
171,121.67,152700,900,0.6218
172,408.19,153600,900,0.6068
173,248.76,154500,900,0.6833
174,223.46,155400,900,0.6717
175,170.84,156300,900,0.6772
176,218.27,157200,900,0.6157
177,611.26,158100,900,0.5706
178,199.77,159000,900,0.6058
179,311.2,159900,900,0.6491
180,479.59,160800,900,0.6292
181,323.52,161700,900,0.5901
182,218.88,162600,900,0.5923
183,324.25,163500,900,0.5345
184,74.73,164400,900,0.5686
185,210.19,165300,900,0.6544
186,362.44,166200,900,0.7298
187,247.33,167100,900,0.6449
188,201.12,168000,900,0.6299
189,332.71,168900,900,0.6156
190,391.59,169800,900,0.6876
191,216.47,170700,900,0.5968
192,144.65,171600,900,0.745
193,248.28,172500,900,0.753
194,180.85,173400,900,0.6557
195,118.88,174300,900,0.789
196,359.33,175200,900,1.0185
197,294.52,176100,900,1.3344
198,179.19,177000,900,0.978
199,281.14,177900,900,0.8548
200,210.52,178800,900,0.8288
201,263.41,179700,900,0.8212
202,309.71,180600,900,0.8089
203,248.14,181500,900,0.6859
204,295.77,182400,900,0.7891
205,145.72,183300,900,1.0647
206,217.1,184200,900,0.734
207,296.84,185100,900,0.7537
208,236.3,186000,900,0.796
209,232.11,186900,900,0.6887
210,147.14,187800,900,0.6513
211,169.15,188700,900,0.6606
212,200.05,189600,900,0.8831
213,340.67,190500,900,0.9262
214,319.47,191400,900,0.8304
215,400.76,192300,900,1.0244
216,208.72,193200,900,0.9528
217,221.03,194100,900,0.8454
218,533.62,195000,900,0.9599
219,125.36,195900,900,1.2963
220,465.45,196800,900,1.1276
221,149.47,197700,900,0.6533
222,104.8,198600,900,0.5435
223,648.8,199500,900,0.5027
224,693.51,200400,900,0.5043
225,329.71,201300,900,0.5217
226,625.4,202200,900,0.5111
227,189.89,203100,900,0.518
228,544.01,204000,900,0.5165
229,98.44,204900,900,0.5137
230,427.7,205800,900,0.5213
231,165.67,206700,900,0.5177
232,508.13,207600,900,0.4975
233,306.46,208500,900,0.7194
234,380.55,209400,900,0.5972
235,359.71,210300,900,0.4995
236,688.58,211200,900,0.4856
237,323.03,212100,900,0.5105
238,679.39,213000,900,0.4983
239,199.98,213900,900,0.5138
240,240.8,214800,900,0.5935
241,372.13,215700,900,0.6516
242,171.5,216600,900,0.7615
243,258.96,217500,900,0.7181
244,193.54,218400,900,0.6269
245,470.62,219300,900,0.5768
246,350.03,220200,900,0.5332
247,361.13,221100,900,0.5028
248,624.17,222000,900,0.4737
249,537.38,222900,900,0.5008
250,611.75,223800,900,0.4704
1,194.08,600,600,0.6352
2,88.82,1200,600,0.7409
1,250.32,600,600,0.7721
3,279.34,1800,600,0.7676
2,118.26,1200,600,0.6619
4,153.8,2400,600,0.6508
3,63.32,1800,600,0.653
5,101.31,3000,600,0.6489
4,43.2,2400,600,0.6685
6,49.37,3600,600,0.6472
5,19.02,3000,600,0.6411
7,73.12,4200,600,0.6716
6,124.82,3600,600,0.6568
8,153.58,4800,600,0.6606
7,121.76,4200,600,0.7398
9,29.6,5400,600,0.5623
8,5.18,4800,600,0.886
10,-24.05,6000,600,0.5257
9,34.67,5400,600,0.6373
11,-31.63,6600,600,0.5423
10,-10.61,6000,600,0.5482
12,4.03,7200,600,0.5485
11,-7.68,6600,600,0.5548
13,-22.6,7800,600,0.5601
12,-31.57,7200,600,0.5436
14,-40.89,8400,600,0.5544
13,10.49,7800,600,0.5345
15,-58.9,9000,600,0.5449
14,-36.56,8400,600,0.5533
16,-42.81,9600,600,0.5455
15,9.35,9000,600,0.5476
17,-37.46,10200,600,0.5094
16,15.47,9600,600,0.5155
18,-33.22,10800,600,0.5194
17,-16.73,10200,600,0.518
19,-16.85,11400,600,0.5251
18,-15.68,10800,600,0.5374
20,-4.56,12000,600,0.5276
19,-7.41,11400,600,0.5213
21,-31.78,12600,600,0.5214
20,-10.62,12000,600,0.5097
22,-25.06,13200,600,0.5236
21,-19.64,12600,600,0.5246
23,-33.47,13800,600,0.5329
22,-7.89,13200,600,0.5522
24,-20.42,14400,600,0.5162
23,25.82,13800,600,0.5208
25,1.74,15000,600,0.5299
24,2.64,14400,600,0.5287
26,-13.12,15600,600,0.5147
25,-11.51,15000,600,0.5194
27,18.31,16200,600,0.5243
26,36.34,15600,600,0.5163
28,111.3,16800,600,0.5149
27,109.17,16200,600,0.5213
29,-0.87,17400,600,0.5196
28,23.16,16800,600,0.5184
30,43.1,18000,600,0.5654
29,52.93,17400,600,0.5285
31,32.82,18600,600,0.5217
30,27.05,18000,600,0.5232
32,25.03,19200,600,0.5303
31,15.16,18600,600,0.5138
33,19.13,19800,600,0.5266
32,52.79,19200,600,0.5241
34,33.38,20400,600,0.5199
33,8.67,19800,600,0.5141
35,-10.99,21000,600,0.5223
34,-2.58,20400,600,0.5198
36,49.08,21600,600,0.5274
35,38.56,21000,600,0.5241
37,97.63,22200,600,0.5258
36,74.3,21600,600,0.5336
38,19.73,22800,600,0.5378
37,34.53,22200,600,0.5204
39,195.53,23400,600,0.5272
38,158.67,22800,600,0.5081
39,130.7,23400,600,0.5129
40,152.58,24300,900,0.5244
40,2.48,24300,900,0.5267
41,-6.08,25200,900,0.5235
41,157.89,25200,900,0.5247
42,85.71,26100,900,0.5333
42,52.64,26100,900,0.5413
43,72.19,27000,900,0.5216
43,18.54,27000,900,0.5196
44,61.62,27900,900,0.5167
44,141.56,27900,900,0.5223
45,144.36,28800,900,0.5259
45,177.57,28800,900,0.5229
46,161.11,29700,900,0.5234
46,48.36,29700,900,0.5175
47,39.89,30600,900,0.5239
47,-83.31,30600,900,0.5508
48,-78.06,31500,900,0.575
48,188.77,31500,900,0.5476
49,136.69,32400,900,0.5509
49,191.41,32400,900,0.5517
50,116.51,33300,900,0.5489
50,150.97,33300,900,0.55
51,91.37,34200,900,0.5462
51,-33.51,34200,900,0.5457
52,-23.64,35100,900,0.5524
52,-0.02,35100,900,0.5502
53,36.05,36000,900,0.5608
53,43.85,36000,900,0.5421
54,29.58,36900,900,0.5445
54,-110.23,36900,900,0.5473
55,-98.95,37800,900,0.5424
55,-101.75,37800,900,0.548
56,-107.42,38700,900,0.5503
56,159.42,38700,900,0.5504
57,159.14,39600,900,0.5495
57,256.28,39600,900,0.5432
58,185.7,40500,900,0.5331
58,46.24,40500,900,0.5169
59,37.7,41400,900,0.517
59,3.62,41400,900,0.5299
60,25.96,42300,900,0.5528
60,0.71,42300,900,0.538
61,9.62,43200,900,0.5397
61,4.12,43200,900,0.548
62,16.67,44100,900,0.5462
62,74.37,44100,900,0.5585
63,62.69,45000,900,0.5537
63,2.49,45000,900,0.5428
64,3.56,45900,900,0.5437
64,26.82,45900,900,0.5433
65,41.6,46800,900,0.5369
65,30.87,46800,900,0.52
66,5.03,47700,900,0.5153
66,15.41,47700,900,0.5328
67,60.57,48600,900,0.529
67,218.77,48600,900,0.521
68,128.63,49500,900,0.5229
68,-12.55,49500,900,0.5147
69,60.65,50400,900,0.5202
69,342.8,50400,900,0.5142
70,276.36,51300,900,0.5162
70,25.79,51300,900,0.519
71,45.78,52200,900,0.5122
71,-43.61,52200,900,0.5238
72,-18.93,53100,900,0.5428
72,28.43,53100,900,0.5069
73,38.07,54000,900,0.5106
73,69.83,54000,900,0.5158
74,77.03,54900,900,0.5227
74,23.74,54900,900,0.5167
75,45.58,55800,900,0.531
75,26.75,55800,900,0.5279
76,44.33,56700,900,0.526
76,31.74,56700,900,0.5343
77,54.62,57600,900,0.5309
77,47.77,57600,900,0.5176
78,74.75,58500,900,0.5304
78,38.19,58500,900,0.5235
79,60.41,59400,900,0.5327
79,41.72,59400,900,0.5192
80,53.07,60300,900,0.5188
80,60.65,60300,900,0.5167
81,80.9,61200,900,0.5254
81,196.67,61200,900,0.5204
82,134.96,62100,900,0.5213
82,74.73,62100,900,0.5074
83,38.29,63000,900,0.528
83,-7.94,63000,900,0.5143
84,65.04,63900,900,0.5126
84,122.48,63900,900,0.5122
85,61.46,64800,900,0.5159
85,221.52,64800,900,0.5182
86,132.8,65700,900,0.5143
86,45.92,65700,900,0.5362
87,25.52,66600,900,0.5465
87,192.79,66600,900,0.5034
88,180.75,67500,900,0.5098
88,22.79,67500,900,0.519
89,62.71,68400,900,0.5196
89,283.61,68400,900,0.5168
90,210.02,69300,900,0.515
90,226.71,69300,900,0.5134
91,124.92,70200,900,0.5237
91,177.29,70200,900,0.5363
92,115.62,71100,900,0.5431
92,95.56,71100,900,0.52
93,66.8,72000,900,0.5342
93,-4.15,72000,900,0.5117
94,14.63,72900,900,0.5213
94,38.09,72900,900,0.5196
95,58.98,73800,900,0.519
95,11.37,73800,900,0.5159
96,45.09,74700,900,0.5258
96,23.55,74700,900,0.5412
97,45.45,75600,900,0.5284
97,74.05,75600,900,0.5221
98,63.6,76500,900,0.5246
98,183.64,76500,900,0.5165
99,130.12,77400,900,0.5215
99,126.44,77400,900,0.5066
100,77.91,78300,900,0.5196
100,41.92,78300,900,0.5105
101,85.47,79200,900,0.5428
101,74.05,79200,900,0.5548
102,64.07,80100,900,0.5645
102,47.16,80100,900,0.5403
103,61.15,81000,900,0.5478
103,85.93,81000,900,0.549
104,86.66,81900,900,0.5447
104,37.2,81900,900,0.5473
105,48.54,82800,900,0.5514
105,-40.02,82800,900,0.5522
106,-54.09,83700,900,0.5552
106,194.2,83700,900,0.5409
107,142.94,84600,900,0.5276
107,58.56,84600,900,0.5209
108,38.45,85500,900,0.522
108,8.09,85500,900,0.5411
109,49.61,86400,900,0.5425
109,65.95,86400,900,0.5397
110,65.66,87300,900,0.549
110,-25.73,87300,900,0.5491
111,-3.98,88200,900,0.5514
111,215.26,88200,900,0.539
112,147.27,89100,900,0.54
112,90.89,89100,900,0.5392
113,55.03,90000,900,0.5538
113,57.87,90000,900,0.5374
114,65.69,90900,900,0.5485
114,103.14,90900,900,0.5375
115,109.65,91800,900,0.5483
115,71.2,91800,900,0.5553
116,59.36,92700,900,0.5512
116,184.1,92700,900,0.5404
117,147.8,93600,900,0.5489
117,201.23,93600,900,0.5367
118,140.18,94500,900,0.5302
118,8.46,94500,900,0.5115
119,24.0,95400,900,0.5236
119,34.37,95400,900,0.5189
120,84.2,96300,900,0.518
120,201.83,96300,900,0.5273
121,124.43,97200,900,0.517
121,45.61,97200,900,0.5213
122,63.23,98100,900,0.5236
122,26.12,98100,900,0.5163
123,34.96,99000,900,0.5235
123,208.33,99000,900,0.5182
124,156.8,99900,900,0.5254
124,220.77,99900,900,0.5172
125,147.58,100800,900,0.5149
125,7.42,100800,900,0.5356
126,16.6,101700,900,0.5275
126,199.44,101700,900,0.5143
127,129.46,102600,900,0.5215
127,27.07,102600,900,0.539
128,27.68,103500,900,0.5299
128,80.28,103500,900,0.5181
129,100.49,104400,900,0.5212
129,39.61,104400,900,0.5113
130,46.66,105300,900,0.521
130,47.54,105300,900,0.5234
131,50.86,106200,900,0.5254
131,21.22,106200,900,0.5211
132,51.18,107100,900,0.5222
132,155.92,107100,900,0.5117
133,86.64,108000,900,0.526
133,5.93,108000,900,0.5156
134,12.22,108900,900,0.5151
134,66.75,108900,900,0.5118
135,58.95,109800,900,0.5195
135,162.61,109800,900,0.5282
136,126.6,110700,900,0.5248
136,57.99,110700,900,0.5249
137,2.19,111600,900,0.5236
137,-4.24,111600,900,0.5204
138,47.0,112500,900,0.5233
138,57.83,112500,900,0.5555
139,73.44,113400,900,0.5541
139,136.44,113400,900,0.5594
140,73.71,114300,900,0.5575
140,39.63,114300,900,0.5515
141,38.85,115200,900,0.563
141,-55.33,115200,900,0.5329
142,-37.99,116100,900,0.5326
142,65.02,116100,900,0.6371
143,54.69,117000,900,0.6729
143,-48.93,117000,900,0.7759
144,-35.98,117900,900,0.7339
144,-86.05,117900,900,0.6517
145,-73.52,118800,900,0.6637
145,66.89,118800,900,0.611
146,98.24,119700,900,0.602
146,-47.36,119700,900,0.61
147,-44.83,120600,900,0.6111
147,26.43,120600,900,0.7809
148,7.79,121500,900,0.7908
148,233.06,121500,900,0.9225
149,158.28,122400,900,0.9083
149,15.13,122400,900,0.8607
150,21.31,123300,900,0.9448
150,-45.9,123300,900,0.917
151,-31.44,124200,900,0.9005
151,-2.26,124200,900,0.5959
152,16.91,125100,900,0.5798
152,134.45,125100,900,0.5639
153,78.97,126000,900,0.5618
153,-20.11,126000,900,0.5575
154,-91.63,126900,900,0.559
154,151.08,126900,900,0.5914
155,110.93,127800,900,0.6178
155,-38.83,127800,900,0.6081
156,-73.53,128700,900,0.6179
156,5.55,128700,900,0.5904
157,-3.96,129600,900,0.6003
157,0.22,129600,900,0.6094
158,13.8,130500,900,0.6342
158,156.95,130500,900,0.678
159,104.47,131400,900,0.6813
159,130.87,131400,900,0.6065
160,81.42,132300,900,0.6151
160,-2.29,132300,900,0.6805
161,-36.75,133200,900,0.6987
161,-78.45,133200,900,0.7301
162,-56.61,134100,900,0.6923
162,-32.74,134100,900,0.6103
163,-27.82,135000,900,0.5947
163,-2.2,135000,900,0.5788
164,4.38,135900,900,0.5758
164,7.75,135900,900,0.6078
165,31.42,136800,900,0.6207
165,0.15,136800,900,0.6182
166,29.9,137700,900,0.6164
166,159.19,137700,900,0.6071
167,85.94,138600,900,0.6244
167,46.27,138600,900,0.6694
168,31.06,139500,900,0.6915
168,188.76,139500,900,0.6042
169,120.46,140400,900,0.5871
169,145.2,140400,900,0.578
170,75.16,141300,900,0.5595
170,-80.6,141300,900,0.5379
171,-88.7,142200,900,0.5422
171,49.38,142200,900,0.5982
172,43.74,143100,900,0.6007
172,0.31,143100,900,0.5638
173,19.07,144000,900,0.5853
173,75.23,144000,900,0.5532
174,28.37,144900,900,0.5651
174,25.85,144900,900,0.5575
175,28.59,145800,900,0.6021
175,-2.12,145800,900,0.6889
176,45.1,146700,900,0.6654
176,-31.22,146700,900,0.6769
177,-40.2,147600,900,0.6708
177,96.31,147600,900,0.6723
178,90.7,148500,900,0.661
178,28.54,148500,900,0.5548
179,35.0,149400,900,0.5624
179,77.23,149400,900,0.5628
180,58.58,150300,900,0.573
180,-46.18,150300,900,0.5888
181,14.23,151200,900,0.5972
181,40.15,151200,900,0.5941
182,35.87,152100,900,0.6034
182,-4.84,152100,900,0.5256
183,5.33,153000,900,0.5195
183,149.98,153000,900,0.5177
184,155.73,153900,900,0.5278
184,162.59,153900,900,0.5287
185,86.01,154800,900,0.5396
185,194.86,154800,900,0.594
186,108.3,155700,900,0.6126
186,200.79,155700,900,0.5957
187,139.78,156600,900,0.6065
187,197.75,156600,900,0.599
188,121.06,157500,900,0.5962
188,88.29,157500,900,0.5981
189,79.59,158400,900,0.5985
189,38.49,158400,900,0.5935
190,52.07,159300,900,0.5977
190,215.94,159300,900,0.6132
191,159.46,160200,900,0.6064
191,-20.76,160200,900,0.5861
192,-35.36,161100,900,0.5959
192,107.79,161100,900,0.5688
193,89.75,162000,900,0.5782
193,315.56,162000,900,0.5803
194,296.42,162900,900,0.592
194,-90.6,162900,900,0.5302
195,-65.82,163800,900,0.522
195,47.76,163800,900,0.5273
196,51.91,164700,900,0.5342
196,17.88,164700,900,0.5333
197,37.14,165600,900,0.5177
197,-17.68,165600,900,0.5191
198,-4.68,166500,900,0.5311
198,27.94,166500,900,0.5175
199,32.03,167400,900,0.5192
199,36.46,167400,900,0.51
200,41.74,168300,900,0.5234
200,131.94,168300,900,0.5381
201,145.04,169200,900,0.544
201,162.13,169200,900,0.5932
202,113.72,170100,900,0.6041
202,48.99,170100,900,0.6101
203,49.2,171000,900,0.6017
203,39.08,171000,900,0.624
204,60.35,171900,900,0.6058
204,153.18,171900,900,0.634
205,101.08,172800,900,0.6254
205,399.55,172800,900,0.6071
206,354.47,173700,900,0.5723
206,-51.67,173700,900,0.5884
207,-11.75,174600,900,0.5711
207,74.07,174600,900,0.5477
208,69.93,175500,900,0.5475
208,189.05,175500,900,0.5727
209,120.44,176400,900,0.5868
209,212.83,176400,900,0.5689
210,149.35,177300,900,0.5773
210,263.42,177300,900,0.5626
211,189.16,178200,900,0.5591
211,14.4,178200,900,0.5619
212,15.67,179100,900,0.5791
212,-88.76,179100,900,0.5248
213,-88.88,180000,900,0.5326
213,0.18,180000,900,0.5449
214,5.17,180900,900,0.5477
214,21.7,180900,900,0.5677
215,37.96,181800,900,0.5709
215,8.92,181800,900,0.5504
216,35.9,182700,900,0.5584
216,51.95,182700,900,0.5372
217,49.66,183600,900,0.5462
217,82.71,183600,900,0.5447
218,79.92,184500,900,0.5652
218,151.53,184500,900,0.5483
219,91.56,185400,900,0.5462
219,11.69,185400,900,0.5504
220,11.93,186300,900,0.5536
220,134.63,186300,900,0.5337
221,64.77,187200,900,0.5328
221,126.12,187200,900,0.5589
222,121.11,188100,900,0.5605
222,199.87,188100,900,0.5844
223,142.05,189000,900,0.5835
223,136.35,189000,900,0.5826
224,58.72,189900,900,0.6074
224,218.07,189900,900,0.6196
225,145.81,190800,900,0.6266
225,-1.08,190800,900,0.5753
226,-1.72,191700,900,0.5805
226,23.7,191700,900,0.548
227,59.73,192600,900,0.5604
227,235.39,192600,900,0.5308
228,168.1,193500,900,0.536
228,304.47,193500,900,0.5576
229,204.04,194400,900,0.5679
229,42.28,194400,900,0.573
230,20.14,195300,900,0.5628
230,117.13,195300,900,0.5497
231,100.47,196200,900,0.55
231,112.1,196200,900,0.587
232,30.5,197100,900,0.6144
232,279.79,197100,900,0.6439
233,268.87,198000,900,0.6224
233,144.48,198000,900,0.572
234,105.95,198900,900,0.5734
234,202.42,198900,900,0.5842
235,187.92,199800,900,0.5698
235,230.84,199800,900,0.6149
236,236.27,200700,900,0.63
236,204.79,200700,900,0.6062
237,107.53,201600,900,0.6537
237,399.24,201600,900,0.5731
238,369.27,202500,900,0.5499
238,-18.52,202500,900,0.5418
1,1335.76,1500,1500,0.6818
2,1335.76,3000,1500,0.6316
3,1335.76,4500,1500,0.6329
4,1335.76,6000,1500,0.5011
5,1335.76,7500,1500,0.4995
1,-15.25,600,600,0.6814
2,19.2,1200,600,0.6423
3,8.54,1800,600,0.6415
4,82.6,2400,600,0.7114
5,-8.73,3000,600,0.7239
6,27.49,3600,600,0.7669
7,-26.79,4200,600,0.8902
8,94.01,4800,600,0.6893
9,-36.22,5400,600,0.6057
10,-84.53,6000,600,0.5573
11,-78.9,6600,600,0.6419
12,-96.65,7200,600,0.6338
13,-107.03,7800,600,0.6875
14,-89.98,8400,600,0.4987
1,406.7,1500,1500,0.689
2,207.83,3000,1500,0.7711
3,171.6,4500,1500,0.6983
4,166.92,6000,1500,0.5293
5,175.0,7500,1500,0.5005
6,215.4,9000,1500,0.4873
7,-42.34,10500,1500,0.5003
8,-143.48,12000,1500,0.6228
9,157.08,13500,1500,0.5066
10,111.14,15000,1500,0.65
11,-101.68,16500,1500,0.4822
12,-67.94,18000,1500,0.5527
13,330.25,19500,1500,0.5272
14,387.42,21000,1500,0.638
15,226.82,22500,1500,0.5262
16,59.35,24000,1500,0.5174
17,145.02,25500,1500,0.5576
18,-104.74,27000,1500,0.5478
19,273.91,28500,1500,0.4898
20,402.4,30000,1500,0.5771
21,527.43,31500,1500,0.6046
22,136.35,33000,1500,0.5401
23,317.93,34500,1500,0.6686
24,648.24,36000,1500,0.5694
25,523.68,37500,1500,0.59
26,108.8,39000,1500,0.5531
27,1035.98,40382,1382,0.6583
28,334.44,41882,1500,0.5727
29,442.36,43382,1500,0.5804
30,253.68,44882,1500,0.5691
31,410.28,46382,1500,0.6111
32,978.87,47834,1452,0.625
33,401.11,49334,1500,0.481
34,297.73,50834,1500,0.4604
35,642.32,52334,1500,0.4358
36,1094.22,53834,1500,0.4367
37,311.11,55334,1500,0.4446
38,718.72,56834,1500,0.408
39,281.44,58334,1500,0.4573
40,294.81,59834,1500,0.4416
41,521.28,61334,1500,0.4062
42,1153.2,62615,1281,0.4111
43,131.9,64115,1500,0.4485
44,203.89,65615,1500,0.41
45,179.39,67115,1500,0.436
46,651.71,68615,1500,0.4027
47,544.63,70115,1500,0.411
48,866.26,71615,1500,0.4199
49,708.43,73115,1500,0.4519
50,198.48,74615,1500,0.5022
51,157.55,76115,1500,0.4257
52,206.34,77615,1500,0.4299
53,347.02,79115,1500,0.4572
54,192.62,80615,1500,0.4724
55,539.77,82115,1500,0.4649
56,306.63,83615,1500,0.4194
57,659.83,85115,1500,0.474
58,-190.29,86615,1500,0.4139
59,216.51,88115,1500,0.4807
60,239.52,89615,1500,0.4604
61,-202.3,91115,1500,0.4454
62,715.33,92615,1500,0.4969
63,577.83,94115,1500,0.4586
64,514.26,95615,1500,0.4957
65,168.74,97115,1500,0.4633
66,282.83,98615,1500,0.4874
67,596.4,100115,1500,0.4486
68,134.97,101615,1500,0.4475
1,654.19,1500,1500,1.3254
2,-63.29,3000,1500,0.8903
3,609.7,4500,1500,1.0005
4,192.15,6000,1500,0.8413
5,-142.19,7500,1500,0.9664
6,10.96,9000,1500,0.6265
7,43.15,10500,1500,0.7627
1,744.97,1500,1500,2.1126
2,385.51,3000,1500,2.0952
3,522.52,4500,1500,2.113
4,321.89,6000,1500,0.746
5,-170.07,7500,1500,0.8086
6,-181.72,9000,1500,0.6482
7,-108.38,10500,1500,0.4192
1,446.76,1500,1500,1.7168
2,474.04,3300,1800,1.8228
3,1237.45,5100,1800,1.9461
4,16.56,6900,1800,1.5728
5,-119.97,9000,2100,0.56
6,-198.52,11100,2100,0.8803
7,-435.24,13200,2100,1.3961
8,-441.6,15300,2100,1.6892
9,-66.73,17400,2100,0.513
10,672.05,19500,2100,0.4687
11,-169.62,21600,2100,0.5686
12,235.77,23700,2100,1.0765
13,-103.01,25800,2100,0.6476
14,-160.27,27900,2100,0.4354
15,313.94,30000,2100,0.443
1,287.39,1500,1500,3.6713
2,855.05,3300,1800,4.0161
3,825.04,5100,1800,1.6503
4,-195.58,6900,1800,0.9491
5,-193.98,8700,1800,0.6779
6,-114.37,10500,1800,0.5008
7,-99.29,12300,1800,0.6551
8,-83.48,14100,1800,0.4322
9,168.48,15900,1800,0.4162
10,260.48,17700,1800,0.4207
11,305.62,19500,1800,0.4193
12,-83.41,21300,1800,0.4238
13,-118.0,23100,1800,0.4238
14,-143.25,24900,1800,0.4229
15,-107.04,26700,1800,0.4138
16,71.21,28500,1800,0.4145
17,138.05,30300,1800,0.4202
18,488.44,32100,1800,0.4208
19,65.46,33900,1800,0.4196
20,-118.25,35700,1800,0.4119
21,136.81,37500,1800,0.4179
22,8.8,39300,1800,0.4179
23,38.6,41100,1800,0.4202
24,148.5,42900,1800,0.4167
25,-127.11,44700,1800,0.4208
26,-129.47,46500,1800,0.4317
27,-154.35,48300,1800,0.4134
28,92.19,50100,1800,0.4195
29,337.66,51900,1800,0.4161
30,141.71,53700,1800,0.4228
31,626.99,55500,1800,0.4157
32,349.7,57300,1800,0.4253
33,295.11,59100,1800,1.0785
1,281.92,1500,1500,3.1135
2,242.62,3300,1800,3.942
3,291.25,5100,1800,4.4877
4,269.59,6900,1800,3.8068
5,289.33,8700,1800,4.1822
6,328.95,10500,1800,2.8694
7,289.81,12300,1800,1.7125
8,225.07,14100,1800,4.6395
9,291.55,15900,1800,3.1191
10,250.1,17700,1800,4.367
11,467.12,19500,1800,1.6667
12,249.09,21600,2100,3.7326
13,258.3,23700,2100,3.6993
14,822.44,25800,2100,1.0112
15,275.03,27900,2100,0.8845
16,341.18,30000,2100,0.4463
17,-97.18,32100,2100,0.4437
18,25.44,34200,2100,0.4202
19,149.02,36300,2100,0.4251
20,3.0,38400,2100,0.4223
21,-133.57,40500,2100,0.4231
22,620.79,42600,2100,0.4182
23,60.39,44700,2100,0.4248
24,65.61,46800,2100,0.426
25,31.95,48900,2100,0.4256
26,64.99,51000,2100,0.4202
27,908.4,52643,1643,0.4222
28,213.98,55043,2400,0.4289
29,260.01,57443,2400,0.4208
30,223.48,59843,2400,0.4226
31,22.7,62243,2400,0.4225
32,-248.52,64643,2400,0.4985
33,-20.63,67043,2400,0.8024
34,215.66,69443,2400,0.4201
35,98.04,71843,2400,0.4192
36,190.03,74243,2400,0.6156
37,287.89,76643,2400,0.4178
38,886.33,77928,1285,0.428
39,232.85,80328,2400,0.4193
40,133.67,82728,2400,0.4191
41,460.71,85128,2400,0.4764
42,310.0,87528,2400,0.419
43,67.56,89928,2400,0.427
44,59.82,92328,2400,0.4277
45,59.12,94728,2400,0.4268
46,157.06,97128,2400,0.4205
47,402.36,99528,2400,0.4218
48,-397.46,101928,2400,0.4232
49,195.24,104328,2400,0.4357
50,648.62,106728,2400,0.4238
51,329.22,109128,2400,0.427
52,877.8,111024,1896,0.4151
53,583.0,113424,2400,0.4245
54,918.26,115729,2305,0.4273
55,760.82,117744,2015,0.4233
56,798.27,119368,1624,0.4185
57,751.29,121178,1810,0.431
58,331.93,123578,2400,0.4215
59,701.73,124969,1391,0.4171
60,523.13,127369,2400,0.4259
61,605.43,129769,2400,0.4239
62,694.33,130883,1114,0.424
63,677.31,132495,1612,0.4207
64,302.1,134895,2400,0.4224
65,759.72,136638,1743,0.4238
66,289.3,139038,2400,0.4222
67,820.49,140786,1748,0.4181
68,287.57,143186,2400,0.4132
69,768.61,144433,1247,0.4196
70,707.23,145757,1324,0.42
71,751.89,147436,1679,0.4237
72,685.33,149067,1631,0.4155
73,661.28,150693,1626,0.4195
74,629.26,152893,2200,0.4276
75,198.19,155293,2400,0.4174
76,665.82,156696,1403,0.4172
77,698.26,157954,1258,0.4247
78,218.76,160354,2400,0.4233
79,816.03,162626,2272,0.4232
80,-441.17,165026,2400,0.4145
81,760.21,166423,1397,0.4191
82,683.15,167953,1530,0.4262
83,698.64,170353,2400,0.424
84,787.13,171723,1370,0.4205
85,744.16,173331,1608,0.4227
86,799.41,175111,1780,0.4179
87,737.64,176118,1007,0.4249
88,692.8,177335,1217,0.4202
89,747.3,179278,1943,0.4217
90,842.69,180173,895,0.4194
91,709.77,181420,1247,0.4187
92,692.17,183165,1745,0.4176
93,686.63,184492,1327,0.4154
1,262.11,1500,1500,3.6209
2,394.45,3600,2100,1.1483
3,-507.86,5700,2100,2.7372
1,660.55,753,753,5.9563
4,609.84,7755,2055,4.8974
5,-19.46,10155,2400,1.3826
2,144.6,4753,4000,1.1998
6,206.61,12555,2400,0.9826
7,204.33,14955,2400,0.9501
3,-77.46,8753,4000,0.9586
8,-593.65,17355,2400,1.9457
9,38.98,19755,2400,4.3691
10,-58.67,22155,2400,4.3167
11,-30.03,24555,2400,2.5795
12,-607.59,26955,2400,2.746
13,-71.35,29355,2400,1.7563
1,-0.48,600,600,2.7895
2,411.02,1200,600,4.4326
3,211.61,1800,600,3.3808
4,247.02,2400,600,4.2292
5,157.59,3000,600,4.7539
6,164.06,3600,600,2.8124
7,310.84,4500,900,1.2251
8,2.0,5400,900,1.7519
9,-94.97,6300,900,1.4311
10,-133.75,7200,900,0.422
11,-76.63,8100,900,0.4409
12,103.51,9000,900,0.4139
13,-136.99,9900,900,0.6529
14,-103.04,10800,900,0.4712
15,-66.96,11700,900,0.7735
16,-48.13,12600,900,0.5064
17,179.09,13500,900,0.4498
18,27.14,14400,900,0.4454
19,-78.08,15300,900,0.6786
20,94.37,16200,900,0.7103
21,87.35,17100,900,0.5625
22,104.63,18000,900,0.6296
23,-82.28,18900,900,0.8734
24,-19.71,19800,900,0.8689
25,82.68,20700,900,0.6723
26,-117.71,21600,900,0.4348
27,103.37,22500,900,0.4495
28,-102.47,23400,900,0.4451
29,298.29,24300,900,0.5899
30,67.18,25200,900,0.4607
31,19.29,26100,900,0.4243
32,217.01,27000,900,0.426
33,48.22,27900,900,0.4201
34,22.03,28800,900,0.8826
35,-233.02,29700,900,1.1584
36,-129.55,30600,900,0.5966
37,58.76,31500,900,1.1006
38,65.07,32400,900,1.4167
39,196.35,33300,900,0.4184
40,148.22,34200,900,0.41
41,-102.85,35100,900,0.4229
42,-74.13,36000,900,0.4155
43,-88.45,36900,900,0.4258
44,-25.02,37800,900,0.438
45,-73.38,38700,900,0.4117
46,62.36,39600,900,0.4147
47,-40.54,40500,900,0.4075
48,-74.15,41400,900,0.4184
49,-40.76,42300,900,0.6593
50,-38.68,43200,900,0.4765
51,-56.57,44100,900,0.7454
52,-110.2,45000,900,0.4935
53,93.98,45900,900,0.5057
54,35.2,46800,900,0.6653
55,-78.4,47700,900,0.6324
56,-172.9,48600,900,0.8792
57,-133.88,49500,900,2.3262
58,-99.15,50400,900,1.0384
59,-133.33,51300,900,0.5077
60,58.88,52200,900,0.4823
61,-128.46,53100,900,0.751
62,-183.94,54000,900,1.5555
63,173.1,54900,900,0.6219
64,-94.4,55800,900,0.4367
65,35.37,56700,900,0.7997
66,71.25,57600,900,0.6821
67,-0.16,58500,900,1.439
68,143.82,59400,900,0.463
69,-131.53,60300,900,0.4598
70,27.14,61200,900,0.4609
71,-81.21,62100,900,0.7935
72,116.22,63000,900,0.8185
73,171.19,63900,900,1.53
74,-25.98,64800,900,0.4528
75,48.91,65700,900,0.4606
76,-65.33,66600,900,0.6894
77,-166.1,67500,900,0.4564
78,-115.19,68400,900,0.4193
79,-122.44,69300,900,0.509
80,8.43,70200,900,1.2169
81,250.99,71100,900,0.4195
82,254.58,72000,900,0.4232
83,173.34,72900,900,0.4372
84,243.87,73800,900,0.415
85,-88.16,74700,900,0.6135
86,-54.23,75600,900,0.4522
87,-113.64,76500,900,0.449
88,82.0,77400,900,0.4337
89,16.67,78300,900,0.9024
90,-112.81,79200,900,0.4206
91,196.4,80100,900,0.4253
92,-109.4,81300,1200,0.442
93,-129.69,82500,1200,0.9859
94,9.59,83700,1200,0.4477
95,16.1,84900,1200,0.4246
96,4.07,86100,1200,0.478
97,-29.74,87300,1200,0.7905
98,68.42,88500,1200,0.6893
99,4.52,89700,1200,0.8676
100,150.16,90900,1200,0.4256
101,-166.45,92100,1200,0.4384
102,359.9,93300,1200,0.4439
103,-289.09,94500,1200,0.6261
104,134.2,95700,1200,0.6691
105,-147.7,96900,1200,1.2499
106,36.87,98100,1200,0.8215
107,29.05,99300,1200,0.9931
108,-111.75,100500,1200,0.528
109,-197.26,101700,1200,1.0553
110,42.28,102900,1200,0.5278
111,-85.64,104100,1200,0.685
112,-16.4,105300,1200,0.9506
113,-10.62,106500,1200,0.7984
114,86.23,107700,1200,0.7375
115,-230.4,108900,1200,0.7407
116,121.97,110100,1200,0.7524
117,-19.89,111300,1200,0.6497
118,-48.92,112500,1200,0.6559
119,-6.63,113700,1200,0.4852
120,-113.33,114900,1200,0.6778
121,128.24,116100,1200,0.4574
122,199.31,117300,1200,0.4292
123,41.43,118500,1200,0.4121
124,-116.62,119700,1200,0.4086
125,-47.58,120900,1200,0.4109
126,34.3,122100,1200,0.4097
127,59.41,123300,1200,0.4302
128,-63.09,124500,1200,0.4146
129,-61.88,125700,1200,0.419
130,82.59,126900,1200,0.4099
131,-141.28,128100,1200,0.4118
132,319.87,129300,1200,0.4217
133,58.75,130500,1200,0.4106
134,234.64,131700,1200,0.4113
135,165.09,132900,1200,0.4168
136,89.2,134100,1200,0.4128
137,136.39,135300,1200,0.4148
138,88.32,136500,1200,0.4281
139,-78.58,137700,1200,0.4128
140,104.78,138900,1200,0.413
141,-9.93,140100,1200,0.4132
142,28.77,141300,1200,0.4094
143,50.91,142500,1200,0.4156
144,-151.09,143700,1200,0.4119
145,99.4,144900,1200,0.4071
146,-95.13,146100,1200,0.4085
147,151.98,147300,1200,0.4116
148,78.87,148500,1200,0.4063
149,181.45,149700,1200,0.4167
150,-48.25,150900,1200,0.4256
151,-88.4,152100,1200,0.41
152,151.68,153300,1200,0.4235
153,-67.46,154500,1200,0.4121
154,123.18,155700,1200,0.4142
155,287.01,156900,1200,0.4157
156,84.61,158100,1200,0.4203
157,78.08,159300,1200,0.4091
158,-37.56,160500,1200,0.4084
159,-96.13,161700,1200,0.4265
160,-79.9,162900,1200,0.4169
161,196.9,164100,1200,0.4179
162,312.28,165300,1200,0.4325
163,96.0,166500,1200,0.4272
164,-34.89,167700,1200,0.4191
165,48.86,168900,1200,0.4198
166,45.67,170100,1200,0.4138
167,-101.16,171300,1200,0.4134
168,113.19,172500,1200,0.413
169,140.42,173700,1200,0.4115
170,59.69,174900,1200,0.4152
171,71.71,176100,1200,0.4106
172,59.37,177300,1200,0.4122
173,311.15,178500,1200,0.4114
174,-47.41,179700,1200,0.4144
175,64.05,180900,1200,0.4098
176,100.24,182100,1200,0.4093
177,180.76,183300,1200,0.4129
178,11.56,184500,1200,0.413
179,-107.43,185700,1200,0.4052
180,69.66,186900,1200,0.4081
181,166.57,188100,1200,0.4153
182,67.22,189300,1200,0.4072
183,39.66,190500,1200,0.4167
184,76.48,191700,1200,0.4085
185,158.76,192900,1200,0.4124
186,89.61,194100,1200,0.4196
187,23.88,195300,1200,0.4228
188,125.53,196500,1200,0.4066
189,134.88,197700,1200,0.4125
190,150.32,198900,1200,0.4213
191,-81.84,200100,1200,0.4183
192,152.9,201300,1200,0.4101
193,90.31,202500,1200,0.4081
194,247.0,203700,1200,0.4217
195,87.12,204900,1200,0.4186
196,127.34,206100,1200,0.4067
197,88.17,207300,1200,0.4228
198,26.21,208500,1200,0.4119
199,154.43,209700,1200,0.4166
200,232.84,210900,1200,0.4082
201,146.67,212100,1200,0.4176
202,262.83,213300,1200,0.4151
203,147.02,214500,1200,0.41
204,116.33,215700,1200,0.4165
205,73.13,216900,1200,0.419
206,-216.46,218100,1200,0.4101
207,44.11,219300,1200,0.417
208,-89.33,220500,1200,0.4211
209,103.4,221700,1200,0.4109
210,-92.37,222900,1200,0.4101
211,58.33,224100,1200,0.4111
212,67.13,225300,1200,0.4108
213,-72.5,226500,1200,0.4139
214,112.53,227700,1200,0.4131
215,48.79,228900,1200,0.4185
216,181.74,230100,1200,0.4118
217,39.26,231300,1200,0.4245
218,-161.54,232500,1200,0.4194
219,61.14,233700,1200,0.413
220,-123.11,234900,1200,0.4135
221,-13.96,236100,1200,0.4161
222,20.09,237300,1200,0.4112
223,99.64,238500,1200,0.4095
224,189.23,239700,1200,0.407
225,90.88,240900,1200,0.4225
226,207.77,242100,1200,0.4246
227,78.05,243300,1200,0.4111
228,-1.67,244500,1200,0.4066
229,-105.06,245700,1200,0.4127
230,-10.0,246900,1200,0.4193
231,-73.43,248100,1200,0.4234
232,61.09,249300,1200,0.4129
233,456.79,250500,1200,0.4129
234,291.55,251700,1200,0.4097
235,-165.54,252900,1200,0.4328
236,90.52,254100,1200,0.4144
237,322.97,255300,1200,0.412
238,102.34,256500,1200,0.411
239,-124.27,257700,1200,0.4065
240,319.14,258900,1200,0.4332
241,242.93,260100,1200,0.4224
242,255.96,261300,1200,0.4186
243,-171.37,262500,1200,0.4083
244,65.33,263700,1200,0.412
245,184.18,264900,1200,0.4144
246,-1.78,266100,1200,0.4181
247,-1.36,267300,1200,0.4107
248,543.34,268500,1200,0.4163
249,92.81,269700,1200,0.4128
250,62.51,270900,1200,0.4103
251,48.17,272100,1200,0.4276
252,111.67,273300,1200,0.4146
253,-73.91,274500,1200,0.4069
254,52.95,275700,1200,0.4143
255,-109.25,276900,1200,0.4147
256,-38.73,278100,1200,0.4063
257,66.3,279300,1200,0.4174
258,101.04,280500,1200,0.4142
259,58.87,281700,1200,0.4173
260,-146.46,282900,1200,0.4134
261,134.36,284100,1200,0.4216
262,222.18,285300,1200,0.4187
263,-112.82,286500,1200,0.4114
264,-133.69,287700,1200,0.4166
265,-201.34,288900,1200,0.4102
266,120.69,290100,1200,0.4148
267,90.97,291300,1200,0.4125
268,-126.32,292500,1200,0.4196
269,-110.38,293700,1200,0.4174
270,-133.27,294900,1200,0.4081
271,125.48,296100,1200,0.4152
272,118.21,297300,1200,0.4079
273,79.46,298500,1200,0.41
274,-123.3,299700,1200,0.4195
275,297.82,300900,1200,0.4146
276,-91.24,302100,1200,0.4143
277,55.69,303300,1200,0.4141
278,-101.72,304500,1200,0.4113
279,134.22,305700,1200,0.4072
280,583.02,306900,1200,0.4072
281,101.63,308100,1200,0.4104
282,-96.89,309300,1200,0.4146
283,205.27,310500,1200,0.4052
284,-39.34,311700,1200,0.4105
285,-37.46,312900,1200,0.4119
286,125.29,314100,1200,0.4336
287,187.31,315300,1200,0.4136
288,-88.83,316500,1200,0.4059
289,-29.57,317700,1200,0.4224
290,116.27,318900,1200,0.4208
291,94.25,320100,1200,0.4218
292,-52.46,321300,1200,0.4113
293,-112.83,322500,1200,0.413
294,150.98,323700,1200,0.4066
295,264.23,324900,1200,0.4148
296,15.16,326100,1200,0.4071
297,366.02,327300,1200,0.4143
298,-145.61,328500,1200,0.4234
299,138.58,329700,1200,0.4115
300,58.03,330900,1200,0.4166
301,224.56,332100,1200,0.4235
302,-237.98,333300,1200,0.4075
303,201.65,334500,1200,0.4049
304,-98.75,335700,1200,0.4191
305,-85.88,336900,1200,0.4124
306,312.91,338100,1200,0.4177
307,-97.41,339300,1200,0.4186
308,-32.87,340500,1200,0.4146
309,113.47,341700,1200,0.4131
310,281.8,342900,1200,0.4146
311,-7.78,344100,1200,0.4233
312,73.15,345300,1200,0.423
313,-27.12,346500,1200,0.4199
314,31.85,347700,1200,0.4097
315,-86.05,348900,1200,0.4103
316,9.37,350100,1200,0.4196
317,139.16,351300,1200,0.4113
318,-205.6,352500,1200,0.41
319,210.63,353700,1200,0.4084
320,215.32,354900,1200,0.4192
321,241.5,356100,1200,0.4379
322,19.71,357300,1200,0.4096
323,-86.8,358500,1200,0.4168
324,-113.32,359700,1200,0.4168
325,-74.54,360900,1200,0.4142
326,-101.18,362100,1200,0.4223
327,11.14,363300,1200,0.415
328,81.66,364500,1200,0.4132
329,217.02,365700,1200,0.4088
330,-56.64,366900,1200,0.4095
331,-76.37,368100,1200,0.4227
332,-74.55,369300,1200,0.4087
333,176.97,370500,1200,0.411
334,-129.11,371700,1200,0.4091
335,80.75,372900,1200,0.4113
336,134.51,374100,1200,0.4187
337,-131.64,375300,1200,0.4101
338,-63.98,376500,1200,0.413
339,283.5,377700,1200,0.4094
340,53.04,378900,1200,0.409
341,395.84,380100,1200,0.4091
342,15.64,381300,1200,0.4224
343,-35.35,382500,1200,0.4093
344,-6.77,383700,1200,0.4101
345,101.66,384900,1200,0.4129
346,401.34,386100,1200,0.4304
347,79.44,387300,1200,1.2919
348,62.99,388500,1200,0.9173
349,269.08,389700,1200,0.4115
350,57.49,390900,1200,0.4119
351,6.89,392100,1200,0.4139
352,-101.02,393300,1200,0.4423
353,-73.24,394500,1200,0.4245
354,-3.89,395700,1200,0.4158
355,199.71,396900,1200,0.4164
356,-28.6,398100,1200,0.4145
357,-40.82,399300,1200,0.4081
358,-31.46,400500,1200,0.4076
359,43.24,401700,1200,0.4114
360,-5.15,402900,1200,0.4078
361,-13.87,404100,1200,0.411
362,-96.99,405300,1200,0.4138
363,234.22,406500,1200,0.4129
364,90.11,407700,1200,0.4093
365,-130.77,408900,1200,0.4167
366,434.95,410100,1200,0.4127
367,65.26,411300,1200,0.4212
368,811.83,412340,1040,0.4097
369,-165.82,413840,1500,0.4194
370,75.68,415340,1500,0.4204
371,-3.79,416840,1500,0.4152
372,-91.51,418340,1500,0.4112
373,-27.42,419840,1500,0.4182
374,219.06,421340,1500,0.4085
375,-162.79,422840,1500,0.409
376,80.49,424340,1500,0.411
377,351.49,425840,1500,0.4154
378,226.75,427340,1500,0.4202
379,-91.82,428840,1500,0.4126
380,-181.31,430340,1500,0.4103
381,-10.18,431840,1500,0.4109
382,260.34,433340,1500,0.4168
383,47.88,434840,1500,0.4117
384,168.46,436340,1500,0.4101
385,58.38,437840,1500,0.4147
386,-72.16,439340,1500,0.4101
387,-128.88,440840,1500,0.4068
388,-97.31,442340,1500,0.4123
389,96.27,443840,1500,0.4174
390,132.53,445340,1500,0.4204
391,224.84,446840,1500,0.4151
392,-167.74,448340,1500,0.4133
393,-52.64,449840,1500,0.4145
394,14.59,451340,1500,0.4104
395,-111.05,452840,1500,0.4095
396,188.36,454340,1500,0.4082
397,75.67,455840,1500,0.4163
398,198.5,457340,1500,0.4108
399,-157.52,458840,1500,0.4134
400,-296.24,460340,1500,0.4214
401,101.62,461840,1500,0.41
402,125.59,463340,1500,0.4134
403,-51.07,464840,1500,0.4146
404,-58.9,466340,1500,0.4102
405,687.79,466939,599,0.4144
406,-100.39,468439,1500,0.418
407,179.25,469939,1500,0.4208
408,436.47,471439,1500,0.4065
409,-137.73,472939,1500,0.4085
410,-160.75,474439,1500,0.4054
411,-187.09,475939,1500,0.4119
412,154.32,477439,1500,0.4196
413,154.35,478939,1500,0.4089
414,87.39,480439,1500,0.4115
415,253.61,481939,1500,0.4062
416,179.73,483439,1500,0.4228
417,-83.57,484939,1500,0.4162
418,30.78,486439,1500,0.4147
419,76.43,487939,1500,0.409
420,117.29,489439,1500,0.4218
421,121.39,490939,1500,0.421
422,-67.0,492439,1500,0.4066
423,118.22,493939,1500,0.4187
424,-49.66,495439,1500,0.4137
425,195.5,496939,1500,0.4104
426,-56.52,498439,1500,0.419
427,-144.81,499939,1500,0.4117
428,282.4,501439,1500,0.4083
429,-34.73,502939,1500,0.4162
430,115.64,504439,1500,0.4101
431,248.2,505939,1500,0.4148
432,190.63,507439,1500,0.4089
433,-39.22,508939,1500,0.4062
434,83.06,510439,1500,0.4148
435,-170.38,511939,1500,0.4095
436,-98.74,513439,1500,0.4109
437,-164.41,514939,1500,0.4121
438,235.33,516439,1500,0.4106
439,-45.31,517939,1500,0.4124
440,-148.71,519439,1500,0.4182
441,-115.5,520939,1500,0.4207
442,332.21,522439,1500,0.4088
443,-10.69,523939,1500,0.4152
444,-66.84,525439,1500,0.4091
445,105.19,526939,1500,0.4131
446,20.5,528439,1500,0.4079
447,0.8,529939,1500,0.4099
448,-35.26,531439,1500,0.4122
449,237.38,532939,1500,0.4155
450,35.33,534439,1500,0.4091
451,208.42,535939,1500,0.409
452,124.81,537439,1500,0.4186
453,8.54,538939,1500,0.4125
454,-91.59,540439,1500,0.4149
455,79.91,541939,1500,0.4094
456,17.1,543439,1500,0.4134
457,606.85,544939,1500,0.4167
458,29.4,546439,1500,0.4185
459,30.07,547939,1500,0.416
460,5.53,549439,1500,0.4191
461,-31.52,550939,1500,0.4128
462,324.15,552439,1500,0.4087
463,209.97,553939,1500,0.4099
464,299.49,555439,1500,0.4271
465,-78.68,556939,1500,0.4156
466,52.68,558439,1500,0.4079
467,208.56,559939,1500,0.4093
468,39.1,561439,1500,0.4089
469,233.82,562939,1500,0.4108
470,359.72,564439,1500,0.4067
471,239.58,565939,1500,0.4126
472,-61.95,567439,1500,0.4191
473,115.9,568939,1500,0.4064
474,-46.89,570439,1500,0.4088
475,187.64,571939,1500,0.4115
476,-120.45,573439,1500,0.4072
477,162.19,574939,1500,0.4142
478,99.9,576439,1500,0.4112
479,-189.99,577939,1500,0.4065
480,-95.06,579439,1500,0.4144
481,-151.91,580939,1500,0.4105
482,-93.42,582439,1500,0.4097
483,-57.22,583939,1500,0.4047
484,-87.59,585439,1500,0.4142
485,131.78,586939,1500,0.4085
486,-61.89,588439,1500,0.4097
487,39.88,589939,1500,0.4168
488,51.53,591439,1500,0.4058
489,128.83,592939,1500,0.4216
490,114.79,594439,1500,0.4069
491,395.22,595939,1500,0.4158
492,66.18,597439,1500,0.4163
493,490.08,598939,1500,0.4149
494,376.12,600439,1500,0.4274
495,-134.54,601939,1500,0.4133
496,102.79,603439,1500,0.4098
497,282.55,604939,1500,0.4103
498,21.15,606439,1500,0.4088
499,64.72,607939,1500,0.4086
500,65.33,609439,1500,0.4121
501,-8.8,610939,1500,0.4135
502,540.48,612439,1500,0.415
503,84.07,613939,1500,0.4125
504,119.46,615439,1500,0.4186
505,-75.3,616939,1500,0.4101
506,-89.68,618439,1500,0.4098
507,78.52,619939,1500,0.4158
508,32.27,621439,1500,0.4166
509,-38.62,622939,1500,0.4207
510,15.76,624439,1500,0.4192
511,113.2,625939,1500,0.4131
512,143.84,627439,1500,0.4188
513,294.67,628939,1500,0.4114
514,225.26,630439,1500,0.4169
515,1010.4,631611,1172,0.4163
516,71.6,633111,1500,0.4098
517,5.52,634611,1500,0.4092
518,-56.18,636111,1500,0.4205
519,49.0,637611,1500,0.4197
520,283.68,639111,1500,0.4114
521,-6.13,640611,1500,0.4087
522,47.61,642111,1500,0.4109
523,-46.71,643611,1500,0.4124
524,-42.18,645111,1500,0.4266
525,113.24,646611,1500,0.4098
526,243.74,648111,1500,0.407
527,123.91,649611,1500,0.4117
528,157.44,651111,1500,0.4188
529,168.73,652611,1500,0.4096
530,237.87,654111,1500,0.4148
531,14.49,655611,1500,0.4167
532,209.01,657111,1500,0.4091
533,-32.36,658611,1500,0.413
534,455.8,660111,1500,0.4219
535,-186.21,661611,1500,0.4103
536,124.64,663111,1500,0.4154
537,52.27,664611,1500,0.4087
538,179.1,666111,1500,0.409
539,-19.54,667611,1500,0.4072
540,0.99,669111,1500,0.4269
541,136.84,670611,1500,0.4135
542,416.16,672111,1500,0.4198
543,235.62,673611,1500,0.4093
544,291.55,675111,1500,0.4211
545,146.49,676611,1500,0.4203
546,109.01,678111,1500,0.4115
547,37.7,679611,1500,0.4071
548,157.22,681111,1500,0.4084
549,403.37,682611,1500,0.4145
550,97.62,684111,1500,0.4165
551,-296.71,685611,1500,0.4259
552,510.99,687111,1500,0.4088
553,299.93,688611,1500,0.4102
554,343.64,690111,1500,0.4109
555,-87.66,691611,1500,0.4075
556,-65.7,693111,1500,0.4115
557,-43.97,694611,1500,0.4208
558,-90.54,696111,1500,0.4155
559,-31.34,697611,1500,0.4096
560,170.91,699111,1500,0.4169
561,183.32,700611,1500,0.423
562,63.55,702111,1500,0.414
563,29.01,703611,1500,0.411
564,420.87,705111,1500,0.4135
565,-104.64,706611,1500,0.4081
566,17.16,708111,1500,0.4095
567,-41.53,709611,1500,0.4164
568,-2.91,711111,1500,0.4156
569,774.52,712611,1500,0.4106
570,80.09,714111,1500,0.4089
571,262.06,715611,1500,0.4085
572,221.38,717111,1500,0.4265
573,251.33,718611,1500,0.4118
574,664.04,719888,1277,0.4157
575,38.35,721388,1500,0.4102
576,-151.43,722888,1500,0.4155
577,63.03,724388,1500,0.4087
578,115.3,725888,1500,0.4156
579,279.49,727388,1500,0.4168
580,258.94,728888,1500,0.4157
581,446.87,730388,1500,0.4098
582,168.22,731888,1500,0.4181
583,-71.01,733388,1500,0.4133
584,160.1,734888,1500,0.4141
585,71.92,736388,1500,0.4244
586,77.82,737888,1500,0.4129
587,-14.01,739388,1500,0.4184
588,114.48,740888,1500,0.4103
589,19.75,742388,1500,0.4156
590,125.16,743888,1500,0.4112
591,191.7,745388,1500,0.4137
592,305.56,746888,1500,0.4165
593,545.88,748388,1500,0.4121
594,73.04,749888,1500,0.4061
595,65.28,751388,1500,0.4113
596,195.39,752888,1500,0.4144
597,134.9,754388,1500,0.4146
598,51.87,755888,1500,0.4091
599,395.66,757388,1500,0.4195
600,218.07,758888,1500,0.4193
1,120.51,1000,1000,3.4118
2,298.84,2500,1500,4.432
3,340.38,4000,1500,2.4873
4,-171.26,5500,1500,1.6802
5,-128.62,7000,1500,1.4926
6,758.38,7801,801,0.9487
7,-188.32,10301,2500,1.4106
8,-135.67,12801,2500,1.2022
9,-220.48,15301,2500,0.413
10,108.7,17801,2500,0.4218
11,-504.45,20301,2500,0.4186
12,-661.62,22801,2500,0.4144
13,-19.45,25301,2500,0.4206
14,-174.57,27801,2500,0.4103
15,73.32,30301,2500,0.4161
16,69.89,32801,2500,0.4092
17,-280.96,35301,2500,0.422
18,679.33,37484,2183,0.4161
19,413.33,39984,2500,0.4124
20,-214.01,42484,2500,0.4119
21,-26.66,44984,2500,0.4173
22,-377.59,47484,2500,0.4129
23,-136.57,49984,2500,0.4119
24,-85.58,52484,2500,0.4179
25,-279.24,54984,2500,0.418
26,-265.53,57484,2500,0.4231
27,65.75,59984,2500,0.4144
28,4.04,62484,2500,0.4108
29,-375.05,64984,2500,0.4175
30,-407.51,67484,2500,0.4163
31,-174.82,69984,2500,0.4143
32,-191.19,72484,2500,0.4149
33,-20.94,74984,2500,0.4243
34,-16.1,77484,2500,0.4235
35,-401.27,79984,2500,0.4131
36,-154.62,82484,2500,0.4161
37,-106.02,84984,2500,0.4175
38,-4.89,87484,2500,0.4135
39,-198.22,89984,2500,0.421
40,-121.57,92484,2500,0.418
41,-292.43,94984,2500,0.4112
42,175.67,97484,2500,0.4186
43,-163.33,99984,2500,0.4152
44,-26.1,102484,2500,0.4099
45,-149.4,104984,2500,0.4121
46,-199.66,107484,2500,0.4483
47,-215.66,109984,2500,0.4221
48,-523.42,112484,2500,0.427
49,-250.62,114984,2500,0.43
50,-106.76,117484,2500,0.4132
51,-355.5,119984,2500,0.4821
52,-257.87,122484,2500,1.6659
53,-385.26,124984,2500,1.727
54,8.75,127484,2500,0.4248
55,-612.08,129984,2500,0.4203
56,-522.53,132484,2500,0.4195
57,-311.9,134984,2500,0.4186
58,-93.16,137484,2500,0.4242
59,-200.55,139984,2500,0.4244
60,-166.21,142484,2500,0.4194
61,-246.03,144984,2500,0.4336
62,50.32,147484,2500,0.4327
63,-251.84,149984,2500,0.4238
64,-301.05,152484,2500,0.4404
65,-421.97,154984,2500,0.4198
66,-117.48,157484,2500,0.4313
67,-1.29,159984,2500,0.4226
68,-236.72,162484,2500,0.4276
69,4.3,164984,2500,0.4279
70,-119.16,167484,2500,0.4223
71,-65.73,169984,2500,0.4283
72,-191.05,172484,2500,0.4244
73,28.65,174984,2500,0.4309
74,-163.02,177484,2500,0.4207
75,-205.93,179984,2500,0.4152
76,-101.78,182484,2500,0.4281
77,-123.82,184984,2500,0.4278
78,423.51,187484,2500,0.4187
79,-159.6,189984,2500,0.4253
80,-229.09,192484,2500,0.4279
81,96.95,194984,2500,0.4198
82,105.03,197484,2500,0.4223
83,-34.16,199984,2500,0.424
84,165.1,202484,2500,0.4297
85,-114.93,204984,2500,0.4235
86,-162.43,207484,2500,0.4173
87,-293.98,209984,2500,0.4256
88,-109.51,212484,2500,0.4208
89,226.28,214984,2500,0.4317
90,34.33,217484,2500,0.4217
91,-209.15,219984,2500,0.4361
92,754.97,221474,1490,0.4298
93,-171.95,223974,2500,0.4326
94,-274.75,226474,2500,0.4178
95,230.07,228974,2500,0.423
96,-130.84,231474,2500,0.4133
97,-621.01,233974,2500,0.4192
98,-143.45,236474,2500,0.4289
99,84.71,238974,2500,0.4276
100,-125.13,241474,2500,0.4295
101,-123.53,243974,2500,0.4175
102,-271.81,246474,2500,0.433
103,-231.16,248974,2500,0.4206
104,-253.16,251474,2500,0.4236
105,25.35,253974,2500,0.4289
106,-132.72,256474,2500,0.4235
107,82.48,258974,2500,0.4212
108,-103.32,261474,2500,0.4189
109,-57.17,263974,2500,0.4288
110,-153.64,266474,2500,0.4184
111,-95.55,268974,2500,0.4263
112,43.9,271474,2500,0.4198
113,-280.46,273974,2500,0.4198
114,-238.1,276474,2500,0.4244
115,-103.71,278974,2500,0.4275
116,-74.32,281474,2500,0.4704
117,-628.17,283974,2500,0.6375
118,-170.56,286474,2500,0.4118
119,-72.06,288974,2500,0.4212
120,195.11,291474,2500,0.4256
121,112.12,293974,2500,0.4105
122,93.41,296474,2500,0.4202
123,170.29,298974,2500,0.4166
124,250.03,301474,2500,0.4155
125,-423.26,303974,2500,0.4208
126,-220.76,306474,2500,0.4142
127,-69.34,308974,2500,0.411
128,-101.61,311474,2500,0.424
129,-200.58,313974,2500,0.4154
130,-455.28,316474,2500,0.4067
131,-241.18,318974,2500,0.4205
132,287.08,321474,2500,0.4112
133,328.2,323974,2500,0.415
134,66.45,326474,2500,0.4171
135,157.26,328974,2500,0.4144
136,-395.2,331474,2500,0.4148
137,-78.6,333974,2500,0.4166
138,-29.52,336474,2500,0.4133
139,332.42,338974,2500,0.4218
140,-169.42,341474,2500,0.4194
141,107.2,343974,2500,0.4143
142,-81.65,346474,2500,0.415
143,-628.31,348974,2500,0.4073
144,-224.67,351474,2500,0.4237
145,3.56,353974,2500,0.4136
146,-192.8,356474,2500,0.4181
147,-27.5,358974,2500,0.4173
148,-113.83,361474,2500,0.4164
149,363.53,363974,2500,0.4099
150,-221.17,366474,2500,0.4228
151,44.95,368974,2500,0.418
152,-223.97,371474,2500,0.4346
153,-7.28,373974,2500,0.4173
154,176.61,376474,2500,0.4163
155,-70.06,378974,2500,0.416
156,-407.98,381474,2500,0.4114
157,102.88,383974,2500,0.4136
158,37.58,386474,2500,0.4163
159,-88.64,388974,2500,0.4226
160,-366.99,391474,2500,0.4113
161,235.08,393974,2500,0.7669
162,-617.47,396474,2500,0.4193
163,-39.93,398974,2500,0.417
164,-560.55,401474,2500,0.4123
165,629.49,402352,878,0.4166
166,-65.62,404852,2500,0.4108
167,-44.53,407352,2500,0.4068
168,-187.91,409852,2500,0.4194
169,-163.74,412352,2500,0.4174
170,25.3,414852,2500,0.4128
171,113.33,417352,2500,0.4124
172,-131.88,419852,2500,0.4163
173,-13.17,422352,2500,0.4186
174,2.43,424852,2500,0.4208
175,-23.15,427352,2500,0.4157
176,122.45,429852,2500,0.4217
177,-108.2,432352,2500,0.4122
178,1389.08,434852,2500,0.4191
179,413.21,437137,2285,0.4109
180,61.39,439637,2500,0.41
181,-82.44,442137,2500,0.4214
182,-260.69,444637,2500,0.4207
183,1010.85,446937,2300,0.4116
184,-252.11,449437,2500,0.4083
185,8.17,451937,2500,0.4162
186,-3.46,454437,2500,0.4111
187,-119.52,456937,2500,0.4088
188,-476.91,459437,2500,0.4084
189,-104.89,461937,2500,0.4144
190,-122.37,464437,2500,0.4144
191,-17.7,466937,2500,0.4163
192,-275.21,469437,2500,0.4125
193,25.73,471937,2500,0.4145
194,231.17,474437,2500,0.4136
195,-435.72,476937,2500,0.4122
196,-33.86,479437,2500,0.4154
197,56.15,481937,2500,0.4121
198,-91.67,484437,2500,0.4161
199,159.0,486937,2500,0.4107
200,-301.11,489437,2500,0.4081
201,48.38,491937,2500,0.41
202,-178.2,494437,2500,0.4154
203,-352.76,496937,2500,0.4171
204,389.88,499437,2500,0.4127
205,-96.4,501937,2500,0.4109
206,-18.57,504437,2500,0.4072
207,-61.23,506937,2500,0.4132
208,766.05,509192,2255,0.4164
209,-139.42,511692,2500,0.41
210,-211.18,514192,2500,0.4103
211,82.48,516692,2500,0.4157
212,-542.03,519192,2500,0.4124
213,-148.93,521692,2500,0.4181
214,-50.27,524192,2500,0.4174
215,629.22,525913,1721,0.4151
216,181.85,528413,2500,0.4219
217,452.73,530913,2500,0.4117
218,863.49,532277,1364,0.4141
219,-555.9,534777,2500,0.4121
220,-130.46,537277,2500,0.4111
221,-142.07,539777,2500,0.4228
222,-113.78,542277,2500,0.4138
223,77.4,544777,2500,0.4157
224,-637.26,547277,2500,0.4081
225,-336.12,549777,2500,0.4173
226,-489.84,552277,2500,0.4149
227,45.38,554777,2500,0.4127
228,45.44,557277,2500,0.4174
229,-166.01,559777,2500,0.4123
230,57.36,562277,2500,0.4119
231,39.25,564777,2500,0.4124
232,-425.21,567277,2500,0.4152
233,-329.78,569777,2500,0.4143
234,-170.31,572277,2500,0.4083
235,-44.3,574777,2500,0.4086
236,-470.95,577277,2500,0.4109
237,-323.47,579777,2500,0.417
238,-269.2,582277,2500,0.4145
239,280.01,584777,2500,0.4191
240,-513.24,587277,2500,0.4115
241,-86.31,589777,2500,0.4169
242,30.31,592277,2500,0.4117
243,-134.89,594777,2500,0.4157
244,249.84,597277,2500,0.418
245,16.45,599777,2500,0.4175
246,-10.04,602277,2500,0.4159
247,-132.13,604777,2500,0.4132
248,-321.48,607277,2500,0.4162
249,54.08,609777,2500,0.4165
250,-641.78,612277,2500,0.4132
251,-348.34,614777,2500,0.4139
252,-105.31,617277,2500,0.4117
253,-105.94,619777,2500,0.414
254,-79.84,622277,2500,0.4139
255,-2.04,624777,2500,0.4104
256,-175.69,627277,2500,0.4135
257,-372.78,629777,2500,0.4232
258,-259.01,632277,2500,0.417
259,-419.87,634777,2500,0.4147
260,-203.5,637277,2500,0.4131
261,76.66,639777,2500,0.4105
262,-465.94,642277,2500,0.4068
263,144.78,644777,2500,0.4153
264,-108.34,647277,2500,0.4098
265,-199.37,649777,2500,0.4166
266,-291.04,652277,2500,0.4149
267,-481.08,654777,2500,0.4088
268,8.03,657277,2500,0.4124
269,-27.86,659777,2500,0.4091
270,77.82,662277,2500,0.4139
271,264.54,664777,2500,0.4077
272,-202.34,667277,2500,0.4103
273,-397.76,669777,2500,0.4133
274,-589.33,672277,2500,0.4106
275,-323.9,674777,2500,0.417
276,183.03,677277,2500,0.413
277,-321.83,679777,2500,0.4115
278,371.83,682277,2500,0.4245
279,126.19,684777,2500,0.4172
280,-320.68,687277,2500,0.4228
281,216.38,689777,2500,0.4079
282,159.0,692277,2500,0.4225
283,-86.92,694777,2500,0.4188
284,-119.82,697277,2500,0.4094
285,352.81,699777,2500,0.4196
286,-649.44,702277,2500,0.4182
287,17.87,704777,2500,0.421
288,-179.22,707277,2500,0.4121
289,88.86,709777,2500,0.4191
290,157.2,712277,2500,0.419
291,-127.84,714777,2500,0.4106
292,330.91,717277,2500,0.4242
293,-214.8,719777,2500,0.4124
294,351.83,722277,2500,0.4148
295,-594.76,724777,2500,0.4152
296,25.33,727277,2500,0.42
297,310.37,729777,2500,0.4174
298,-603.77,732277,2500,0.4171
299,-354.22,734777,2500,0.4164
300,-434.62,737277,2500,0.41
301,-193.93,739777,2500,0.4157
302,-266.53,742277,2500,0.4181
303,-173.33,744777,2500,0.4151
304,188.54,747277,2500,0.4099
305,-8.78,749777,2500,0.4088
306,115.02,752277,2500,0.4156
307,-216.59,754777,2500,0.4174
308,25.44,757277,2500,0.4275
309,-403.52,759777,2500,0.4166
310,-521.79,762277,2500,0.4267
311,97.9,764777,2500,0.4103
312,22.75,767277,2500,0.4141
313,-474.18,769777,2500,0.42
314,478.31,772277,2500,0.4769
315,-64.19,774777,2500,0.4248
316,97.09,777277,2500,0.8331
317,521.52,779777,2500,0.4231
318,148.56,782277,2500,0.4205
319,-127.0,784777,2500,0.4246
320,178.78,787277,2500,0.4218
321,-192.25,789777,2500,0.4248
322,19.12,792277,2500,0.4167
323,192.05,794777,2500,0.426
324,-103.71,797277,2500,0.4193
325,23.44,799777,2500,0.4226
326,58.57,802277,2500,0.4195
327,638.61,803500,1223,0.411
328,-452.46,806000,2500,0.4249
329,53.89,808500,2500,0.4261
330,378.84,811000,2500,0.4254
331,-3.33,813500,2500,0.4324
332,-233.35,816000,2500,0.4297
333,33.22,818500,2500,0.4182
334,671.46,820726,2226,0.4313
335,104.25,823226,2500,2.6113
336,986.43,825726,2500,1.689
337,-151.82,828226,2500,1.452
338,-171.5,830726,2500,1.0629
339,90.05,833226,2500,0.9693
340,-161.71,835726,2500,0.8561
341,-134.79,838226,2500,1.3335
342,-96.68,840726,2500,1.0149
343,-170.18,843226,2500,0.4228
344,-472.65,845726,2500,0.419
345,88.74,848226,2500,0.4234
346,-116.11,850726,2500,0.4287
347,0.3,853226,2500,0.4169
348,315.62,855726,2500,0.4194
349,121.2,858226,2500,0.4186
350,3.9,860726,2500,0.419
351,13.7,863226,2500,0.4244
352,47.35,865726,2500,0.4175
353,-97.31,868226,2500,0.4177
354,-26.91,870726,2500,0.4183
355,633.91,872501,1775,0.4237
356,-63.61,875001,2500,0.4194
357,407.7,877501,2500,0.4201
358,545.75,879126,1625,0.4226
359,366.26,881626,2500,0.4322
360,201.78,884126,2500,0.412
361,-319.68,886626,2500,0.4202
362,335.4,889126,2500,0.4149
363,-418.19,891626,2500,0.4144
364,-25.91,894126,2500,0.453
365,-2.82,896626,2500,0.4218
366,742.77,899126,2500,0.4155
367,-31.3,901626,2500,0.4275
368,261.16,904126,2500,0.4406
369,-437.45,906626,2500,0.9966
370,-181.12,909126,2500,1.2444
371,-206.88,911626,2500,0.4774
372,-77.75,914126,2500,0.5377
373,-127.43,916626,2500,1.1512
374,-211.21,919126,2500,1.2544
375,190.62,921626,2500,0.4279
376,-86.03,924126,2500,0.42
377,-7.15,926626,2500,0.4461
378,-202.14,929126,2500,1.2976
379,-415.37,931626,2500,0.861
380,-99.5,934126,2500,1.057
381,-287.51,936626,2500,0.6704
382,-157.76,939126,2500,0.9722
383,-71.67,941626,2500,0.8884
384,64.07,944126,2500,0.4523
385,57.01,946626,2500,0.4606
386,-20.15,949126,2500,0.9907
387,632.42,951268,2142,0.9439
388,26.87,953768,2500,0.9835
389,35.74,956268,2500,0.5281
390,57.95,958768,2500,0.5014
391,222.95,961268,2500,0.533
392,-590.53,963768,2500,1.1765
393,-78.22,966268,2500,0.5313
394,186.51,968768,2500,0.5198
395,-46.45,971268,2500,1.1921
396,239.84,973768,2500,0.4772
397,24.59,976268,2500,0.6691
398,-660.67,978768,2500,1.5011
399,-40.96,981268,2500,0.5725
400,-614.29,983768,2500,0.5162
401,-387.75,986268,2500,0.7984
402,345.73,988768,2500,0.4631
403,-104.72,991268,2500,0.5453
404,-137.51,993768,2500,0.5118
405,-116.71,996268,2500,0.7434
406,-259.72,998768,2500,0.5986
407,-547.73,1001268,2500,0.4763
408,-82.95,1003768,2500,0.7302
409,-272.37,1006268,2500,0.7588
410,-350.29,1008768,2500,5.2226
411,-473.79,1011268,2500,8.2952
